cup,stato_bdap
B51J20000110002,Attivo
C51B20000970006,Attivo
C66J20000210001,Attivo
C97D20000080001,Attivo
F21H91000000008,Attivo
F41H91000000008,Attivo
F81H91000000008,Attivo
F81H91000000018,Chiuso
F81H91000010008,Attivo
F81H92000000008,Attivo
F91H91000000008,Attivo
G43D22000690005,Attivo
J11B21008720008,Attivo
J11C09000000009,Attivo
J11C91000000008,Attivo
J11G22000000009,Attivo
J11G22000080001,Attivo
J11G24000000001,Attivo
J11H01000260001,Attivo
J11H02000040008,Attivo
J11H02000050001,Attivo
J11H02000060001,Attivo
J11H02000070008,Attivo
J11H02000080001,Chiuso
J11H02000090001,Attivo
J11H02000120001,Chiuso
J11H02000130001,Attivo
J11H03000030008,Attivo
J11H03000050001,Chiuso
J11H03000060101,Attivo
J11H03000090001,Attivo
J11H03000100001,Attivo
J11H03000130001,Attivo
J11H03000140008,Attivo
J11H03000150001,Attivo
J11H03000160001,Chiuso
J11H03000180001,Attivo
J11H04000110001,Attivo
J11H92000000008,Attivo
J11H92000010001,Attivo
J11H92000020008,Attivo
J11H92000030008,Attivo
J11H96000000001,Chiuso
J11H96000020001,Attivo
J11H98000000001,Chiuso
J11H99000000001,Attivo
J11J04000010001,Attivo
J11J04000020001,Chiuso
J11J04000050001,Attivo
J11J04000070001,Attivo
J11J04000070011,Chiuso
J11J04000070111,Attivo
J11J04000070201,Attivo
J11J05000020001,Chiuso
J11J05000060001,Attivo
J11J20000100008,Attivo
J12J19000180001,Attivo
J14B13000240001,Attivo
J14C20001960001,Attivo
J14D20000010001,Attivo
J14E21001750001,Attivo
J14E21003970001,Attivo
J14E22000000001,Attivo
J14E22000020001,Attivo
J14F05000030001,Attivo
J14F05000040001,Attivo
J14F05000050001,Attivo
J14F18000000001,Attivo
J14F18000010009,Attivo
J14F18000020001,Attivo
J14G18000190001,Attivo
J14G18000260001,Attivo
J14H12000030001,Attivo
J14H15000600002,Attivo
J14H15000750001,Attivo
J14H16000530009,Attivo
J14H17000110001,Attivo
J14H17000180001,Attivo
J14H17000600001,Attivo
J14H17000890001,Attivo
J14H20000440001,Attivo
J14H20000970001,Attivo
J14H20001440009,Attivo
J14J22000080001,Attivo
J14J22000350001,Attivo
J14J23001040001,Attivo
J14J23001050001,Attivo
J14J24000010001,Attivo
J16E20000000001,Attivo
J16G21003640001,Attivo
J16I18000020001,Attivo
J16J16001210001,Attivo
J17B14000110005,Attivo
J17B14000210001,Attivo
J17B14000330001,Attivo
J17B14000340001,Attivo
J17B14000350001,Attivo
J17B14000360001,Attivo
J17B14000370001,Attivo
J17B16000010001,Attivo
J17B16000020001,Attivo
J17B16000030001,Attivo
J17B16000040001,Attivo
J17B16000050001,Attivo
J17B16000060001,Attivo
J17B16000070001,Attivo
J17B17000020001,Attivo
J17B17000030001,Attivo
J17B17000040001,Attivo
J17B17000050001,Attivo
J17B17000060001,Attivo
J17B17000070001,Attivo
J17B20000450001,Attivo
J17B20000630001,Attivo
J17B20000640001,Attivo
J17B20001110001,Attivo
J17B20001120001,Attivo
J17D17000000001,Attivo
J17D17000010001,Attivo
J17D17000020001,Attivo
J17D17000030001,Attivo
J17D17000040001,Attivo
J17D18000000001,Attivo
J17D22000000001,Attivo
J17D22000070001,Attivo
J17D22000080001,Attivo
J17D22000100001,Attivo
J17D22000110001,Attivo
J17D22000120001,Attivo
J17D22000130001,Attivo
J17D22000140001,Attivo
J17D22000150001,Attivo
J17D22000160001,Attivo
J17D22000170001,Attivo
J17D22000190001,Attivo
J17D23000010001,Attivo
J17D23000060001,Attivo
J17D23000070001,Attivo
J17D23000080001,Attivo
J17D23000090001,Attivo
J17D23000100001,Attivo
J17D23000110001,Attivo
J17D23000120001,Attivo
J17D23000130001,Attivo
J17D25000000001,Attivo
J17D25000100001,Attivo
J17D25000110001,Attivo
J17D25000120001,Attivo
J17D25000130001,Attivo
J17E00000010021,Attivo
J17E00000010041,Attivo
J17E00000010071,Attivo
J17E00000010091,Attivo
J17E00000010101,Attivo
J17E00000010121,Chiuso
J17E00000010131,Attivo
J17E00000010151,Attivo
J17E00000010161,Attivo
J17E13000210001,Attivo
J17E13000220001,Attivo
J17E91000000001,Attivo
J17E91000000011,Attivo
J17E91000000021,Attivo
J17E91000000031,Attivo
J17E91000000041,Chiuso
J17E91000000051,Attivo
J17E91000000061,Attivo
J17E91000000071,Chiuso
J17E91000000081,Attivo
J17E91000000091,Attivo
J17E91000000101,Attivo
J17E91000000151,Attivo
J17E91000000191,Attivo
J17E91000000211,Attivo
J17E91000000221,Attivo
J17E91000000231,Chiuso
J17E91000000281,Attivo
J17E99000010011,Attivo
J17E99000010027,Attivo
J17E99000010032,Attivo
J17E99000010041,Attivo
J17E99000010057,Attivo
J17E99000010061,Attivo
J17E99000010071,Attivo
J17E99000010081,Attivo
J17E99000010091,Attivo
J17E99000010101,Attivo
J17E99000010111,Attivo
J17E99000010131,Chiuso
J17E99000010151,Attivo
J17E99000010161,Chiuso
J17E99000010181,Attivo
J17E99000010191,Attivo
J17E99000010221,Attivo
J17E99000020007,Attivo
J17E99000020017,Attivo
J17E99000020021,Attivo
J17E99000020041,Attivo
J17E99000020051,Attivo
J17E99000020061,Chiuso
J17E99000020071,Attivo
J17E99000020091,Attivo
J17E99000020171,Chiuso
J17E99000020181,Attivo
J17E99000020191,Attivo
J17E99000020221,Attivo
J17E99000020331,Attivo
J17E99000020381,Attivo
J17F14000000001,Attivo
J17F14000010001,Attivo
J17F14000020001,Attivo
J17F14000030001,Attivo
J17F19000080001,Attivo
J17F19000130001,Attivo
J17F19000180001,Attivo
J17F19000260001,Attivo
J17F19000270001,Attivo
J17F19000280001,Attivo
J17F19000310001,Attivo
J17F20000000001,Attivo
J17F20000030001,Attivo
J17F20000040001,Attivo
J17G20000010001,Attivo
J17H21000420001,Attivo
J17H21000430001,Attivo
J17H21002490001,Attivo
J17H21006070001,Attivo
J17H22000060001,Attivo
J17H22000070001,Attivo
J17H22000080001,Attivo
J17I07000000001,Attivo
J17I08000010001,Attivo
J17I10000040001,Attivo
J17I10002780001,Attivo
J17I10002790001,Attivo
J17I11000450001,Attivo
J17I12000330001,Attivo
J17I12000340001,Attivo
J17I12000360001,Attivo
J17I12000380001,Attivo
J17I13000000001,Attivo
J17I13000010001,Attivo
J17I13000020001,Attivo
J17I13000030001,Attivo
J17I13000040001,Attivo
J17I13000050001,Attivo
J17I17000050001,Attivo
J17I18000060001,Attivo
J17J18000290001,Attivo
J17J18000300001,Attivo
J17J18000310001,Attivo
J17J18000320001,Attivo
J17J18000330001,Attivo
J17J18000360001,Attivo
J17J18000630001,Attivo
J17J19000000001,Attivo
J17J19000010001,Attivo
J19B12000040001,Attivo
J19G01000000001,Attivo
J19G01000010001,Attivo
J19G02000010001,Attivo
J20B18000000001,Attivo
J21C08000000009,Attivo
J21C91000000008,Attivo
J21G22000050001,Attivo
J21G24000010002,Attivo
J21G24000050001,Attivo
J21H01000090001,Attivo
J21H02000040001,Attivo
J21H03000120001,Attivo
J21H03000140001,Attivo
J21H03000140011,Attivo
J21H03000140021,Attivo
J21H03000140041,Attivo
J21H04000220001,Attivo
J21H92000000001,Attivo
J21H98000000001,Chiuso
J21H98000010001,Attivo
J21J05000000001,Attivo
J22C21002500008,Attivo
J22J19000060001,Attivo
J24C20000000009,Attivo
J24C20002580001,Attivo
J24D20000010001,Attivo
J24E21001480001,Attivo
J24E21001490001,Attivo
J24E22000170001,Attivo
J24F05000010001,Attivo
J24G18000030001,Attivo
J24G19000000001,Attivo
J24H14000740001,Attivo
J24H16000310001,Attivo
J24H16000490001,Attivo
J24H17000530001,Attivo
J24H17000570001,Attivo
J24J17000020001,Attivo
J24J23000040008,Attivo
J24J24000110001,Attivo
J26G21004560001,Attivo
J26H10000220005,Attivo
J26I18000030001,Attivo
J26I18000040001,Attivo
J27B14000100005,Attivo
J27B14000190001,Attivo
J27B14000290001,Attivo
J27B14000300001,Attivo
J27B14000310001,Attivo
J27B14000320001,Attivo
J27B14000330001,Attivo
J27B14000340001,Attivo
J27B16000040001,Attivo
J27B16000050001,Attivo
J27B16000060001,Attivo
J27B16000070001,Attivo
J27B16000100001,Attivo
J27B16000180001,Attivo
J27B16000190001,Attivo
J27B16000200001,Attivo
J27B16000280001,Attivo
J27B17000000001,Attivo
J27B17000010001,Attivo
J27B17000020001,Attivo
J27B17000030001,Attivo
J27B17000040001,Attivo
J27B17000050001,Attivo
J27B17000060001,Attivo
J27B17000160001,Attivo
J27B17000400001,Attivo
J27B20000230001,Attivo
J27B20000590001,Attivo
J27B20000600001,Attivo
J27B20000620001,Attivo
J27D16000000001,Attivo
J27D17000020001,Attivo
J27D17000030001,Attivo
J27D17000040001,Attivo
J27D17000050001,Attivo
J27D17000060001,Attivo
J27D17000070001,Attivo
J27D17000080001,Attivo
J27D17000090001,Attivo
J27D18000000001,Attivo
J27D22000000001,Attivo
J27D22000050001,Attivo
J27D22000090001,Attivo
J27D22000100001,Attivo
J27D22000110001,Attivo
J27D22000120001,Attivo
J27D22000130001,Attivo
J27D22000140001,Attivo
J27D22000160001,Attivo
J27D23000000001,Attivo
J27D23000020001,Attivo
J27D23000040001,Attivo
J27D23000070001,Attivo
J27D23000080001,Attivo
J27D23000090001,Attivo
J27D23000100001,Attivo
J27D23000110001,Attivo
J27D23000140001,Attivo
J27D23000150001,Attivo
J27D23000160001,Attivo
J27D23000170001,Attivo
J27D23000180001,Attivo
J27D24000020001,Attivo
J27D24000090001,Attivo
J27D24000100001,Attivo
J27D25000000001,Attivo
J27D25000010001,Attivo
J27D25000110001,Attivo
J27D25000130001,Attivo
J27D25000150001,Attivo
J27D25000160001,Attivo
J27E13000040001,Attivo
J27F14000000001,Attivo
J27F14000010001,Attivo
J27F14000020001,Attivo
J27F14000030001,Attivo
J27F14000040001,Attivo
J27F14000050001,Attivo
J27F17000230001,Attivo
J27F19000070001,Attivo
J27F19000140001,Attivo
J27F19000150001,Attivo
J27F19000160001,Attivo
J27F19000200001,Attivo
J27F19000210001,Attivo
J27F20000000001,Attivo
J27F20000040001,Attivo
J27F20000050001,Attivo
J27F20000070001,Attivo
J27H21000440001,Attivo
J27H21000680001,Attivo
J27H21000700001,Attivo
J27H21000710001,Attivo
J27H21000720001,Attivo
J27H21003100001,Attivo
J27H21006150001,Attivo
J27H22000010001,Attivo
J27H22000020001,Attivo
J27H22000030001,Attivo
J27H22000040001,Attivo
J27I05000010001,Attivo
J27I06000050001,Attivo
J27I06000070001,Attivo
J27I07000000001,Attivo
J27I10000020001,Attivo
J27I10000040001,Attivo
J27I11000790001,Attivo
J27I12000000001,Attivo
J27I12000060001,Attivo
J27I12000070001,Attivo
J27I12000080001,Attivo
J27I12000090001,Attivo
J27I12000100001,Attivo
J27I12000110001,Attivo
J27I12000140001,Attivo
J27I12000150001,Attivo
J27I12000160001,Attivo
J27I12000170001,Attivo
J27I12000190001,Attivo
J27I12000220001,Attivo
J27I12000240001,Attivo
J27I13000000001,Attivo
J27I13000010001,Attivo
J27I13000030001,Attivo
J27I13000040001,Attivo
J27I13000050001,Attivo
J27I17000030001,Attivo
J27I17000040001,Attivo
J27I17000050001,Attivo
J27I18000010001,Attivo
J27J18000160001,Attivo
J27J18000230001,Attivo
J27J18000240001,Attivo
J27J18000250001,Attivo
J27J18000260001,Attivo
J27J18000270001,Attivo
J27J18000290001,Attivo
J27J18000300001,Attivo
J27J18000360001,Attivo
J27J19000010001,Attivo
J27J19000050001,Attivo
J27J19000060001,Attivo
J30B04000000001,Attivo
J31B21002470001,Attivo
J31B21003960001,Attivo
J31C04000010008,Attivo
J31C05000000001,Attivo
J31C07000010001,Attivo
J31C08000010002,Attivo
J31C09000010001,Attivo
J31D19000000001,Attivo
J31H00000120021,Attivo
J31H00000170001,Chiuso
J31H00000170011,Attivo
J31H00000170021,Chiuso
J31H00000170051,Attivo
J31H00000170061,Attivo
J31H00000170111,Attivo
J31H00000170121,Attivo
J31H00000170141,Chiuso
J31H00000180011,Attivo
J31H00000180051,Chiuso
J31H00000180061,Chiuso
J31H01000080001,Attivo
J31H01000140001,Attivo
J31H01000140031,Attivo
J31H01000170001,Chiuso
J31H01000170011,Attivo
J31H01000170021,Chiuso
J31H01000230001,Attivo
J31H02000040001,Attivo
J31H02000060008,Attivo
J31H02000070001,Chiuso
J31H02000100001,Attivo
J31H03000150008,Attivo
J31H03000170008,Attivo
J31H03000180008,Attivo
J31H03000190001,Attivo
J31H03000210008,Attivo
J31H03000220008,Attivo
J31H03000320001,Attivo
J31H03000340001,Attivo
J31H03000360001,Attivo
J31H03000430001,Attivo
J31H03000440001,Attivo
J31H03000460001,Attivo
J31H03000510001,Attivo
J31H03000520001,Attivo
J31H03000530001,Attivo
J31H04000100001,Chiuso
J31H92000000008,Chiuso
J31H92000010001,Chiuso
J31H92000050231,Chiuso
J31H93000000008,Attivo
J31H93000010011,Attivo
J31H93000010051,Attivo
J31H94000000001,Attivo
J31H94000010001,Attivo
J31H95000000001,Attivo
J31H95000010008,Attivo
J31H96000000001,Chiuso
J31H96000000011,Attivo
J31H96000000021,Attivo
J31H96000000031,Attivo
J31H96000010008,Attivo
J31H96000020001,Attivo
J31H96000030001,Attivo
J31H96000040008,Attivo
J31H96000050008,Attivo
J31H96000060008,Chiuso
J31H96000070008,Attivo
J31H96000080008,Attivo
J31H96000100001,Chiuso
J31H96000110008,Chiuso
J31H96000120001,Attivo
J31H97000000001,Attivo
J31H98000000001,Chiuso
J31H98000020001,Attivo
J31H98000030008,Attivo
J31H98000050001,Attivo
J31H99000010011,Attivo
J31H99000040001,Attivo
J31J04000000001,Attivo
J31J05000010001,Attivo
J31J05000030001,Attivo
J31J05000030011,Attivo
J31J05000040001,Chiuso
J32J19000150001,Attivo
J34C20002410009,Attivo
J34D05000010007,Attivo
J34E21001350001,Attivo
J34E21001360001,Attivo
J34E21001820001,Attivo
J34E21001960001,Attivo
J34F05000010001,Attivo
J34F18000010009,Attivo
J34G18000150001,Attivo
J34G18000210001,Attivo
J34G19000000001,Attivo
J34H14000460001,Attivo
J34H14000490001,Attivo
J34H14000500001,Attivo
J34H14000540001,Attivo
J34H15001050001,Attivo
J34H16000060001,Attivo
J34H16000350001,Attivo
J34H16000360001,Attivo
J34H16000620009,Attivo
J34H17000120001,Attivo
J34H17000130001,Attivo
J34H17000140001,Attivo
J34H17000230001,Attivo
J34H17000720001,Attivo
J34H17000850001,Attivo
J34J22000220001,Attivo
J34J23000040001,Attivo
J34J23000140001,Attivo
J34J23000580001,Attivo
J34J23000610001,Attivo
J34J24000020001,Attivo
J34J24000320001,Attivo
J34J24000410001,Attivo
J34J25000040001,Attivo
J34J25000260001,Attivo
J36G21015190001,Attivo
J36I18000030001,Attivo
J36I18000060001,Attivo
J37B12000080001,Attivo
J37B13000340001,Attivo
J37B14000210005,Attivo
J37B14000260001,Attivo
J37B14000470001,Attivo
J37B14000480001,Attivo
J37B14000490001,Attivo
J37B14000500001,Attivo
J37B15000310001,Attivo
J37B16000020001,Attivo
J37B16000030001,Attivo
J37B16000040001,Attivo
J37B16000060001,Attivo
J37B16000110001,Attivo
J37B16000120001,Attivo
J37B16000310001,Attivo
J37B16000470001,Attivo
J37B16000540001,Attivo
J37B17000000001,Attivo
J37B17000010001,Attivo
J37B17000020001,Attivo
J37B17000030001,Attivo
J37B17000040001,Attivo
J37B17000050001,Attivo
J37B17000200001,Attivo
J37B17000690001,Chiuso
J37B20000260001,Attivo
J37B20000640001,Attivo
J37B20000650001,Attivo
J37D17000010001,Attivo
J37D17000020001,Attivo
J37D17000030001,Attivo
J37D17000040001,Attivo
J37D22000000001,Attivo
J37D22000110001,Attivo
J37D22000120001,Attivo
J37D22000130001,Attivo
J37D22000140001,Attivo
J37D22000150001,Attivo
J37D22000160001,Attivo
J37D22000180001,Attivo
J37D23000030001,Attivo
J37D23000040001,Attivo
J37D23000050001,Attivo
J37D23000060001,Attivo
J37D23000070001,Attivo
J37D23000080001,Attivo
J37D23000090001,Attivo
J37D23000100001,Attivo
J37D23000110001,Attivo
J37D23000120001,Attivo
J37D24000010001,Attivo
J37D25000000001,Attivo
J37D25000050001,Attivo
J37D25000060001,Attivo
J37D25000070001,Attivo
J37D25000080001,Attivo
J37E13000090001,Attivo
J37E13000300001,Attivo
J37E13000330001,Attivo
J37E13000560001,Attivo
J37F14000010001,Attivo
J37F14000020001,Attivo
J37F14000030001,Attivo
J37F14000040001,Attivo
J37F19000140001,Attivo
J37F19000150001,Attivo
J37F19000160001,Attivo
J37F20000000001,Attivo
J37F20000010001,Attivo
J37F20000060001,Attivo
J37F20000070001,Attivo
J37G20000510001,Attivo
J37H21000910001,Attivo
J37H21001140001,Attivo
J37H21004410001,Attivo
J37H21004420001,Attivo
J37H21005980001,Attivo
J37H21006380001,Attivo
J37H21006500008,Attivo
J37H21006940001,Attivo
J37H22000030001,Attivo
J37H22000040001,Attivo
J37H22000050001,Attivo
J37I05000020001,Attivo
J37I05000030001,Attivo
J37I06000050001,Chiuso
J37I06000070001,Attivo
J37I06000080001,Attivo
J37I06000090001,Attivo
J37I06000170001,Attivo
J37I06000180001,Attivo
J37I08000000001,Attivo
J37I10000460001,Chiuso
J37I10001060001,Attivo
J37I10001070001,Attivo
J37I11000040001,Attivo
J37I11000050001,Attivo
J37I11000360001,Attivo
J37I12000060001,Attivo
J37I12000070001,Chiuso
J37I12000080001,Chiuso
J37I12000110001,Attivo
J37I12000140001,Attivo
J37I12000160006,Attivo
J37I13000010001,Attivo
J37I13000030001,Attivo
J37I13000040001,Attivo
J37I13000050001,Attivo
J37I18000060001,Attivo
J37J18000080001,Attivo
J37J18000150001,Attivo
J37J18000160001,Attivo
J37J18000170001,Attivo
J37J18000180001,Attivo
J37J18000190001,Attivo
J37J19000000001,Attivo
J37J19000010001,Attivo
J39B12000040001,Attivo
J41C07000000001,Attivo
J41C09000000005,Attivo
J41C10000030001,Attivo
J41E91000000009,Attivo
J41G22000010001,Attivo
J41G22000090001,Attivo
J41G23000030001,Attivo
J41G23000070001,Attivo
J41H00000230001,Chiuso
J41H00000240001,Chiuso
J41H00000240011,Chiuso
J41H00000250001,Chiuso
J41H01000080008,Attivo
J41H02000070021,Attivo
J41H02000070121,Chiuso
J41H02000080001,Attivo
J41H02000080011,Attivo
J41H02000080021,Attivo
J41H02000080031,Attivo
J41H02000080041,Chiuso
J41H02000080051,Attivo
J41H02000080061,Attivo
J41H02000080071,Attivo
J41H02000080081,Attivo
J41H02000080091,Attivo
J41H02000080141,Attivo
J41H02000080151,Attivo
J41H02000080171,Attivo
J41H92000000008,Attivo
J44C14000020002,Attivo
J44C19000040009,Attivo
J44C20000000001,Attivo
J44C20002260001,Attivo
J44D20000050009,Attivo
J44D20000060009,Attivo
J44E21000080001,Attivo
J44E21002660001,Attivo
J44E21002870008,Attivo
J44E22000060001,Attivo
J44E22002770001,Attivo
J44E22002780009,Attivo
J44G19000010001,Attivo
J44H14000090005,Attivo
J44H16000380001,Attivo
J44H17000110001,Attivo
J44H17000430001,Attivo
J44H17000670001,Attivo
J44H20001400009,Attivo
J44H20001410001,Attivo
J44H20001660009,Attivo
J44J22000150001,Attivo
J44J23000990001,Attivo
J46E19000130001,Attivo
J46E19000210001,Attivo
J46G21003990001,Attivo
J47B14000020005,Attivo
J47D17000000001,Attivo
J47D22000090001,Attivo
J47D22000100001,Attivo
J47D22000150001,Attivo
J47D22000160001,Attivo
J47D22000170001,Attivo
J47D22000180001,Attivo
J47D22000190001,Attivo
J47D22000200001,Attivo
J47D22000210001,Attivo
J47D22000220001,Attivo
J47D22000230001,Attivo
J47D23000140001,Attivo
J47D23000150001,Attivo
J47D23000160001,Attivo
J47D23000170001,Attivo
J47D23000180001,Attivo
J47D23000190001,Attivo
J47D23000260001,Attivo
J47D23000270001,Attivo
J47D23000280001,Attivo
J47D23000290001,Attivo
J47D23000300001,Attivo
J47D23000310001,Attivo
J47D25000080001,Attivo
J47D25000090001,Attivo
J47D25000120001,Attivo
J47E13000130001,Attivo
J47F19000190001,Attivo
J47F19000250001,Attivo
J47H21000280001,Attivo
J47H21002070001,Attivo
J47H22000030001,Attivo
J47H22000040001,Attivo
J47H22000050001,Attivo
J47H22000060001,Attivo
J47H22000070001,Attivo
J47H22000080001,Attivo
J47I04000000008,Attivo
J47I05000020001,Attivo
J47I06000110001,Attivo
J47I06000120001,Attivo
J47I06000130001,Attivo
J47I06000140001,Attivo
J47I06000160001,Attivo
J47I07000020001,Attivo
J47I09000010001,Attivo
J47I09000020002,Attivo
J47I09000030009,Attivo
J47I09000040009,Attivo
J47I10000010001,Attivo
J47I10000180001,Attivo
J47I12000030001,Chiuso
J47I12000040001,Chiuso
J47I12000050001,Attivo
J47I12000060001,Attivo
J47I12000100001,Attivo
J47I13000000001,Attivo
J47I13000020001,Attivo
J47I13000030001,Attivo
J47I13000040001,Attivo
J47J18000160001,Attivo
J47J18000310001,Attivo
J49B12000060001,Attivo
J51B21001950006,Attivo
J51C91000000008,Attivo
J51D18000110003,Attivo
J51G24000010001,Attivo
J51G24000210001,Attivo
J51G25000080001,Attivo
J51H00000040001,Attivo
J51H00000050341,Attivo
J51H00000060001,Chiuso
J51H00000080001,Chiuso
J51H01000070001,Attivo
J51H03000110011,Attivo
J51H03000110181,Attivo
J51H03000110221,Attivo
J51H03000110241,Attivo
J51H03000120001,Attivo
J51H03000120041,Attivo
J51H03000120051,Attivo
J51H03000120071,Attivo
J51H03000120091,Attivo
J51H03000120141,Chiuso
J51H03000120151,Attivo
J51H03000150141,Chiuso
J51H03000170001,Attivo
J51H03000180001,Attivo
J51H04000000001,Attivo
J51H04000190001,Attivo
J51H92000000008,Attivo
J51H92000010031,Attivo
J51H92000010071,Attivo
J51H92000010141,Attivo
J51H92000010171,Attivo
J51H92000020001,Chiuso
J51H92000020011,Attivo
J51H92000020031,Chiuso
J51H92000020141,Chiuso
J51H92000020161,Attivo
J51H92000020251,Attivo
J51H92000020261,Attivo
J51H92000020281,Attivo
J51H92000020301,Attivo
J51H92000020351,Attivo
J51H92000020361,Attivo
J51H92000020431,Chiuso
J51H98000000001,Attivo
J52J19000130001,Attivo
J54B13001090001,Attivo
J54B13001100001,Attivo
J54B13001110001,Attivo
J54B13001230001,Attivo
J54C14000040001,Attivo
J54C14000050001,Attivo
J54C19000270001,Attivo
J54D21000030001,Attivo
J54E21000750001,Attivo
J54E21003570001,Attivo
J54E21003590001,Attivo
J54E21003600001,Attivo
J54E21003610001,Attivo
J54E21003620001,Attivo
J54E21004780008,Attivo
J54E21004790008,Attivo
J54F05000010001,Attivo
J54F18000010009,Attivo
J54G18000040001,Attivo
J54G18000130001,Attivo
J54G18000140001,Attivo
J54G18000190001,Attivo
J54G18000200001,Attivo
J54G18000210009,Attivo
J54H13000150001,Attivo
J54H13000160001,Attivo
J54H14000440001,Attivo
J54H14000450001,Attivo
J54H14000520001,Attivo
J54H14000530001,Attivo
J54H14000540001,Attivo
J54H14000550001,Attivo
J54H14000570001,Attivo
J54H14000580001,Attivo
J54H14000590001,Attivo
J54H15000960001,Attivo
J54H16000760001,Attivo
J54H16000770001,Attivo
J54H16000780001,Attivo
J54H16001160001,Attivo
J54H16001170001,Attivo
J54H17000130009,Attivo
J54H17000210001,Attivo
J54H17000260001,Attivo
J54H17000300001,Attivo
J54H17000740001,Attivo
J54H17000750001,Attivo
J54H20001280009,Attivo
J54J18000010001,Attivo
J54J22000200001,Attivo
J54J23000580001,Attivo
J54J23000720001,Attivo
J54J23000750001,Attivo
J54J24000020001,Attivo
J54J24000080001,Attivo
J54J24000390001,Attivo
J54J24000400001,Attivo
J54J24000850001,Attivo
J54J24000900001,Attivo
J54J25000060001,Attivo
J54J25000070001,Attivo
J54J25000080001,Attivo
J54J25000090001,Attivo
J54J25000100001,Attivo
J54J25000130001,Attivo
J54J25000590001,Attivo
J56C17000030001,Attivo
J56C17000070001,Attivo
J56C22000300001,Attivo
J56E19000070009,Attivo
J56E19000260009,Attivo
J56E20000020001,Attivo
J56E20000080009,Attivo
J56H18000100009,Attivo
J56I18000040001,Attivo
J56J16000460001,Attivo
J57B13000200001,Attivo
J57B14000070001,Attivo
J57B14000080001,Attivo
J57B14000140001,Attivo
J57B14000150001,Attivo
J57B14000240001,Attivo
J57B14000250001,Attivo
J57B14000260001,Attivo
J57B14000270001,Attivo
J57B14000280001,Attivo
J57B14000290001,Attivo
J57B15000000001,Attivo
J57B15000010005,Attivo
J57B15000070001,Attivo
J57B15000280001,Attivo
J57B15000290001,Attivo
J57B16000010001,Attivo
J57B16000020001,Attivo
J57B16000040001,Attivo
J57B16000050001,Attivo
J57B16000060001,Attivo
J57B16000150001,Attivo
J57B16000160001,Attivo
J57B16000170001,Attivo
J57B16000220001,Attivo
J57B16000260001,Attivo
J57B16000280001,Attivo
J57B16000350001,Attivo
J57B16000360001,Attivo
J57B16000410001,Attivo
J57B16000420001,Attivo
J57B16000430009,Attivo
J57B17000030001,Attivo
J57B17000040001,Attivo
J57B17000050001,Attivo
J57B17000060001,Attivo
J57B17000070001,Attivo
J57B17000080001,Attivo
J57B17000090001,Attivo
J57B17000100001,Attivo
J57B17000110001,Attivo
J57B17000120001,Attivo
J57B17000460001,Attivo
J57B20000230008,Attivo
J57B20000490001,Attivo
J57B20000920001,Attivo
J57B20000930001,Attivo
J57B20000940001,Attivo
J57B20000950001,Attivo
J57B20000960001,Attivo
J57D17000020001,Attivo
J57D17000030001,Attivo
J57D17000040001,Attivo
J57D17000050001,Attivo
J57D17000060001,Attivo
J57D17000070001,Attivo
J57D17000080001,Attivo
J57D17000090001,Attivo
J57D17000100001,Attivo
J57D17000120001,Attivo
J57D18000000001,Attivo
J57D22000010001,Attivo
J57D22000050001,Attivo
J57D22000110001,Attivo
J57D22000120001,Attivo
J57D22000130001,Attivo
J57D22000140001,Attivo
J57D22000150001,Attivo
J57D22000160001,Attivo
J57D22000170001,Attivo
J57D22000180001,Attivo
J57D22000190001,Attivo
J57D23000010001,Attivo
J57D23000030001,Attivo
J57D23000040001,Attivo
J57D23000050001,Attivo
J57D23000070001,Attivo
J57D23000080001,Attivo
J57D23000090001,Attivo
J57D23000100001,Attivo
J57D23000110001,Attivo
J57D23000120001,Attivo
J57D23000130001,Attivo
J57D23000140001,Attivo
J57D23000150001,Attivo
J57D23000160001,Attivo
J57D24000000001,Attivo
J57D24000020001,Attivo
J57D24000040001,Attivo
J57D24000070001,Attivo
J57D24000090001,Attivo
J57D24000110001,Attivo
J57D25000000001,Attivo
J57D25000010001,Attivo
J57D25000060001,Attivo
J57D25000070001,Attivo
J57D25000120001,Attivo
J57D25000130001,Attivo
J57D25000140001,Attivo
J57D25000160001,Attivo
J57D25000170001,Attivo
J57D25000180001,Attivo
J57D25000220001,Attivo
J57E13000010001,Attivo
J57E13000020001,Attivo
J57E13000210001,Attivo
J57E13000220001,Attivo
J57E13000230001,Attivo
J57E13000260001,Attivo
J57E13000490001,Attivo
J57F14000000001,Attivo
J57F14000010001,Attivo
J57F14000020001,Attivo
J57F14000030001,Attivo
J57F14000050001,Attivo
J57F19000020001,Attivo
J57F19000040001,Attivo
J57F19000050001,Attivo
J57F19000060001,Attivo
J57F19000140001,Attivo
J57F19000160001,Attivo
J57F19000170001,Attivo
J57F19000180001,Attivo
J57F19000200001,Attivo
J57F19000210001,Attivo
J57F19000220001,Attivo
J57F20000020001,Attivo
J57F20000080001,Attivo
J57F20000090001,Attivo
J57F20000110001,Attivo
J57G20000060001,Attivo
J57G21000000001,Attivo
J57G21000010001,Attivo
J57H21000760001,Attivo
J57H21000810001,Attivo
J57H21000820001,Attivo
J57H21000830001,Attivo
J57H21001340001,Attivo
J57H21001350001,Attivo
J57H21003100001,Attivo
J57H21005730001,Attivo
J57H21005970001,Attivo
J57H22000000001,Attivo
J57H22000010001,Attivo
J57H22000020001,Attivo
J57H22000030001,Attivo
J57H22000040001,Attivo
J57H22000050001,Attivo
J57H22000160001,Attivo
J57I06000280001,Chiuso
J57I08000020001,Attivo
J57I08000200001,Attivo
J57I09000060007,Attivo
J57I09000120001,Attivo
J57I10000070001,Attivo
J57I10000210009,Attivo
J57I10000220001,Attivo
J57I10000230001,Attivo
J57I10000430001,Attivo
J57I11000180001,Attivo
J57I11000190001,Attivo
J57I11000200001,Attivo
J57I11000210001,Attivo
J57I11000220001,Attivo
J57I11000570001,Attivo
J57I12000000001,Attivo
J57I12000070001,Attivo
J57I12000080001,Attivo
J57I12000090001,Attivo
J57I12000110001,Attivo
J57I12000120001,Attivo
J57I12000140001,Attivo
J57I12000290001,Attivo
J57I12000710001,Attivo
J57I12000720001,Attivo
J57I13000000001,Attivo
J57I13000010001,Attivo
J57I13000020001,Attivo
J57I13000030001,Attivo
J57I13000040001,Attivo
J57I13000060001,Attivo
J57I17000060001,Attivo
J57I18000050001,Attivo
J57J18000030001,Attivo
J57J18000060001,Attivo
J57J18000090001,Attivo
J57J18000150001,Attivo
J57J18000160001,Attivo
J57J18000170001,Attivo
J57J18000180001,Attivo
J57J18000190001,Attivo
J57J18000200001,Attivo
J57J18000210001,Attivo
J57J18000220001,Attivo
J57J19000010001,Attivo
J57J19000020001,Attivo
J57J19000030001,Attivo
J59B07000140001,Attivo
J59B08000180001,Chiuso
J59B08000190001,Chiuso
J59B08000200001,Chiuso
J59B12000020001,Attivo
J59F24000660001,Attivo
J59G00000000011,Chiuso
J61B21003450001,Attivo
J61G22000030001,Attivo
J61G24000030001,Attivo
J61H00000210001,Attivo
J61H00000220008,Attivo
J61H00000240001,Chiuso
J61H02000090008,Attivo
J61H02000100008,Attivo
J61H03000030001,Attivo
J61H03000100001,Attivo
J61H03000110001,Attivo
J61H03000190001,Attivo
J61H04000180001,Attivo
J61H92000000008,Attivo
J61H94000000001,Attivo
J61H94000000011,Attivo
J61H95000000001,Chiuso
J61H97000000001,Chiuso
J61H98000000001,Attivo
J61H99000010001,Attivo
J61J20000180008,Attivo
J62C21002550008,Attivo
J62C21002560008,Attivo
J62J19000160001,Attivo
J62J19000170001,Attivo
J64C19000280001,Attivo
J64C19000290009,Attivo
J64C19000300001,Attivo
J64C20000020006,Attivo
J64C20002310001,Attivo
J64E21000110008,Attivo
J64E21000640001,Attivo
J64E21001610001,Attivo
J64E21001620001,Attivo
J64E21002290008,Attivo
J64E22000010001,Attivo
J64F05000030001,Attivo
J64G18000130009,Attivo
J64G18000140001,Attivo
J64G18000150001,Attivo
J64G18000200001,Attivo
J64G18000210001,Attivo
J64H14000450001,Attivo
J64H14000670001,Attivo
J64H15000810001,Attivo
J64H16000000001,Attivo
J64H16000160001,Attivo
J64H17000130001,Attivo
J64H17000140001,Attivo
J64H17000220001,Attivo
J64H17000230001,Attivo
J64J17000010001,Attivo
J64J22000340009,Attivo
J64J24000050001,Attivo
J64J24000060001,Attivo
J64J24000610001,Attivo
J64J25000080001,Attivo
J66E19000030009,Attivo
J66J17000390001,Attivo
J66J17000400001,Attivo
J67B14000120005,Attivo
J67B14000300001,Attivo
J67B14000310001,Attivo
J67B14000320001,Attivo
J67B14000420001,Attivo
J67B14000430001,Attivo
J67B14000440001,Attivo
J67B14000450001,Attivo
J67B14000460001,Attivo
J67B14000470001,Attivo
J67B14000480001,Attivo
J67B14000490001,Attivo
J67B14000500001,Attivo
J67B14000510001,Attivo
J67B16000000001,Attivo
J67B16000010001,Attivo
J67B16000020001,Attivo
J67B16000030001,Attivo
J67B16000040001,Attivo
J67B16000050001,Attivo
J67B16000060001,Attivo
J67B16000070001,Attivo
J67B16000120001,Attivo
J67B16000130001,Attivo
J67B16000140001,Attivo
J67B16000150001,Attivo
J67B16000260001,Attivo
J67B16000270001,Attivo
J67B17000030001,Attivo
J67B17000040001,Attivo
J67B17000050001,Attivo
J67B17000060001,Attivo
J67B17000070001,Attivo
J67B17000080001,Attivo
J67B17000090001,Attivo
J67B17000100001,Attivo
J67B17000110001,Attivo
J67B17000120001,Attivo
J67B17000130001,Attivo
J67B17000140001,Attivo
J67B17000620001,Attivo
J67B20000450001,Attivo
J67B20000460001,Attivo
J67B20001010001,Attivo
J67B20001020001,Attivo
J67B20001030001,Attivo
J67B20001040001,Attivo
J67B20001050001,Attivo
J67D17000000001,Attivo
J67D17000010001,Attivo
J67D17000020001,Attivo
J67D17000030001,Attivo
J67D17000040001,Attivo
J67D17000050001,Attivo
J67D17000060001,Attivo
J67D17000070001,Attivo
J67D17000080001,Attivo
J67D17000090001,Attivo
J67D17000100001,Attivo
J67D17000110001,Attivo
J67D18000000001,Attivo
J67D18000010001,Attivo
J67D22000010001,Attivo
J67D22000030001,Attivo
J67D22000110001,Attivo
J67D22000150001,Attivo
J67D22000160001,Attivo
J67D22000170001,Attivo
J67D22000180001,Attivo
J67D22000190001,Attivo
J67D22000200001,Attivo
J67D22000210001,Attivo
J67D22000220001,Attivo
J67D22000230001,Attivo
J67D22000240001,Attivo
J67D23000080001,Attivo
J67D23000090001,Attivo
J67D23000100001,Attivo
J67D23000110001,Attivo
J67D23000120001,Attivo
J67D23000130001,Attivo
J67D23000140001,Attivo
J67D23000150001,Attivo
J67D23000180001,Attivo
J67D23000190001,Attivo
J67D23000200001,Attivo
J67D23000210001,Attivo
J67D23000220001,Attivo
J67D23000230001,Attivo
J67D23000240001,Attivo
J67D23000250001,Attivo
J67D24000010001,Attivo
J67D24000020001,Attivo
J67D24000030001,Attivo
J67D24000100005,Attivo
J67D24000160001,Attivo
J67D25000000001,Attivo
J67D25000020001,Attivo
J67D25000140001,Attivo
J67D25000150001,Attivo
J67D25000160001,Attivo
J67D25000170001,Attivo
J67D25000180001,Attivo
J67D25000190001,Attivo
J67D25000200001,Attivo
J67D25000210001,Attivo
J67D25000220001,Attivo
J67E13000250001,Attivo
J67E13000260001,Attivo
J67E13000270001,Attivo
J67F14000000001,Attivo
J67F14000010001,Attivo
J67F14000020001,Attivo
J67F14000030001,Attivo
J67F14000040001,Attivo
J67F14000050001,Attivo
J67F14000060001,Attivo
J67F14000070001,Attivo
J67F14000100001,Attivo
J67F14000110001,Attivo
J67F19000040001,Attivo
J67F19000050001,Attivo
J67F19000060001,Attivo
J67F19000090001,Attivo
J67F19000230001,Attivo
J67F19000240001,Attivo
J67F19000260001,Attivo
J67F19000270001,Attivo
J67F19000280001,Attivo
J67F19000290001,Attivo
J67F19000320001,Attivo
J67F19000350001,Attivo
J67F19000440001,Attivo
J67F20000000001,Attivo
J67F20000010001,Attivo
J67F20000020001,Attivo
J67F20000110001,Attivo
J67F20000130001,Attivo
J67F20000140001,Attivo
J67F20000150001,Attivo
J67F20000190001,Attivo
J67G20000000001,Attivo
J67G20000010001,Attivo
J67H21000760001,Attivo
J67H21000770001,Attivo
J67H21000780001,Attivo
J67H21000790001,Attivo
J67H21002920001,Attivo
J67H21004990001,Attivo
J67H21005700001,Attivo
J67H21005710001,Attivo
J67H21005720001,Attivo
J67H21008500001,Attivo
J67H21009010001,Attivo
J67H21009020001,Attivo
J67H21010160001,Attivo
J67H22000020001,Attivo
J67H22000030001,Attivo
J67H22000040001,Attivo
J67H22000050001,Attivo
J67H22000060001,Attivo
J67H22000070001,Attivo
J67H22000160001,Attivo
J67I06000090001,Attivo
J67I07000010001,Attivo
J67I07000030001,Attivo
J67I08000000001,Attivo
J67I08000030001,Attivo
J67I08000050001,Chiuso
J67I10000020001,Attivo
J67I10000140001,Attivo
J67I10000150001,Attivo
J67I10000160001,Attivo
J67I11000040001,Attivo
J67I11000230001,Attivo
J67I11000330001,Attivo
J67I12000020001,Attivo
J67I12000040001,Attivo
J67I12000050001,Attivo
J67I12000060001,Attivo
J67I12000070001,Attivo
J67I12000080001,Attivo
J67I12000090001,Attivo
J67I12000120001,Attivo
J67I12000130001,Attivo
J67I13000000001,Attivo
J67I13000010001,Attivo
J67I13000050001,Attivo
J67I13000060001,Attivo
J67I13000070001,Attivo
J67I13000110001,Attivo
J67I13000120001,Attivo
J67I17000010001,Attivo
J67I17000020001,Attivo
J67I18000040001,Attivo
J67I18000050001,Attivo
J67I18000060001,Attivo
J67J18000180001,Attivo
J67J18000190001,Attivo
J67J18000280001,Attivo
J67J18000290001,Attivo
J67J18000300001,Attivo
J67J18000310001,Attivo
J67J18000320001,Attivo
J67J18000330001,Attivo
J67J18000340001,Attivo
J67J18000350001,Attivo
J67J18000360001,Attivo
J67J18000390001,Attivo
J67J18000400001,Attivo
J67J18000440001,Attivo
J67J19000000001,Attivo
J67J19000010001,Attivo
J67J19000020001,Attivo
J67J19000030001,Attivo
J67J19000040001,Attivo
J69B11000160001,Attivo
J69B12000050001,Attivo
J71C10000030007,Attivo
J71H00000060001,Attivo
J71H00000060011,Attivo
J71H00000060021,Attivo
J71H00000060031,Attivo
J71H00000060061,Chiuso
J71H00000060091,Attivo
J71H00000080011,Attivo
J71H02000110008,Attivo
J71H02000120008,Attivo
J71H02000130001,Attivo
J71H02000140001,Chiuso
J71H89000000008,Attivo
J71H92000000007,Attivo
J71H92000010008,Attivo
J71H92000020008,Attivo
J71H92000020011,Attivo
J71H92000030008,Attivo
J71H92000040008,Attivo
J71H98000000001,Attivo
J71J04000000008,Attivo
J71J20000110008,Attivo
J74B01000200001,Attivo
J74C14000020002,Attivo
J74C19000030001,Attivo
J74C20001660001,Attivo
J74E21000910001,Attivo
J74E21000940009,Attivo
J74E21001450001,Attivo
J74E21001680008,Attivo
J74E21001690008,Attivo
J74E21001700008,Attivo
J74E21001710008,Attivo
J74E21001720008,Attivo
J74E21001890001,Attivo
J74E21001910001,Attivo
J74F13000000001,Attivo
J74G18000150009,Attivo
J74H16000230001,Attivo
J74H16000590001,Attivo
J74H17000140001,Attivo
J74H17000180001,Attivo
J74H17000420001,Attivo
J74H17000590001,Attivo
J74H17000600001,Attivo
J74H20000990001,Attivo
J74J17000000001,Attivo
J74J17000010001,Attivo
J74J17000020001,Attivo
J74J18000000001,Attivo
J74J22000170001,Attivo
J74J22000540001,Attivo
J74J23000650001,Attivo
J74J23000740001,Attivo
J74J24000060001,Attivo
J77B14000240001,Attivo
J77B14000350001,Attivo
J77B14000360001,Attivo
J77B14000370001,Attivo
J77B14000380001,Attivo
J77B14000480001,Attivo
J77B16000020001,Attivo
J77B16000030001,Attivo
J77B16000040001,Attivo
J77B16000050001,Attivo
J77B16000060001,Attivo
J77B16000090001,Attivo
J77B16000290001,Attivo
J77B16000300001,Attivo
J77B17000000001,Attivo
J77B17000010001,Attivo
J77B17000020001,Attivo
J77B17000030001,Attivo
J77B17000040001,Attivo
J77B17000050001,Attivo
J77B17000060001,Attivo
J77B20000180001,Attivo
J77B20000680001,Attivo
J77B20000690001,Attivo
J77B20000870002,Attivo
J77D17000020001,Attivo
J77D17000030001,Attivo
J77D17000040001,Attivo
J77D17000050001,Attivo
J77D17000060001,Attivo
J77D18000000001,Attivo
J77D22000000001,Attivo
J77D22000060001,Attivo
J77D22000070001,Attivo
J77D22000080001,Attivo
J77D22000090001,Attivo
J77D23000020001,Attivo
J77D23000080001,Attivo
J77D23000090001,Attivo
J77D23000100001,Attivo
J77D23000140001,Attivo
J77D23000150001,Attivo
J77D23000160001,Attivo
J77D25000000001,Attivo
J77D25000060001,Attivo
J77D25000070001,Attivo
J77D25000080001,Attivo
J77D25000090001,Attivo
J77E13000070001,Attivo
J77F14000000001,Attivo
J77F14000010001,Attivo
J77F14000020001,Attivo
J77F19000070001,Attivo
J77F19000140001,Attivo
J77F19000150001,Attivo
J77F19000160001,Attivo
J77F20000020001,Attivo
J77F20000060001,Attivo
J77F20000070001,Attivo
J77G05000010001,Attivo
J77G05000010011,Chiuso
J77H21001020001,Attivo
J77H21001030001,Attivo
J77H21001040001,Attivo
J77H21008540001,Attivo
J77H22000000001,Attivo
J77H22000010001,Attivo
J77I04000000009,Attivo
J77I06000100001,Attivo
J77I07000000001,Attivo
J77I07000020001,Attivo
J77I07000030001,Attivo
J77I10000270001,Attivo
J77I10000290001,Attivo
J77I11000000009,Attivo
J77I12000000001,Chiuso
J77I12000010008,Attivo
J77I12000070001,Chiuso
J77I12000080001,Attivo
J77I12000090001,Attivo
J77I12000120001,Attivo
J77I13000010001,Chiuso
J77I13000020001,Attivo
J77I13000030001,Attivo
J77I13000040001,Attivo
J77I13000050001,Attivo
J77I18000020001,Attivo
J77J18000350001,Attivo
J77J18000390001,Attivo
J77J18000400001,Attivo
J77J18000410001,Attivo
J77J18000420001,Attivo
J77J18000430001,Attivo
J77J19000010001,Attivo
J77J19000020001,Attivo
J79B12000020001,Attivo
J79B12000030001,Attivo
J81B22003200005,Attivo
J81C05000010001,Attivo
J81C91000000008,Attivo
J81D19000000009,Attivo
J81E16000690003,Attivo
J81G22000260001,Attivo
J81G23000080001,Attivo
J81H00000170001,Chiuso
J81H00000180001,Attivo
J81H01000090001,Chiuso
J81H02000000001,Attivo
J81H02000020001,Attivo
J81H02000020011,Attivo
J81H03000050008,Attivo
J81H03000060001,Attivo
J81H03000080001,Attivo
J81H92000000008,Attivo
J81H92000020001,Attivo
J81H96000000001,Chiuso
J81H96000010011,Attivo
J81H97000000001,Attivo
J81H98000000008,Attivo
J81H98000010001,Attivo
J81H98000030001,Chiuso
J81H99000010001,Attivo
J81I19000000001,Attivo
J81J03000000001,Attivo
J81J03000010001,Attivo
J81J05000010008,Attivo
J82H23000710001,Attivo
J82J19000170001,Attivo
J82J19000180001,Attivo
J84B13000240001,Attivo
J84C19000370009,Attivo
J84C20000050001,Attivo
J84C20001870001,Attivo
J84C20001890001,Attivo
J84C20001900001,Attivo
J84C20001910001,Attivo
J84C20001920001,Attivo
J84E21001320008,Attivo
J84E21002850001,Attivo
J84E21002910001,Attivo
J84E21003810001,Attivo
J84E21004550001,Attivo
J84F05000030001,Attivo
J84F05000040001,Attivo
J84G18000190001,Attivo
J84G18000200001,Attivo
J84H14001280001,Attivo
J84H14001290001,Attivo
J84H14001300001,Attivo
J84H14001310001,Attivo
J84H14001320001,Attivo
J84H14001330001,Attivo
J84H15001310001,Attivo
J84H16000030001,Attivo
J84H17000290001,Attivo
J84H17000440001,Attivo
J84H17000480001,Attivo
J84H17000930009,Attivo
J84H17000940001,Attivo
J84H17001080001,Attivo
J84H17001230001,Attivo
J84H20000850001,Attivo
J84H20000860001,Attivo
J84H20002450001,Attivo
J84H20002460001,Attivo
J84J18000000001,Attivo
J84J23000100008,Attivo
J84J23000230001,Attivo
J84J24000020001,Attivo
J84J24000100001,Attivo
J84J24000110001,Attivo
J84J24000120001,Attivo
J84J24000130001,Attivo
J84J24000690005,Attivo
J84J24000790001,Attivo
J84J24000840001,Attivo
J86E19000400001,Attivo
J86G21006210001,Attivo
J86I18000060009,Attivo
J86J17000450001,Attivo
J86J17000460001,Attivo
J86J17000630009,Attivo
J87B13000070001,Attivo
J87B14000230001,Chiuso
J87B14000240005,Attivo
J87B14000250005,Attivo
J87B14000390001,Attivo
J87B14000400001,Attivo
J87B14000410001,Attivo
J87B14000420001,Attivo
J87B14000430001,Attivo
J87B14000440001,Attivo
J87B14000450001,Attivo
J87B14000480001,Attivo
J87B14000640001,Attivo
J87B14000650001,Attivo
J87B14000660001,Attivo
J87B14000670001,Attivo
J87B14000680001,Attivo
J87B14000690001,Attivo
J87B14000700001,Attivo
J87B14000710001,Attivo
J87B14000720001,Attivo
J87B14000730001,Attivo
J87B14000740001,Attivo
J87B14000750001,Attivo
J87B14000760001,Attivo
J87B14000780001,Attivo
J87B14000790001,Attivo
J87B14000800001,Attivo
J87B14000810001,Attivo
J87B14000820001,Attivo
J87B14000830001,Attivo
J87B14000840001,Attivo
J87B15000140001,Attivo
J87B15000390001,Attivo
J87B16000000001,Attivo
J87B16000010001,Attivo
J87B16000020001,Attivo
J87B16000030001,Attivo
J87B16000040001,Attivo
J87B16000050001,Attivo
J87B16000060001,Attivo
J87B16000070001,Attivo
J87B16000080001,Attivo
J87B16000090001,Attivo
J87B16000100001,Attivo
J87B16000110001,Attivo
J87B16000120001,Attivo
J87B16000140001,Attivo
J87B16000150001,Attivo
J87B16000160001,Attivo
J87B16000170001,Attivo
J87B16000200001,Attivo
J87B16000210001,Attivo
J87B16000220001,Attivo
J87B16000240001,Attivo
J87B16000250001,Attivo
J87B16000260001,Attivo
J87B16000270001,Attivo
J87B16000280001,Attivo
J87B16000290001,Attivo
J87B16000410001,Attivo
J87B16000420001,Chiuso
J87B16000430001,Chiuso
J87B16000440001,Attivo
J87B16000460001,Attivo
J87B16000510001,Attivo
J87B16000630001,Attivo
J87B17000020001,Attivo
J87B17000030001,Attivo
J87B17000040001,Attivo
J87B17000050001,Attivo
J87B17000060001,Attivo
J87B17000070001,Attivo
J87B17000080001,Attivo
J87B17000090001,Attivo
J87B17000100001,Attivo
J87B17000110001,Attivo
J87B17000120001,Attivo
J87B17000130001,Attivo
J87B17000140001,Attivo
J87B17000150001,Attivo
J87B17000160001,Attivo
J87B17000170001,Attivo
J87B17000180001,Attivo
J87B17000190001,Attivo
J87B17000200001,Attivo
J87B17000220001,Attivo
J87B17000230001,Attivo
J87B17000240001,Attivo
J87B17000250001,Attivo
J87B17000260001,Attivo
J87B17000270001,Attivo
J87B17000280001,Attivo
J87B17000290001,Attivo
J87B17000300001,Attivo
J87B17000310001,Attivo
J87B17000320001,Attivo
J87B17000330001,Attivo
J87B17000440001,Attivo
J87B17000610004,Attivo
J87B17000830001,Attivo
J87B17000840001,Attivo
J87B17000850001,Attivo
J87B20001320001,Attivo
J87B20001330001,Attivo
J87B20001340001,Attivo
J87B20001350001,Attivo
J87B20001360001,Attivo
J87B20002730001,Attivo
J87B20002740001,Attivo
J87B20002750001,Attivo
J87B20002760001,Attivo
J87B20002780001,Attivo
J87B20002790001,Attivo
J87B20002800001,Attivo
J87B20002810001,Attivo
J87B20002820001,Attivo
J87B20002830001,Attivo
J87B20002840001,Attivo
J87B20002850001,Attivo
J87D17000010001,Attivo
J87D17000020001,Attivo
J87D17000050001,Attivo
J87D17000060001,Attivo
J87D17000090001,Attivo
J87D17000100001,Attivo
J87D17000110001,Attivo
J87D17000120001,Attivo
J87D17000130001,Attivo
J87D17000140001,Attivo
J87D17000150001,Attivo
J87D17000160001,Attivo
J87D17000170001,Attivo
J87D17000180001,Attivo
J87D17000190001,Attivo
J87D17000200001,Attivo
J87D17000210001,Attivo
J87D17000220001,Attivo
J87D17000230001,Attivo
J87D17000240001,Attivo
J87D17000250001,Attivo
J87D17000260001,Attivo
J87D17000270001,Attivo
J87D17000280001,Attivo
J87D17000290001,Attivo
J87D17000300001,Attivo
J87D18000000001,Attivo
J87D18000010001,Attivo
J87D18000020001,Attivo
J87D18000030001,Attivo
J87D22000030001,Attivo
J87D22000040001,Attivo
J87D22000050001,Attivo
J87D22000060001,Attivo
J87D22000110001,Attivo
J87D22000130001,Attivo
J87D22000140001,Attivo
J87D22000270001,Attivo
J87D22000310001,Attivo
J87D22000320001,Attivo
J87D22000330001,Attivo
J87D22000340001,Attivo
J87D22000350001,Attivo
J87D22000360001,Attivo
J87D22000370001,Attivo
J87D22000380001,Attivo
J87D22000390001,Attivo
J87D22000400001,Attivo
J87D22000410001,Attivo
J87D22000420001,Attivo
J87D22000450001,Attivo
J87D22000460001,Attivo
J87D22000470001,Attivo
J87D22000480001,Attivo
J87D22000490001,Attivo
J87D22000560001,Attivo
J87D23000020001,Attivo
J87D23000040001,Attivo
J87D23000050001,Attivo
J87D23000060001,Attivo
J87D23000070001,Attivo
J87D23000130001,Attivo
J87D23000170001,Attivo
J87D23000180001,Attivo
J87D23000190001,Attivo
J87D23000200001,Attivo
J87D23000210001,Attivo
J87D23000220001,Attivo
J87D23000230001,Attivo
J87D23000240001,Attivo
J87D23000250001,Attivo
J87D23000260001,Attivo
J87D23000270001,Attivo
J87D23000320001,Attivo
J87D23000330001,Attivo
J87D23000340001,Attivo
J87D23000350001,Attivo
J87D23000360001,Attivo
J87D23000370001,Attivo
J87D23000380001,Attivo
J87D23000390001,Attivo
J87D23000400001,Attivo
J87D23000410001,Attivo
J87D23000420001,Attivo
J87D24000050001,Attivo
J87D24000210001,Attivo
J87D24000230001,Attivo
J87D24000240001,Attivo
J87D24000250001,Attivo
J87D24000260001,Attivo
J87D25000000001,Attivo
J87D25000010001,Attivo
J87D25000020001,Attivo
J87D25000030001,Attivo
J87D25000100001,Attivo
J87D25000110001,Attivo
J87D25000120001,Attivo
J87D25000130001,Attivo
J87D25000140001,Attivo
J87D25000150001,Attivo
J87D25000160001,Attivo
J87D25000170001,Attivo
J87D25000180001,Attivo
J87D25000190001,Attivo
J87D25000200001,Attivo
J87D25000210001,Attivo
J87D25000220001,Attivo
J87E13000250001,Attivo
J87E13000260001,Attivo
J87E13000270001,Attivo
J87E13000280001,Attivo
J87E13000420001,Attivo
J87E13000540001,Attivo
J87E13000610001,Attivo
J87E97000000008,Attivo
J87F14000000001,Attivo
J87F14000010001,Attivo
J87F14000020001,Attivo
J87F14000040001,Attivo
J87F14000050001,Attivo
J87F14000060001,Attivo
J87F14000070001,Attivo
J87F14000080001,Attivo
J87F14000090001,Attivo
J87F14000100001,Attivo
J87F14000110001,Attivo
J87F14000120001,Attivo
J87F14000130001,Attivo
J87F14000140001,Attivo
J87F14000150001,Attivo
J87F14000160001,Attivo
J87F14000170001,Attivo
J87F14000180001,Attivo
J87F14000190001,Attivo
J87F14000200001,Attivo
J87F19000070001,Attivo
J87F19000120001,Attivo
J87F19000170001,Attivo
J87F19000190001,Attivo
J87F19000210001,Attivo
J87F19000250001,Attivo
J87F19000260001,Attivo
J87F19000270001,Attivo
J87F19000280001,Attivo
J87F19000400001,Attivo
J87F19000410001,Attivo
J87F19000420001,Attivo
J87F19000430001,Attivo
J87F19000440001,Attivo
J87F19000450001,Attivo
J87F19000460001,Attivo
J87F19000470001,Attivo
J87F19000480001,Attivo
J87F19000500001,Attivo
J87F19000510001,Attivo
J87F19000520001,Attivo
J87F19000560001,Attivo
J87F19000590001,Attivo
J87F19000600001,Attivo
J87F19000610001,Attivo
J87F19000620001,Attivo
J87F20000010001,Attivo
J87F20000030001,Attivo
J87F20000040001,Attivo
J87F20000050001,Attivo
J87F20000060001,Attivo
J87F20000070001,Attivo
J87F20000080001,Attivo
J87F20000100001,Attivo
J87F20000140001,Attivo
J87F20000190001,Attivo
J87F20000200001,Attivo
J87F20000210001,Attivo
J87F20000220001,Attivo
J87F20000230001,Attivo
J87F20000240001,Attivo
J87F20000250001,Attivo
J87F20000260001,Attivo
J87F20000270001,Attivo
J87G20000090001,Attivo
J87G20000100001,Attivo
J87G20000110001,Attivo
J87G20000120001,Attivo
J87G21000020001,Attivo
J87H21000910001,Attivo
J87H21001150001,Attivo
J87H21001160001,Attivo
J87H21001170001,Attivo
J87H21001180001,Attivo
J87H21001190001,Attivo
J87H21001200001,Attivo
J87H21001210001,Attivo
J87H21001220001,Attivo
J87H21002870001,Attivo
J87H21002960001,Attivo
J87H21004090001,Attivo
J87H21005340001,Attivo
J87H21007930001,Attivo
J87H21008090001,Attivo
J87H21009060001,Attivo
J87H21009070001,Attivo
J87H21009080001,Attivo
J87H21009090001,Attivo
J87H21009100001,Attivo
J87H21009110001,Attivo
J87H21009120001,Attivo
J87H22000220001,Attivo
J87H22000230001,Attivo
J87H22000240001,Attivo
J87H22000250001,Attivo
J87H22000310001,Attivo
J87H22000370001,Attivo
J87I05000080001,Attivo
J87I05000090001,Attivo
J87I07000000001,Attivo
J87I08000000001,Attivo
J87I08000010001,Attivo
J87I09000000001,Attivo
J87I10000050001,Chiuso
J87I10000920001,Attivo
J87I12000000001,Attivo
J87I12000050001,Attivo
J87I12000060001,Attivo
J87I12000070001,Attivo
J87I12000090001,Attivo
J87I12000100001,Attivo
J87I12000110001,Attivo
J87I12000120001,Attivo
J87I12000130001,Attivo
J87I12000140001,Attivo
J87I12000230001,Attivo
J87I13000000001,Attivo
J87I13000010001,Attivo
J87I13000020001,Attivo
J87I13000030001,Attivo
J87I13000040001,Attivo
J87I13000050001,Attivo
J87I13000060001,Attivo
J87I13000070001,Attivo
J87I13000080001,Attivo
J87I13000120001,Attivo
J87I17000020001,Attivo
J87I17000030001,Attivo
J87I17000040001,Attivo
J87I17000050001,Attivo
J87I17000060001,Attivo
J87I18000020001,Attivo
J87I18000030001,Attivo
J87I18000040001,Attivo
J87I18000050001,Attivo
J87J18000230001,Attivo
J87J18000240001,Attivo
J87J18000250001,Chiuso
J87J18000260001,Attivo
J87J18000270001,Attivo
J87J18000280001,Attivo
J87J18000340001,Attivo
J87J18000350001,Attivo
J87J18000360001,Attivo
J87J18000430001,Attivo
J87J18000440001,Attivo
J87J18000450001,Attivo
J87J18000460001,Attivo
J87J18000470001,Attivo
J87J18000480001,Attivo
J87J18000490001,Attivo
J87J18000500001,Attivo
J87J18000510001,Attivo
J87J18000520001,Attivo
J87J18000530001,Attivo
J87J18000540001,Attivo
J87J18000550001,Attivo
J87J18000560001,Attivo
J87J18000570001,Attivo
J87J18000580001,Attivo
J87J18000590001,Attivo
J87J18000600001,Attivo
J87J18000610001,Attivo
J87J18000620001,Attivo
J87J18000630001,Attivo
J87J18000640001,Attivo
J87J18000650001,Attivo
J87J18000680001,Attivo
J87J18000690001,Attivo
J87J18000700001,Attivo
J87J18000710001,Attivo
J87J19000010001,Attivo
J87J19000020001,Attivo
J87J19000030001,Attivo
J87J19000040001,Attivo
J87J19000050001,Attivo
J87J19000060001,Attivo
J87J19000070001,Attivo
J87J19000080001,Attivo
J89B08000280001,Chiuso
J89B09000050001,Chiuso
J89B12000120001,Attivo
J91B21000410009,Attivo
J91B21004120001,Attivo
J91C04000000008,Attivo
J91G21000010001,Attivo
J91G22000030001,Attivo
J91G23000000001,Attivo
J91G23000020001,Attivo
J91G25000040001,Attivo
J91H00000280008,Attivo
J91H01000320008,Attivo
J91H01000330008,Attivo
J91H01000350001,Attivo
J91H03000180008,Attivo
J91H03000190001,Attivo
J91H92000000001,Attivo
J91H92000000011,Attivo
J91H92000010001,Attivo
J91H92000020008,Chiuso
J91H92000030001,Chiuso
J91H92000040021,Attivo
J91H92000040031,Attivo
J91H92000040041,Attivo
J91H92000040051,Chiuso
J91H92000040061,Chiuso
J91H92000040081,Chiuso
J91H92000040101,Attivo
J91H92000040111,Attivo
J91H92000040151,Attivo
J91H92000040171,Attivo
J91H92000040181,Attivo
J91H92000040221,Attivo
J91H92000040231,Attivo
J91H92000040281,Attivo
J91H92000040341,Attivo
J91H92000040371,Attivo
J91H97000000001,Chiuso
J91H98000000008,Attivo
J91J05000030002,Attivo
J92J19000070001,Attivo
J92J19000080001,Attivo
J94C19000260001,Attivo
J94C19000270009,Attivo
J94C20000010001,Attivo
J94E21000060009,Attivo
J94E21000070009,Attivo
J94E21002400009,Attivo
J94E21002450009,Attivo
J94F04000020001,Attivo
J94F12000000001,Attivo
J94F12000010001,Attivo
J94G18000010001,Attivo
J94G18000060009,Attivo
J94G18000150001,Attivo
J94G18000160001,Attivo
J94G18000170001,Attivo
J94H14000130001,Attivo
J94H14000230001,Attivo
J94H14000240001,Attivo
J94H15000790001,Attivo
J94H17000200001,Attivo
J94H17000340009,Attivo
J94H17000420001,Attivo
J94H17000560001,Attivo
J94J17000040001,Attivo
J94J18000000001,Attivo
J94J18000010001,Attivo
J94J22000220001,Attivo
J94J22000320001,Attivo
J94J24000010001,Attivo
J94J24000020001,Attivo
J94J24000030001,Attivo
J94J24000040001,Attivo
J94J24000460001,Attivo
J94J25000010001,Attivo
J96C17000000001,Attivo
J96E19000010009,Attivo
J96E19000210001,Attivo
J96J17000450001,Attivo
J96J17000460001,Attivo
J97B14000130005,Attivo
J97B14000140005,Attivo
J97B14000150005,Attivo
J97B14000260001,Attivo
J97B14000270001,Attivo
J97B14000280001,Attivo
J97B14000290001,Attivo
J97B14000300001,Attivo
J97B14000310001,Attivo
J97B14000360001,Attivo
J97B14000400001,Attivo
J97B14000410001,Attivo
J97B14000420001,Attivo
J97B14000430001,Attivo
J97B14000440001,Attivo
J97B14000450001,Attivo
J97B14000460001,Attivo
J97B14000470001,Attivo
J97B14000480001,Attivo
J97B14000490001,Attivo
J97B14000500001,Attivo
J97B14000520001,Attivo
J97B14000530001,Attivo
J97B14000540001,Attivo
J97B14000550001,Attivo
J97B14000560001,Attivo
J97B14000570001,Attivo
J97B14000580001,Attivo
J97B15000070001,Attivo
J97B15000290002,Attivo
J97B15000330001,Attivo
J97B16000000001,Attivo
J97B16000010001,Attivo
J97B16000020001,Attivo
J97B16000030001,Attivo
J97B16000040001,Attivo
J97B16000050001,Attivo
J97B16000060001,Attivo
J97B16000070001,Attivo
J97B16000090001,Attivo
J97B16000100001,Attivo
J97B16000110001,Attivo
J97B16000120001,Attivo
J97B16000130001,Attivo
J97B16000140001,Attivo
J97B16000150001,Attivo
J97B16000160001,Attivo
J97B16000170001,Attivo
J97B16000180001,Attivo
J97B16000190001,Attivo
J97B16000200001,Attivo
J97B16000210001,Attivo
J97B16000230001,Attivo
J97B16000240001,Attivo
J97B16000250001,Attivo
J97B16000260001,Attivo
J97B16000270001,Attivo
J97B16000300001,Attivo
J97B16000320001,Attivo
J97B16000430001,Attivo
J97B16000440001,Attivo
J97B16000450001,Attivo
J97B17000060001,Attivo
J97B17000070001,Attivo
J97B17000080001,Attivo
J97B17000090001,Attivo
J97B17000100001,Attivo
J97B17000110001,Attivo
J97B17000120001,Attivo
J97B17000130001,Attivo
J97B17000140001,Attivo
J97B17000150001,Attivo
J97B17000160001,Attivo
J97B17000170001,Attivo
J97B17000180001,Attivo
J97B17000190001,Attivo
J97B17000200001,Attivo
J97B17000210001,Attivo
J97B17000220001,Attivo
J97B17000230001,Attivo
J97B17000240001,Attivo
J97B17000250001,Attivo
J97B17000260001,Attivo
J97B17000270001,Attivo
J97B17000280001,Attivo
J97B17000290001,Attivo
J97B17000300001,Attivo
J97B17000310001,Attivo
J97B17000320001,Attivo
J97B17000330001,Attivo
J97B17000510001,Attivo
J97B17000550001,Attivo
J97B17000560001,Attivo
J97B17000570001,Attivo
J97B17000580001,Attivo
J97B20000220001,Attivo
J97B20000230001,Attivo
J97B20000240001,Attivo
J97B20000250001,Attivo
J97B20000480001,Attivo
J97B20000490001,Attivo
J97B20000500001,Attivo
J97B20000510001,Attivo
J97B20000520001,Attivo
J97B20000530001,Attivo
J97B20000540001,Attivo
J97B20000550001,Attivo
J97B20000560001,Attivo
J97D17000010001,Attivo
J97D17000020001,Attivo
J97D17000030001,Attivo
J97D17000040001,Attivo
J97D17000050001,Attivo
J97D17000060001,Attivo
J97D17000070001,Attivo
J97D17000080001,Attivo
J97D17000090001,Attivo
J97D17000100001,Attivo
J97D17000110001,Attivo
J97D17000120001,Attivo
J97D17000130001,Attivo
J97D17000140001,Attivo
J97D17000150001,Attivo
J97D17000160001,Attivo
J97D17000170001,Attivo
J97D17000180001,Attivo
J97D18000000001,Attivo
J97D18000010001,Attivo
J97D18000020001,Attivo
J97D22000000001,Attivo
J97D22000010001,Attivo
J97D22000020001,Attivo
J97D22000030001,Attivo
J97D22000040001,Attivo
J97D22000090001,Attivo
J97D22000150001,Attivo
J97D22000160001,Attivo
J97D22000170001,Attivo
J97D22000180001,Attivo
J97D22000190001,Attivo
J97D22000200001,Attivo
J97D22000210001,Attivo
J97D22000220001,Attivo
J97D22000230001,Attivo
J97D22000240001,Attivo
J97D22000250001,Attivo
J97D22000260001,Attivo
J97D22000270001,Attivo
J97D22000280001,Attivo
J97D22000290001,Attivo
J97D22000300001,Attivo
J97D22000310001,Attivo
J97D22000320001,Attivo
J97D22000330001,Attivo
J97D22000340001,Attivo
J97D22000350001,Attivo
J97D22000360001,Attivo
J97D22000370001,Attivo
J97D22000380001,Attivo
J97D22000390001,Attivo
J97D22000400001,Attivo
J97D22000410001,Attivo
J97D22000430001,Attivo
J97D23000000001,Attivo
J97D23000010001,Attivo
J97D23000020001,Attivo
J97D23000030001,Attivo
J97D23000100001,Attivo
J97D23000110001,Attivo
J97D23000120001,Attivo
J97D23000130001,Attivo
J97D23000140001,Attivo
J97D23000150001,Attivo
J97D23000160001,Attivo
J97D23000170001,Attivo
J97D23000180001,Attivo
J97D23000190001,Attivo
J97D23000200001,Attivo
J97D23000210001,Attivo
J97D23000220001,Attivo
J97D23000230001,Attivo
J97D23000240001,Attivo
J97D23000250001,Attivo
J97D23000270001,Attivo
J97D23000280001,Attivo
J97D23000290001,Attivo
J97D23000300001,Attivo
J97D23000310001,Attivo
J97D23000320001,Attivo
J97D23000330001,Attivo
J97D23000340001,Attivo
J97D23000350001,Attivo
J97D23000360001,Attivo
J97D23000370001,Attivo
J97D23000380001,Attivo
J97D23000390001,Attivo
J97D23000400001,Attivo
J97D23000410001,Attivo
J97D23000420001,Attivo
J97D24000000001,Attivo
J97D24000010001,Attivo
J97D24000030001,Attivo
J97D24000040001,Attivo
J97D24000080005,Attivo
J97D24000090005,Attivo
J97D24000110001,Attivo
J97D24000120001,Attivo
J97D24000130001,Attivo
J97D25000000001,Attivo
J97D25000010001,Attivo
J97D25000020001,Attivo
J97D25000030001,Attivo
J97D25000070001,Attivo
J97D25000080001,Attivo
J97D25000090001,Attivo
J97D25000100001,Attivo
J97D25000110001,Attivo
J97D25000120001,Attivo
J97D25000130001,Attivo
J97D25000140001,Attivo
J97D25000150001,Attivo
J97D25000160001,Attivo
J97D25000170001,Attivo
J97D25000180001,Attivo
J97D25000190001,Attivo
J97D25000200001,Attivo
J97D25000210001,Attivo
J97D25000220001,Attivo
J97E13000050001,Attivo
J97E13000060001,Attivo
J97E13000070001,Attivo
J97E13000080001,Attivo
J97E13000090001,Attivo
J97E13000260001,Attivo
J97E13000270001,Attivo
J97E13000470001,Attivo
J97F13000020001,Attivo
J97F14000010001,Attivo
J97F14000020001,Attivo
J97F14000030001,Attivo
J97F14000040001,Attivo
J97F14000050001,Attivo
J97F14000060001,Attivo
J97F14000070001,Attivo
J97F14000080001,Attivo
J97F14000090001,Attivo
J97F14000100001,Attivo
J97F14000110001,Attivo
J97F14000120001,Attivo
J97F14000130001,Attivo
J97F14000160001,Attivo
J97F14000170001,Attivo
J97F14000180001,Attivo
J97F14000190001,Attivo
J97F14000230001,Attivo
J97F14000250001,Attivo
J97F14000260001,Attivo
J97F19000070001,Attivo
J97F19000080001,Attivo
J97F19000090001,Attivo
J97F19000100001,Attivo
J97F19000110001,Chiuso
J97F19000120001,Attivo
J97F19000130001,Attivo
J97F19000150001,Attivo
J97F19000160001,Attivo
J97F19000190001,Attivo
J97F19000210001,Attivo
J97F19000220001,Attivo
J97F19000230001,Attivo
J97F19000240001,Attivo
J97F19000270001,Attivo
J97F19000280001,Attivo
J97F19000290001,Attivo
J97F19000300001,Attivo
J97F19000310001,Attivo
J97F19000320001,Attivo
J97F19000330001,Attivo
J97F19000360001,Attivo
J97F19000370001,Attivo
J97F19000390001,Attivo
J97F19000400001,Attivo
J97F20000000001,Attivo
J97F20000010001,Attivo
J97F20000020001,Attivo
J97F20000030001,Attivo
J97F20000090001,Attivo
J97F20000110001,Attivo
J97F20000140001,Attivo
J97F20000150001,Attivo
J97F20000160001,Attivo
J97F20000170001,Attivo
J97F20000180001,Attivo
J97F20000190001,Attivo
J97F20000200001,Attivo
J97F20000210001,Attivo
J97F20000220001,Attivo
J97F20000230001,Attivo
J97F20000260001,Attivo
J97G20000060001,Attivo
J97G20000070001,Attivo
J97G20000080001,Attivo
J97H21000580001,Attivo
J97H21000590001,Attivo
J97H21000600001,Attivo
J97H21000610001,Attivo
J97H21000620001,Attivo
J97H21000630001,Attivo
J97H21000640001,Attivo
J97H21000650001,Attivo
J97H21000660001,Attivo
J97H21000670001,Attivo
J97H21001480001,Attivo
J97H21001500001,Attivo
J97H21001800001,Attivo
J97H21002300001,Attivo
J97H21002670001,Attivo
J97H21015150001,Attivo
J97H21015180001,Attivo
J97H21017050001,Attivo
J97H21017110001,Attivo
J97H21017120001,Attivo
J97H21017130001,Attivo
J97H21017140001,Attivo
J97H22000010001,Attivo
J97H22000020001,Attivo
J97H22000030001,Attivo
J97H22000040001,Attivo
J97H22000050001,Attivo
J97H22000060001,Attivo
J97H22000070001,Attivo
J97H22000080001,Attivo
J97H22000090001,Attivo
J97H22000100001,Attivo
J97H22000110001,Attivo
J97H22000120001,Attivo
J97H22000230001,Attivo
J97I06000020001,Chiuso
J97I07000010001,Attivo
J97I10000020001,Chiuso
J97I10000180001,Attivo
J97I11000200001,Attivo
J97I12000000001,Attivo
J97I12000010001,Attivo
J97I12000020001,Chiuso
J97I12000030001,Attivo
J97I12000050001,Attivo
J97I12000060001,Attivo
J97I12000090001,Attivo
J97I12000100001,Attivo
J97I12000110001,Attivo
J97I12000120001,Attivo
J97I12000140001,Attivo
J97I12000170001,Attivo
J97I12000180001,Attivo
J97I12000190001,Attivo
J97I12000200001,Attivo
J97I12000220001,Attivo
J97I12000230001,Attivo
J97I12000240001,Attivo
J97I12000250001,Attivo
J97I12000270001,Attivo
J97I12000280001,Attivo
J97I12000290001,Attivo
J97I12000310001,Attivo
J97I12000320001,Attivo
J97I12000330001,Attivo
J97I12000340001,Attivo
J97I12000350001,Attivo
J97I12000360001,Attivo
J97I12000380001,Attivo
J97I12000420001,Attivo
J97I12000460001,Attivo
J97I12000560001,Attivo
J97I13000000001,Attivo
J97I13000010001,Attivo
J97I13000020001,Attivo
J97I13000030001,Chiuso
J97I13000040001,Attivo
J97I13000050001,Attivo
J97I13000070001,Attivo
J97I13000080001,Attivo
J97I13000090001,Attivo
J97I13000100001,Attivo
J97I13000110001,Attivo
J97I13000130001,Attivo
J97I13000140001,Attivo
J97I13000150001,Attivo
J97I13000160001,Attivo
J97I13000170001,Attivo
J97I13000180001,Attivo
J97I13000190001,Attivo
J97I13000200001,Attivo
J97I13000230001,Attivo
J97I13000240001,Attivo
J97I13000270001,Attivo
J97I13000300001,Attivo
J97I13000330001,Attivo
J97I17000060001,Attivo
J97I17000070001,Attivo
J97I17000080001,Attivo
J97I17000090001,Attivo
J97I17000100001,Attivo
J97I17000110001,Chiuso
J97I18000040001,Attivo
J97I18000050001,Attivo
J97I18000060001,Attivo
J97I18000070001,Attivo
J97J18000050001,Attivo
J97J18000060001,Attivo
J97J18000070001,Attivo
J97J18000100001,Chiuso
J97J18000110001,Attivo
J97J18000120001,Attivo
J97J18000160001,Attivo
J97J18000170001,Attivo
J97J18000180001,Attivo
J97J18000190001,Attivo
J97J18000200001,Attivo
J97J18000210001,Attivo
J97J18000220001,Attivo
J97J18000230001,Attivo
J97J18000240001,Attivo
J97J18000250001,Attivo
J97J18000260001,Attivo
J97J18000270001,Attivo
J97J18000280001,Attivo
J97J18000290001,Attivo
J97J18000300001,Attivo
J97J18000310001,Attivo
J97J18000320001,Attivo
J97J18000330001,Attivo
J97J18000340001,Attivo
J97J18000360001,Attivo
J97J18000370001,Attivo
J97J18000410001,Attivo
J97J19000010001,Attivo
J97J19000020001,Attivo
J97J19000030001,Attivo
J97J19000040001,Attivo
J97J19000050001,Attivo
J97J19000060001,Attivo
J97J19000070001,Attivo
J97J19000080001,Attivo
