regione,istat,valore_normalizzato_mln,risorse_mln,nuove_risorse_mln,definanziamenti_mln,rimodulazioni_mln,incidenza_nuove_risorse_pct
Emilia Romagna,08,18813.15,7054.12,128.78,-81.18,3104.41,3
Friuli Venezia Giulia,06,5485.19,1625.3,50.85,-4.42,23.92,1
Liguria,07,12402.67,7406.24,78.49,-27.1,-11.4,2
Lombardia,03,27114.27,11692.51,343.94,-41.36,167.2,9
Piemonte,01,25481.82,11234.14,206.08,-41.35,53.57,5
Trentino Alto Adige,04,17237.04,8113.5,313.09,-3.39,-108.29,8
Val d'Aosta,02,621.72,290.32,7.83,-0.76,0.0,0
Veneto,05,24266.89,11845.03,319.99,-107.34,-108.97,8
Lazio,12,23868.65,4034.67,203.89,-11.37,-84.08,5
Marche,11,6953.96,2045.11,56.36,-134.44,-739.91,1
Toscana,09,13691.01,6833.23,185.53,-14.2,24.08,5
Umbria,10,5373.72,1175.94,42.63,-3.51,7.18,1
Abruzzo,13,12588.09,2303.32,104.33,-99.06,-619.53,3
Basilicata,17,6142.86,3148.22,176.13,-3.24,1455.29,4
Calabria,18,24610.23,5384.43,268.91,-7.96,2472.8,7
Campania,15,24994.95,17161.94,420.29,-112.5,-3761.6,11
Molise,14,2614.69,1439.95,124.33,-33.97,409.32,3
Puglia,16,11855.36,4853.72,88.49,-361.1,-2133.66,2
Sardegna,20,4590.18,1443.79,61.2,-4.02,-61.74,2
Sicilia,19,25448.99,17028.58,791.9,-68.42,-89.09,20
