codice,descrizione,regioni_appendice_7,pluriregionale,programma_diffuso,regioni_stimate_dalla_piattaforma,confronto
0013A,Nuova linea a monte del Vesuvio Nuova linea a monte del Vesuvio (tratta bivio Casoria - bivio Sarno),Campania,False,False,Campania,uguali
0013B,Fermata Vesuvio Est Linea a monte del Vesuvio Fermata Vesuvio Est PROG PROG,Campania,False,False,Campania,uguali
0036,"Nodo di Palermo Passante ferroviario Palermo c.le/Notarbartolo-Carini, Apparato tecnologico Palermo c.le e Completamento raddoppio Carini- Punta-Raisi e adeguamento tecnologico Palermo c.le-Fiumetorto",Sicilia,False,False,Sicilia,uguali
0049A,Raddoppio Milano-Mortara: 1^ fase Raddoppio Milano S.Cristoforo- Albairate Fermate Porta Romana e Tibaldi Riqualificazione Milano S. Cristoforo-P.ta Romana PROG PROG Raddoppio Albairate-Abbiategrasso PROG PROG,Lombardia,False,False,Lombardia,uguali
0049B,Raddoppio Milano-Mortara: 2^ fase Raddoppio Abbiategrasso-Vigevano-Parona PROG PROG Raddoppio Parona-Mortara,Lombardia,False,False,Lombardia,uguali
0052,"Passante di Torino tratta Porta Susa - Stura Quadruplicamento Torino Porta Susa-Stura e progettazione fermate Dora e Zappata, Stazione AV Torino Porta Susa e Nuova SSE Torino Bramante",Piemonte,False,False,Piemonte,uguali
0077,Raddoppio Genova-Ventimiglia 1^ fase Raddoppio Andora - S.Lorenzo e completamento raddoppio S.Lorenzo - Ospedaletti,Liguria,False,False,Liguria,uguali
0083,Infrastrutturazione area stazione Tiburtina e nodo di interscambio Stazione AV stazione Tiburtina e infrastrutturazione area,Lazio,False,False,Lazio,uguali
0099A,Itinerario Napoli-Bari: Raddoppio Bovino-Cervaro Raddoppio Bovino-Cervaro,Puglia,False,False,Campania|Puglia,in parte
0099B,Itinerario Napoli-Bari: Raddoppio Orsara-Bovino Raddoppio Orsara-Bovino,Puglia,False,False,Campania|Puglia,in parte
0099C,Itinerario Napoli-Bari: Opere di completamento raddoppio Vitulano-Apice Interventi di completamento raddoppio Vitulano-Apice,Campania,False,False,Campania|Puglia,in parte
0100,"Raddoppio Bari-Taranto Raddoppio Bari S.Andrea - Bitetto e Castellaneta-Palagianello e interventi di completamento tratte già raddoppiate, bretella di collegamento Bari-Taranto-Metaponto",Puglia,False,False,Puglia,uguali
0115,Raddoppio Messina - Siracusa 1^ fase Raddoppio Catania Ognina - Catania Centrale e interventi di completamento raddoppio Fiumefreddo-Giarre e Targia - Siracusa,Sicilia,False,False,Sicilia,uguali
0119,Potenziamento infrastrutturale Orte-Falconara,Umbria,False,False,Lazio,diverse
0136,Nuova Linea Ferrandina-Matera La Martella,Basilicata,False,False,Basilicata,uguali
0142A,"Raddoppio Pescara-Bari 1^ fase Completamento raddoppio Ortona-Casalbordino, Vasto-Vasto S.Salvo e Lesina-San Severo (opere già in esercizio) e Raddoppio tratta a nord della stazione di Ortona PRG e ACC Foggia",Abruzzo|Puglia,True,False,Abruzzo|Puglia,uguali
0142B,Completamento raddoppio Pescara-Bari (tratta Termoli- Lesina) Raddoppio Ripalta-Lesina Raddoppio Termoli-Ripalta,Molise|Puglia,True,False,Abruzzo|Molise|Puglia,in parte
0149,"Sistemazione nodo di Bari Raddoppio Bari Parco Sud - Bari Torre a Mare e variante ingresso linea merci Bari-Taranto, Variante ingresso linea viaggiatori Bari- Taranto, modifica radice lato Nord Bari C.le e ACC Bari Parco Nord, Binari di stazionamento della stazione di Bari C.le",Puglia,False,False,Puglia,uguali
0223A,Nodo di Novara 1^ fase Sistemazione Novara Boschetto e PRG Vignale PROG PROG,Piemonte,False,False,Piemonte,uguali
0223B,Nodo di Novara completamento Nodo di Novara: Passante merci (include progettazioni pregresse PROG PROG per opere di scavalco linee Novara-Mortara e Novara-Milano),Piemonte,False,False,Piemonte|Lombardia,in parte
0226,Raddoppio Orte-Falconara: tratta Spoleto-Terni Raddoppio Spoleto-Terni PROG ITER,Umbria,False,False,Umbria|Lazio,in parte
0241A,Cintura di Torino e connessione al collegamento Torino- Lione opere prioritarie Sezione nazionale Torino-Lione 1^ fase (quadruplicamento PROG PROG Avigliana-Orbassano e scalo Orbassano),Piemonte,False,False,Piemonte,uguali
0241B,Cintura di Torino e connessione al collegamento Torino- Lione completamento Cintura di Torino (nuova linea Orbassano-Settimo Torinese) Sezione nazionale Torino-Lione 2^ fase (quadruplicamento PROG PROG Bussoleno-Avigliana),Piemonte,False,False,Piemonte,uguali
0242,"Velocizzazione Palermo - Agrigento Velocizzazione Montemaggiore-Roccapalumba, Variante Lercara e altri interventi minori",Sicilia,False,False,Sicilia,uguali
0249,Linea Messina-Catania: raddoppio Giampilieri-Fiumefreddo Raddoppio Giampilieri-Taormina Raddoppio Letojanni-Taormina-Fiumefreddo,Sicilia,False,False,Sicilia,uguali
0258_A,Chiusura anello ferroviario di Roma Chiusura anello di Roma lotto 1A Raddoppio Valle Aurelia - Vigna Clara Chiusura anello di Roma lotto 1B Vigna Clara - Tor di Quinto ITER Chiusura anello di Roma lotto 2 Tor di Quinto - Val d'Ala PROG PROG Chiusura anello di Roma lotto 3 Collegamenti con linee Tirrenica e PROG PROG Roma-Firenze,Lazio,False,False,Lazio,uguali
0260,Raddoppio Lunghezza-Guidonia Raddoppio Lunghezza-Guidonia 1^ fase (Lunghezza-Bagni di Tivoli) Raddoppio Lunghezza-Guidonia 2^ fase (Bagni di Tivoli - Guidonia) PROG ITER,Lazio,False,False,Lazio,uguali
0263,Adeguamento tecnologico e infrastrutturale linea Battipaglia-Reggio Calabria,Campania|Calabria,True,False,Campania|Calabria,uguali
0264A,Accesso al Sempione: raddoppio Vignale-Oleggio-Arona Raddoppio Vignale-Oleggio PROG PROG Raddoppio Oleggio-Arona PROG PROG,Piemonte,False,False,Piemonte,uguali
0268,Collegamento ferroviario aeroporto di Venezia Collegamento ferroviario aeroporto di Venezia,Veneto,False,False,Veneto,uguali
0269,Collegamento ferroviario aeroporto di Verona Collegamento ferroviario aeroporto di Verona,Veneto,False,False,Veneto,uguali
0270,Sistemazione nodo di Catania Interramento stazione Catania c.le completamento del doppio PROG PROG binario tra Catania C.le e Catania Acquicella Interramento Catania Acquicella-Bicocca Collegamento ferroviario aeroporto di Catania: fermata su linea esistente,Sicilia,False,False,Sicilia,uguali
0271A,Velocizzazione Catania-Siracusa 1^ fase Velocizzazione Bicocca-Augusta,Sicilia,False,False,Sicilia,uguali
0271B,Velocizzazione Catania-Siracusa completamento Velocizzazione Augusta-Targia PROG PROG,Sicilia,False,False,Sicilia,uguali
0275A,Nuovo collegamento Palermo-Catania 1^ macrofase 1^ macrofase Palermo - Catania: Lotto 1+2 Fiumetorto- Montemaggiore-Lercara 1^ macrofase Palermo - Catania: Lotto 3 Lercara-Caltanissetta Xirbi 1^ macrofase Palermo - Catania: Lotto 4a Caltanissetta Xirbi-Enna 1^ macrofase Palermo - Catania: Lotto 4b Enna-Dittaino 1^ macrofase Palermo - Catania: Lotto 5 Dittaino-Catenanuova 1^ macrofase Palermo - Catania: Lotto 6 Catenanuova-Bicocca,Sicilia,False,False,Sicilia,uguali
0275B,Nuovo collegamento Palermo-Catania 2^ macrofase 2^ macrofase Palermo - Catania: Tratti di raddoppio e varianti alla PROG PROG linea storica tratta Lercara Diramazione- Nuova Enna,Sicilia,False,False,Sicilia,uguali
0276A,Completamento raddoppio asse ferroviario Pontremolese - 1^ fase Raddoppio Parma-Vicofertile ITER,Emilia-Romagna,False,False,Emilia-Romagna,uguali
0276B,Completamento raddoppio asse ferroviario Pontremolese - 2^ fase Raddoppio Vicofertile-Fornovo(Osteriazza) e Berceto-Chiesaccia PROG PROG,Emilia-Romagna,False,False,Emilia-Romagna,uguali
0277,Potenziamento Seregno-Bergamo Potenziamento Seregno-Bergamo (gronda est di Milano) PROG PROG,Lombardia,False,False,Lombardia,uguali
0279A,Itinerario Napoli-Bari: Raddoppio e velocizzazione tratta Cancello-Frasso Telesino Nuovo collegamento Cancello-Frasso Telesino e progettazione preliminare intero itinerario,Campania,False,False,Campania|Puglia,in parte
0279B,Itinerario Napoli-Bari: Raddoppio e velocizzazione tratta Frasso Telesino-Vitulano (Benevento) Raddoppio Frasso Telesino-Telese Raddoppio Telese-S.Lorenzo Maggiore-Vitulano,Campania,False,False,Campania,uguali
0281,Itinerario Napoli-Bari: raddoppio tratta Apice-Orsara,Campania,False,False,Campania|Puglia,in parte
0284,Itinerario Napoli-Bari: Interventi su linea Cancello-Napoli per integrazione con linea AV/AC Variante Napoli-Cancello,Campania,False,False,Campania|Puglia,in parte
0286A,Quadruplicamento Tortona-Voghera opere prioritarie PRG e ACC Tortona,Piemonte,False,False,Piemonte|Lombardia,in parte
0286B,Quadruplicamento Tortona-Voghera Quadruplicamento Tortona-Voghera PROG ITER,Piemonte|Lombardia,True,False,Piemonte|Lombardia,uguali
0289,Completamento raddoppio Genova-Ventimiglia: tratta Andora-Finale Ligure Raddoppio Andora-Finale Ligure PROG ITER,Liguria,False,False,Liguria,uguali
0290,Nuova linea Passo Corese-Rieti Nuova linea Passo Corese-Rieti PROG PROG,Lazio,False,False,Lazio,uguali
0292A,Accesso al Brennero lotto 1 - Fortezza-Ponte Gardena Quadruplicamento Fortezza - Ponte Gardena,Trentino-Alto Adige,False,False,Trentino-Alto Adige,uguali
0292B,Accesso al Brennero lotto 4 - Ingresso nel nodo di Verona Ingresso a Verona,Veneto,False,False,Trentino-Alto Adige|Veneto,in parte
0292C,Accesso al Brennero lotto 2- Circonvallazione di Bolzano Circonvallazione di Bolzano PROG PROG,Trentino-Alto Adige,False,False,Trentino-Alto Adige,uguali
0294,Potenziamento linea Gallarate-Rho Quadruplicamento Rho-Parabiago e raccordo a Y per Malpensa Quadruplicamento Rho-Parabiago e raccordo a Y per Malpensa (opere di completamento) Triplicamento Parabiago-Gallarate PROG ITER,Lombardia,False,False,Lombardia,uguali
0296,Raddoppio Orte-Falconara: tratta Foligno-Fabriano Raddoppio Foligno-Fabriano,Umbria|Marche,True,False,Umbria|Marche|Lazio,in parte
0297A,Nodo di Falconara 1^ fase Variante Falconara e bretella di collegamento tra la linea Orte- Falconara direzione nord e la variante di Falconara verso nord,Marche,False,False,Lazio,diverse
0297B,Nodo di Falconara completamento Nuova stazione Osimo ITER,Marche,False,False,Marche,uguali
0298,Nuovo collegamento PM228 - Castelplanio con by-pass di Albacina PM228-Castelplanio Lotto 1: nuovo collegamento PM228 - nuovo ITER Bivio Nord Albacina PM228-Castelplanio Lotto 2: Raddoppio Bivio Nord Albacina - Serra San Quirico PM228-Castelplanio Lotto 3: Raddoppio Serra San Quirico - PROG ITER Castelplanio,Marche,False,False,Marche,uguali
0307A,Roma-Pescara - ulteriore fasi Raddoppio Interporto d'Abruzzo-Chieti-Pescara PROG ITER,Abruzzo,False,False,Lazio|Abruzzo,in parte
0311A,"Potenziamento Metaponto-Sibari-Bivio S.Antonello opere prioritarie Metaponto-Sibari-Paola: potenziamento linea di contatto, adeguamento a modulo 750 m e semplificazione impianti, rettifiche di tracciato località Cassano, Tarsia e Torano e variante di Acri",Calabria,False,False,Basilicata|Calabria,in parte
0311B,Potenziamento Metaponto-Sibari-Bivio S.Antonello Variante Montegiordano-Amendolara Rettifiche curve ed adeguamento linea Metaponto-Sibari-Paola,Basilicata|Calabria,True,False,Basilicata|Calabria,uguali
0313A,Velocizzazione S. Gavino-Sassari-Olbia fasi prioritarie Variante Bauladu,Sardegna,False,False,Sardegna,uguali
0313B,"Velocizzazione S. Gavino-Sassari-Olbia completamento Varianti Bonorva-Torralba, Macomer I, Macomer II e Campomela- PROG PROG Sassari",Sardegna,False,False,Sardegna,uguali
0315,Velocizzazione Siracusa-Ragusa-Gela Velocizzazione Siracusa-Ragusa-Gela PROG PROG,Sicilia,False,False,Sicilia,uguali
0325,Linea AV/AC Milano-Verona: tratta Treviglio-Brescia,Lombardia,False,False,Lombardia|Veneto,in parte
0331,Raddoppio linea Roma-Viterbo: tratta Cesano-Bracciano Raddoppio Cesano-Vigna di Valle PROG ITER Raddoppio Vigna di Valle-Bracciano PROG ITER,Lazio,False,False,Lazio,uguali
0334,"Potenziamento Foligno-Perugia-Terontola 1° stralcio Consolidamento sede tratta Foligno-Assisi, velocizzazione tratta Perugia Ponte San Giovanni - Foligno e nuova fermata Perugia aeroporto",Umbria,False,False,Umbria,uguali
0335,Quadruplicamento Pavia-Milano Rogoredo Quadruplicamento Rogoredo-Pieve Emanuele Quadruplicamento Pieve Emanuele-Pavia PROG PROG,Lombardia,False,False,Lombardia,uguali
0336,Raddoppio Palermo-Messina tratta Fiumetorto- Castelbuono Raddoppio Fiumetorto-Ogliastrillo Raddoppio Ogliastrillo-Castelbuono,Sicilia,False,False,Sicilia,uguali
0337A,Accesso al Brennero lotto 3a - Circonvallazione di Trento Circonvallazione di Trento (lotto 3a) e progettazione preliminare lotti 3a e 3b,Trentino-Alto Adige,False,False,Trentino-Alto Adige,uguali
0337B,Accesso al Brennero lotto 3b - Circonvallazione di Rovereto Circonvallazione di Rovereto,Trentino-Alto Adige,False,False,Trentino-Alto Adige,uguali
0359,Raddoppio Campoleone-Aprilia Raddoppio Campoleone-Aprilia,Lazio,False,False,Lazio,uguali
0361,Linea AV/AC Milano - Verona: tratta Brescia - Verona,Lombardia|Veneto,True,False,Lombardia|Veneto,uguali
0362A,Linea AV/AC Verona-Padova 1° lotto funzionale: Tratta Verona-bivio Vicenza,Veneto,False,False,Veneto,uguali
0362B,Linea AV/AC Verona-Padova 2° lotto funzionale: Attraversamento di Vicenza,Veneto,False,False,Veneto,uguali
0365A,"Potenziamento Venezia-Trieste lotti prioritari Potenziamento tecnologico Venezia-Trieste, rimozione limitazione massa assiale D4 e altri interventi infrastrutturali su linea storica",Veneto|Friuli-Venezia Giulia,True,False,Veneto|Friuli-Venezia Giulia,uguali
0365B,"Potenziamento Venezia-Trieste completamento Varianti Portugruaro, Latisana e Isonzo PROG ITER Variante Ronchi-Aurisina",Veneto|Friuli-Venezia Giulia,True,False,Veneto|Friuli-Venezia Giulia,uguali
0366A,"Potenziamento linea Ponte S.Pietro-Bergamo-Montello Raddoppio Bergamo-Curno, ACC Bergamo, PRG e ACC Ponte S.Pietro Raddoppio Bergamo-Montello ITER PRG Bergamo",Lombardia,False,False,Lombardia,uguali
0417,Porto di Taranto - collegamento ferroviario del complesso del porto di Taranto con la rete nazionale Nuova stazione di Cagioni e collegamento con nuova Piastra Logistica,Puglia,False,False,Puglia,uguali
0810,"Velocizzazione Foligno-Perugia-Terontola PRG Perugia S. Giovanni 1^ fase, Velocizzazione Perugia Pontivegge, nuova fermata Perugia Capitini e miglioramenti infrastrutturali tratte varie",Umbria,False,False,Umbria,uguali
1346,Potenziamento linea Pistoia-Lucca Raddoppio Pistoia-Montecatini Upgrading Montecatini-Pescia Raddoppio Pescia-Lucca PROG ITER,Toscana,False,False,Toscana,uguali
1357,Potenziamento Fossano-Cuneo Interventi nella stazione di Centallo e progettazione raddoppio Fossano-Cuneo,Piemonte,False,False,Piemonte,uguali
1417,Potenziamento linee Castelli Romani Potenziamento stazione di Marino e Frascati; potenziamento infrastrutturale e tecnologico della linea Ciampino-Frascati e nuova stazione di Villa Senni,Lazio,False,False,Lazio,uguali
1438,Nodo ferrostradale Casalecchio di Reno: interramento linea Porrettana (stralcio ferroviario) Nodo Casalecchio di Reno: interramento linea Porrettana (stralcio PROG PROG ferroviario),Emilia-Romagna,False,False,Emilia-Romagna,uguali
1483,Nodo di interscambio di Pigneto Fermata Pigneto su linea FL1/FL3 e copertura parziale vallo Fermata Pigneto su linea FL4/6 e sistemazioni viarie PROG PROG Completamento copertura vallo ferroviario Pigneto PROG PROG,Lazio,False,False,,stima assente
1524,"Interventi di ammodernamento e velocizzazione della tratta ferroviaria Oristano-Sassari-Olbia Soppressione passaggi a livello a nord di Oristano, istituzione Rango C linee Cagliari-Sassari/Olbia e rettifiche di tracciato tra Bauladu e Abbasanta",Sardegna,False,False,Sardegna,uguali
1604A,Upgrading infrastrutturale e tecnologico linea linea Trieste- Divaca Upgrade linea storica bivio Aurisina-Confine di Stato (fase 0 Nuova linea Trieste-Divaca) - comprende anche progettazione preliminare nuova linea,Friuli-Venezia Giulia,False,False,Friuli-Venezia Giulia,uguali
1670,Upgrading infrastrutturale e tecnologico rete sarda 1^ fase SCMT e istituzione rango P tratte a nord di Oristano e linee Decimomannu-Iglesias/Villamassargia; Opere connesse all'arretramento della stazione di Olbia,Sardegna,False,False,Sardegna,uguali
1674,"Linea ferroviaria Potenza - Foggia - ammodernamento Ammodernamento Potenza-Foggia Fase 1: adeguamento a standard RFI e razionalizzazione impianti Ammodernamento Potenza-Foggia Fase 2B: velocizzazione PROG PROG Variante di Melfi PROG PROG Ammodernamento Potenza-Foggia Fase 2A: elettrificazione, soppressione PL e consolidamento sede",Puglia|Basilicata,True,False,Puglia|Basilicata,uguali
1940,"Nodo di Udine Revisione fascio Sacca e ACC Udine Centrale su piano ferro attuale Nuovo PM Cargnacco, PRG di Udine Centrale, PRG Udine C.le, ITER PRG/ACC Udine Bivi (ex Udine Parco), raddoppio della linea di cintura tra PM VAT, bretella tra linea Gorizia e linea per Cervignano",Friuli-Venezia Giulia,False,False,Friuli-Venezia Giulia,uguali
A004,Galleria di base del Brennero - quota Italia,Trentino-Alto Adige,False,False,Trentino-Alto Adige,uguali
A1004A,Sicurezza in galleria,,False,True,,programma diffuso
A1004B,Risanamento acustico,,False,True,,programma diffuso
A1004D,Smaltimento materiali inquinanti e altri obblighi di legge (annualità fino al 2021),,False,True,,programma diffuso
A1004E,Sicurezza armamento (annualità fino al 2021),,False,True,,programma diffuso
A1004F,"Rilievi, progettazioni e interventi di adeguamento a STI Opere d'arte",,False,True,,programma diffuso
A1006,Soppressione passaggi a livello,,False,True,,programma diffuso
A1008,Velocizzazione attraversamento dinamico Stretto di Messina,Sicilia,False,False,Sicilia,uguali
A1013A,Idrogeologia,,False,True,,programma diffuso
A1013B,Sismica,,False,True,,programma diffuso
A1014,Piano conservazione opere d'arte (annualità fino al 2021),,False,True,,programma diffuso
A1015,Cyber Security e Cyber security e Protezione Infrastruttura Ferroviaria Nazionale (IFN),,False,True,,programma diffuso
A1017,Monitoraggio Infrastruttura,,False,True,,programma diffuso
A2001B,Tecnologie per la circolazione,,False,True,,programma diffuso
A2004A,Interventi tecnologici per il miglioramento della sicurezza della circolazione,,False,True,,programma diffuso
A2004B,Sistemi di Rilevamento Termico Boccole e Controllo Squilibrio Carichi Verticali,,False,True,,programma diffuso
A2004C,Sistemi per la protezione dei passaggi a livello,,False,True,,programma diffuso
A2004D,Sistemi per la diagnostica dell'infrastruttura,,False,True,,programma diffuso
A2004E,Dismissione contesti di esercizio obsoleti,,False,True,,programma diffuso
A2004F,Mitigazione effetti venti trasversali,,False,True,,programma diffuso
A2004G,Interventi infrastrutturali e tecnologici per la sicurezza,,False,True,,programma diffuso
A2005,Telecomunicazioni e GSM-R,,False,True,,programma diffuso
A2008,Sviluppo tecnologie innovative,,False,True,,programma diffuso
A2009,Security,,False,True,,programma diffuso
A2010,Sistemi Informativi,,False,True,,programma diffuso
A2011,Programma nazionale ERTMS,,False,True,,programma diffuso
A5000_1,Nodo AV di Firenze Nodo AV di Firenze,Toscana,False,False,Toscana,uguali
I008,Porto di Trieste Potenziamento stazione Trieste Campo Marzio Potenziamento impianti a servizio del porto di Trieste,Friuli-Venezia Giulia,False,False,Friuli-Venezia Giulia,uguali
I085,Accesso al Brennero lotti di completamento (fasi) Accesso al Brennero: lotti di completamento (fasi),Trentino-Alto Adige|Veneto,True,False,Trentino-Alto Adige,in parte
I107A,AV-AC Salerno - Reggio Calabria AV Salerno-Reggio Calabria: Lotto 1a Battipaglia - Romagnano e progettazione di fattibilità tecnico-economica intero itinerario AV Salerno-Reggio Calabria: Lotti 1b+1c Romagnano - Praia ITER AV Salerno-Reggio Calabria: Raddoppio Galleria Santomarco AV Salerno-Reggio Calabria: Lotto 2 Praia-Paola,Campania|Basilicata|Calabria,True,False,Campania|Calabria,in parte
I107B,"AV-AC Salerno - Reggio Calabria completamento AV Salerno-Reggio Calabria: Lotti di completamento (Collegamento linea a monte del Vesuvio - Battipaglia e tratte Paola - Lamezia, Lamezia - Gioia Tauro, Gioia Tauro - Villa S.Giovanni / Reggio Calabria) e progettazioni pregresse",Campania|Calabria,True,False,Campania|Calabria,uguali
I131,Ripristino linea dei bivi di Venezia Mestre Ripristino linea dei bivi di Venezia Mestre PROG PROG,Veneto,False,False,Veneto,uguali
I135,Linea AV/AC Verona-Padova 3° lotto funzionale: Tratta Vicenza-Padova,Veneto,False,False,Veneto,uguali
I137,Collegamento ferroviario aeroporto di Bergamo Collegamento ferroviario aeroporto di Bergamo,Lombardia,False,False,Lombardia,uguali
I138A,"Potenziamento collegamenti ferroviari con aeroporto di Fiumicino - opere prioritarie Ampliamento impianto Fiumicino Aeroporto, potenziamento PROG PROG tratta Fiumicino-Ponte Galeria e bretelle di collegamento con la linea Pisa-Roma",Lazio,False,False,Toscana|Lazio,in parte
I162,Ripristino linea Palermo-Trapani via Milo Ripristino linea Palermo-Trapani via Milo,Sicilia,False,False,Sicilia,uguali
I170,Elettrificazione e ammodernamento linea Barletta-Canosa Elettrificazione e ammodernamento linea Barletta-Canosa,Puglia,False,False,Puglia,uguali
I172,Variante di Riga PRG Bressanone e altre opere propedeutiche Variante di Riga e fermata di Sciaves Fermata di Varna PROG PROG,Trentino-Alto Adige,False,False,,stima assente
I173,"Elettrificazione, velocizzazione e ammodernamento linee Salerno - Mercato S.S. - Avellino - Benevento e tratta",Campania,False,False,Campania,uguali
I174,Nuova stazione Taranto Nasisi Nuova stazione Taranto Nasisi,Puglia,False,False,Puglia,uguali
I175,Raddoppio PM 228-Albacina,Marche,False,False,,stima assente
I177,"Completamento metropolitana di Salerno: tratta stadio Arechi-Pontecagnano Aeroporto Completamento metropolitana di Salerno: tratta stadio Arechi- Pontecagnano Aeroporto ASI Salerno - nuova stazione metropolitana - ""Zona Industriale""",Campania,False,False,Campania,uguali
I178A,Raddoppio Codogno-Cremona-Mantova 1^ fase Raddoppio Piadena-Mantova e soppressione PL critici intera linea,Lombardia,False,False,Lombardia,uguali
I178B,Raddoppio Codogno-Cremona-Mantova 2^ fase Raddoppio Codogno-Cava Tigozzi e Cremona-Piadena PROG PROG,Lombardia,False,False,Lombardia,uguali
I182,Adeguamento nodo di Brescia e potenziamento collegamento Brescia-S.Zeno-Ghedi Adeguamento nodo di Brescia e potenziamento collegamento PROG PROG Brescia-S.Zeno-Ghedi,Lombardia,False,False,Lombardia,uguali
I183,Raddoppio Maerne-Castelfranco Veneto Raddoppio Maerne-Castelfranco Veneto PROG PROG,Veneto,False,False,Veneto,uguali
I184,Potenziamento Padova-Castelfranco Linea Padova-Vigodarzere: raddoppio ponte sul Brenta,Veneto,False,False,Veneto,uguali
NA026,"Fondo Progettazioni, Collegio Consultivo Tecnico e salvaguardia interventi cofinanziati da UE e EE.LL.",,False,True,,programma diffuso
P053,Upgrading infrastrutturale e tecnologico nodo di Roma,Lazio,False,False,Lazio,uguali
P054,Upgrading infrastrutturale e tecnologico nodo di Milano,Lombardia,False,False,Lombardia,uguali
P055_A,Piano integrato Stazioni,,False,True,,programma diffuso
P060,Infrastrutturazione porti e terminali,,False,True,,programma diffuso
P073,Upgrading tecnologico e prestazionale Tirrenica sud 1^ fase,Calabria,False,False,,stima assente
P074,"Ammodernamento e velocizzazione itinerari Palermo- Catania-Messina, Messina-Palermo e Messina-Siracusa",Sicilia,False,False,Sicilia,uguali
P075,Upgrading infrastrutturale e tecnologico nodo di Venezia,Veneto,False,False,Veneto,uguali
P076,Upgrading infrastrutturale e tecnologico nodo di Firenze,Toscana,False,False,Toscana,uguali
P080,Upgrading infrastrutturale e tecnologico nodo di Torino,Piemonte,False,False,Piemonte,uguali
P083,Upgrading infrastrutturale e tecnologico rete sarda 2^ fase Rete sarda: Potenziamento e interventi diffusi per la messa in,Sardegna,False,False,,stima assente
P087A,Ammodernamento e potenziamento rete ferroviaria Regione Abruzzo - Bretella Sulmona Bretella Sulmona,Abruzzo,False,False,Abruzzo,uguali
P087B,Ammodernamento e potenziamento rete ferroviaria Regione Abruzzo - Collegamento al porto di Vasto Collegamento al porto di Vasto PROG PROG,Abruzzo,False,False,Abruzzo,uguali
P101,Potenziamento linea Empoli-Siena Raddoppio Empoli-Granaiolo Elettrificazione linea Empoli-Siena ITER,Toscana,False,False,Toscana,uguali
P111,Variante di Cannitello - opere di mitigazione,,False,False,,non elencato nell'appendice
P112,Upgrading infrastrutturale e tecnologico nodo di Bologna,Emilia-Romagna,False,False,Emilia-Romagna,uguali
P123,Elettrificazione Ivrea-Aosta e adeguamento linea Chivasso - Aosta Elettrificazione Ivrea-Aosta e Velocizzazione impianti e soppressione PL linea Chivasso-Aosta,Piemonte|Valle d'Aosta,True,False,Piemonte|Valle d'Aosta,uguali
P125,Elettrificazione linee Veneto,Veneto,False,False,,stima assente
P126,Velocizzazione direttrice Salerno-Taranto Velocizzazione impianti linea Battipaglia-Potenza,Campania|Basilicata,True,False,Campania|Puglia|Basilicata,in parte
P128,Elettrificazione linea Trento-Bassano 1^ fase Elettrificazione Trento-Borgo Valsugana,Trentino-Alto Adige,False,False,Trentino-Alto Adige,uguali
P129,Collegamento ferroviario aeroporto di Genova Fermate di Erzelli/Aeroporto e Cornigliano est ACC e PRG Sestri Ponente PROG PROG,Liguria,False,False,Liguria,uguali
P131,Velocizzazione linea Torino-Genova Velocizzazione Torino-Genova 1^ fase (potenziamento tecnologico e rettifiche di tracciato) Velocizzazione Torino-Genova 2^ fase (varianti di tracciato),Piemonte,False,False,Piemonte|Liguria,in parte
P133,Velocizzazione linea Milano-Genova Velocizzazione Milano-Genova 1^ fase - potenziamento tecnologico e 2^ fase - rettifiche di tracciato e piccole varianti,Lombardia,False,False,Lombardia|Liguria,in parte
P134,Upgrading infrastrutturale e tecnologico nodo di Napoli,Campania,False,False,Campania,uguali
P135,Upgrading infrastrutturale e tecnologico nodi di Palermo - Catania - Messina,Sicilia,False,False,Sicilia,uguali
P136,Linea Bolzano-Merano: Galleria del Virgolo Modifica radice sud di Bolzano e inserimento terzo binario indipendente per linea Bolzano-Merano,Trentino-Alto Adige,False,False,,stima assente
P140,Upgrading tecnologico e prestazionale Tirrenica sud 2^ fase,Calabria,False,False,,stima assente
P142,"Porto di Ravenna Porto di Ravenna 1^ fase: Soppressione P.L. via Canale Molinetto, ITER adeguamento cavalcavia Teodorico, prolungamento del sottopassaggio pedonale di stazione e adeguamento collegamento esistente dorsale sinistra Candiano Porto di Ravenna 2^ fase: Potenziamento collegamenti esistenti ITER dorsali sinistra e destra Candiano",Emilia-Romagna,False,False,Emilia-Romagna,uguali
P147,Elettrificazione Civitanova-Macerata-Albacina Elettrificazione Civitanova-Macerata-Albacina,Marche,False,False,Marche,uguali
P173,Nuovo terminale Milano smistamento (interventi RFI) Milano smistamento: attrezzaggio tecnologico nuovo terminale e opere di allaccio alla rete ferroviaria nazionale,Lombardia,False,False,Lombardia,uguali
P174,Scalo merci Bari Lamasinata Nuova stazione di Bari Lamasinata/Ferruccio fasi PROG PROG,Puglia,False,False,Puglia,uguali
P175,Scalo Torino Orbassano ACC Torino Orbassano Scalo Torino Orbassano: interventi in fascio container,Piemonte,False,False,Piemonte,uguali
P178,Nodo intermodale di Brindisi Nodo intermodale di Brindisi,Puglia,False,False,Puglia,uguali
P188,Raddoppio Bolzano-Merano Raddoppio Bolzano-Merano PROG PROG,Trentino-Alto Adige,False,False,,stima assente
P192,Upgrading infrastrutturale e tecnologico nodo di Genova,Liguria,False,False,Liguria,uguali
P193,Upgrading infrastrutturale e tecnologico nodo di Bari,Puglia,False,False,Puglia,uguali
P194,Upgrading infrastrutturale e tecnologico nodo di Reggio Calabria,Calabria,False,False,Calabria,uguali
P197,Upgrading infrastrutturale e tecnologico nodo di Cagliari,,False,False,Sardegna,non elencato nell'appendice
P198,Upgrading infrastrutturale e tecnologico bacini nord ovest,Piemonte|Valle d'Aosta|Lombardia|Liguria|Emilia-Romagna,True,False,,stima assente
P199,Upgrading infrastrutturale e tecnologico bacini nord est,Trentino-Alto Adige|Veneto|Friuli-Venezia Giulia|Emilia-Romagna,True,False,,stima assente
P200,Upgrading infrastrutturale e tecnologico bacini centro,Toscana|Umbria|Marche|Lazio|Abruzzo,True,False,,stima assente
P201,Upgrading infrastrutturale e tecnologico bacini sud e isole,Abruzzo|Molise|Campania|Puglia|Basilicata|Calabria|Sicilia|Sardegna,True,False,,stima assente
P210A,Potenziamento della linea Terni - Rieti - L’Aquila-Sulmona Velocizzazione Terni-Rieti e adeguamento massa assiale Rieti- ITER L'Aquila Linea Terni-Sulmona: Infrastrutture di terra per la produzione/stoccaggi e distribuzione di idrogeno verde,Umbria|Lazio|Abruzzo,True,False,Umbria|Lazio|Abruzzo,uguali
P211,Nodo complesso di Pompei Nodo complesso di Pompei,Campania,False,False,Campania,uguali
P214,Valorizzazione turistica delle ferrovie minori,,False,True,,programma diffuso
P215,Adeguamento linea storica Torino-Modane tratta Bussoleno-Avigliana Adeguamento linea Torino-Modane 1^ fase - potenziamento tecnologico e 2^ adeguamento prestazionale,Piemonte,False,False,Piemonte,uguali
P216,Completamento fermate SFM Torino Fermata S.Paolo Fermata Borgata Quaglia - Le Gru Fermata S.Luigi Orbassano Fermate Dora e Zappata Fermata Ferriera - Buttigliera,Piemonte,False,False,Piemonte,uguali
P217,Potenziamento linea veloce collegamento Porta Nuova - Porta Susa Potenziamento linea veloce collegamento Porta Nuova -Porta Susa,Piemonte,False,False,,stima assente
P220,"Potenziamento dei collegamenti tra il porto di Livorno, la rete ferroviaria e l'interporto Guasticce Porto di Livorno: collegamento diretto Porto-Guasticce (scavalco della linea tirrenica ambito Livorno Calambrone) Porto di Livorno: Collegamento dell’interporto di Guasticce alla PROG PROG linea Pisa-Vada via Collesalvetti Porto di Livorno: Bretella di collegamento tra la linea Pisa-Vada PROG PROG via Collesalvetti e la linea Firenze-Pisa",Toscana,False,False,Toscana,uguali
P221,Adeguamento prestazionale e upgrading corridoio TEN-T Mare del Nord-Reno-Mediterraneo e linee afferenti,Piemonte|Lombardia|Liguria,True,False,,stima assente
P222,Adeguamento prestazionale e upgrading corridoio TEN-T Mediterraneo e linee afferenti,Piemonte|Lombardia|Veneto|Liguria|Emilia-Romagna,True,False,,stima assente
P223,Adeguamento prestazionale e upgrading corridoio TEN-T Baltico-Adriatico e linee afferenti,Veneto|Friuli-Venezia Giulia|Emilia-Romagna|Marche|Abruzzo|Molise|Puglia,True,False,,stima assente
P224,Adeguamento prestazionale e upgrading corridoio TEN-T Scandinavia - Mediterraneo e linee afferenti,Lombardia|Trentino-Alto Adige|Veneto|Friuli-Venezia Giulia|Emilia-Romagna|Toscana|Umbria|Marche|Lazio|Campania,True,False,,stima assente
P227,Collegamento ferroviario aeroporto di Brindisi Collegamento ferroviario aeroporto di Brindisi,Puglia,False,False,Puglia,uguali
P230,Stazione AV Foggia Cervaro Stazione AV Foggia Cervaro,Puglia,False,False,Puglia,uguali
P232,Ripristino linea Caltagirone - Gela Ripristino linea Caltagirone - Gela,Sicilia,False,False,Sicilia,uguali
P233,Potenziamento Carnate - Ponte S.Pietro 1^ fase Variante ponte ferroviario Paderno d'Adda PROG PROG,Lombardia,False,False,Lombardia,uguali
P234,Nodo di Genova e Terzo valico dei Giovi Potenziamento infrastrutturale Voltri-Brignole Porto di Genova: Nuovo terminal merci i Genova Campasso Potenziamento terminale Rivalta Scrivia,Piemonte|Liguria,True,False,Liguria,in parte
P235,Chiusura anello di Palermo tratta Politeama - Notarbartolo Anello di Palermo 2° stralcio: tratta Politeama-Notarbartolo,Sicilia,False,False,Sicilia,uguali
P236,"Elettrificazione della tratta Cinisi-Alcamo Dir- Trapani della linea Palermo - Trapani "" via Milo"" Elettrificazione Cinisi-Alcamo Dir- Trapani",Sicilia,False,False,Sicilia,uguali
P237,"City Hub, linee metropolitane e nuove stazioni/fermate",,False,True,,programma diffuso
P238A,Battipaglia - Potenza - Metaponto - Taranto 1^ fase Velocizzazione Grassano-Metaponto,Basilicata,False,False,Campania|Puglia|Basilicata,in parte
P238B,Battipaglia - Potenza - Metaponto - Taranto completamento Velocizzazione e adeguamento prestazionale Romagnano - Taranto ulteriori fasi,Puglia|Basilicata,True,False,Campania|Puglia|Basilicata,in parte
P239,Velocizzazione tratte Orte-Falconara Tecnologie per la velocizzazione tratte prioritarie Orte-Falconara,Umbria|Marche,True,False,Lazio,diverse
P240A,Roma-Pescara fasi Raddoppio Tagliacozzo-Avezzano PROG PROG Raddoppio Sulmona-Pratola Peligna PROG PROG Raddoppio Scafa-Manoppello-Interporto d'Abruzzo,Abruzzo,False,False,Abruzzo,uguali
P240B,Roma-Pescara completamento Nuova linea Roma-Mandela-Tagliacozzo,Lazio|Abruzzo,True,False,Lazio|Abruzzo,uguali
P245,Adeguamento e velocizzazione linea ferroviaria jonica - tratta Sibari-Melito Porto Salvo e trasversale Lamezia Terme - Catanzaro Lido Elettrificazione linea jonica tratta Catanzaro Lido - Crotone - Sibari Potenziamento Lamezia Terme - Settingiano e elettrificazione,Calabria,False,False,Calabria,uguali
P246,Potenziamento Venafro - Campobasso - Matrice Potenziamento Venafro - Campobasso - Matrice 1^ fase Potenziamento Venafro - Campobasso - Matrice 2^ fase,Molise,False,False,Molise,uguali
P247,Potenziamento Palermo - Agrigento - Porto Empedocle bassa Potenziamento Palermo - Agrigento - Porto Empedocle bassa,Sicilia,False,False,Sicilia,uguali
P248,Raddoppio Decimomannu-Villamassargia,Sardegna,False,False,Sardegna,uguali
P249,Collegamento ferroviario aeroporto di Olbia Collegamento ferroviario aeroporto di Olbia,Sardegna,False,False,Sardegna,uguali
P250,Intermodalità e accessibilità Trapani Birgi Intermodalità e accessibilità aeroporto Trapani Birgi,Sicilia,False,False,Sicilia,uguali
P251,Collegamento porto di Augusta Collegamento porto di Augusta,Sicilia,False,False,Sicilia,uguali
P252,Adeguamento e potenziamento impianto di Vado Ligure zona industriale Adeguamento e potenziamento impianto di Vado Ligure zona industriale Fase 1 Adeguamento e potenziamento impianto di Vado Ligure zona industriale Fase 2,Liguria,False,False,Liguria,uguali
P253,Potenziamento collegamenti bacino di Augusta Bypass di Augusta,Sicilia,False,False,Sicilia,uguali
P254A,Elettrificazione Cagliari-Oristano Elettrificazione Cagliari-Oristano,Sardegna,False,False,Sardegna,uguali
P254B,Velocizzazione Villamassargia-Carbonia Velocizzazione Villamassargia-Carbonia,Sardegna,False,False,Sardegna,uguali
P255,Accessibilità alla nuova stazione AV di Belfiore People mover Firenze Belfiore - Santa Maria Novella PROG PROG Fermata Circondaria ITER,Toscana,False,False,Veneto|Toscana,in parte
P256,Potenziamento infrastrutturale scalo di Brescia Potenziamento infrastrutturale scalo di Brescia,Lombardia,False,False,Lombardia,uguali
P258,Linea Rosarno-S. Ferdinando: adeguamento PRG impianti di Rosarno e San Ferdinando Adeguamento PRG impianti di Rosarno e San Ferdinando,Calabria,False,False,Calabria,uguali
P259,Linea Bari-Bitritto: upgrading infrastrutturale Linea Bari-Bitritto: upgrading infrastrutturale,Puglia,False,False,Puglia,uguali
P260,Potenziamento Capannelle-Ciampino Quadruplicamento Capannelle-Ciampino e PRG Ciampino,Lazio,False,False,Lazio,uguali
P261,"Potenziamento linea Bologna-Prato Linea Bologna-Prato-Firenze: adeguamento prestazionale (sagoma, modulo) e potenziamento tecnologico",Emilia-Romagna|Toscana,True,False,Emilia-Romagna|Toscana,uguali
P262A,Velocizzazione e potenziamento linea ferroviaria Adriatica 1^ fase,Emilia-Romagna|Marche|Abruzzo|Molise|Puglia,True,False,,stima assente
P262B,Velocizzazione e potenziamento linea ferroviaria Adriatica 2^ fase Velocizzazione CastelBolognese-Rimini,Emilia-Romagna|Marche|Abruzzo|Molise|Puglia,True,False,Emilia-Romagna,in parte
P264,Digitalizzazione stazioni,,False,True,,programma diffuso
P265,Piano straordinario di riqualificazione rete infrastrutturale civile,,False,True,,programma diffuso
P270,Opere di collegamento al Ponte sullo stretto di Messina - sponda calabra e siciliana Opere di collegamento al Ponte sullo stretto di Messina - sponda PROG PROG calabra Opere di collegamento al Ponte sullo stretto di Messina - sponda PROG PROG sicialiana,Calabria|Sicilia,True,False,Sicilia,in parte
P271,Potenziamento delle stazioni e fermate minori,,False,True,,programma diffuso
