annualita,sottosistema,pianificato_mln,impegnato_mln,contabilizzato_mln
2022,Infrastruttura fisica,1612.7,1611.4,1516.6
2022,Infrastruttura energetica,206.4,205.1,162.0
2022,Infrastruttura tecnologica,215.6,213.4,181.3
2022,Supporto manutenzione,191.0,186.5,182.3
2023,Infrastruttura fisica,2258.3,2257.2,1908.3
2023,Infrastruttura energetica,211.1,206.3,123.3
2023,Infrastruttura tecnologica,194.0,191.6,139.8
2023,Supporto manutenzione,239.4,238.7,223.3
2024,Infrastruttura fisica,2129.5,2108.9,1212.9
2024,Infrastruttura energetica,264.6,226.4,63.1
2024,Infrastruttura tecnologica,212.2,211.3,96.9
2024,Supporto manutenzione,243.6,234.7,203.9
