codice_intervento,descrizione_cdp,progetto_rfi,attivazione_prevista,pnrr,regioni,pagine_pdf,tipi_di_beneficio,riferimento_cdp_rfi,natura_del_dato
P210A,Potenziamento della linea Terni - Rieti - L’Aquila-Sulmona Velocizzazione Terni-Rieti e adeguamento massa assiale Rieti- ITER L'Aquila Linea Terni-Sulmona: Infrastrutture di terra per la produzione/stoccaggi e distribuzione di idrogeno verde,Potenziamento della linea Terni - Rieti - L’Aquila - Sulmona,2028 Fase 1 Oltre il 2029* completamento,Misura 1.5,Abruzzo|Umbria,385|794,VELOCITÀ|REGOLARITÀ|PRESTAZIONI|SOSTENIBILITÀ,P210A - Collegamento Terni - Rieti - L’Aquila - Sulmona - opere prioritarie,fonte esterna (dichiarato da RFI)
A2001B,Tecnologie per la circolazione,Potenziamento linea Guidonia - Sulmona,2026 fase 2027 completamento,,Abruzzo,386|500,REGOLARITÀ,A2001B - Tecnologie per la circolazione; A2004E - Dismissione contesti di esercizio obsoleti,fonte esterna (dichiarato da RFI)
A2004E,Dismissione contesti di esercizio obsoleti,Potenziamento linea Guidonia - Sulmona,2026 fase 2027 completamento,,Abruzzo,386|500,REGOLARITÀ,A2001B - Tecnologie per la circolazione; A2004E - Dismissione contesti di esercizio obsoleti,fonte esterna (dichiarato da RFI)
P223,Adeguamento prestazionale e upgrading corridoio TEN-T Baltico-Adriatico e linee afferenti,Adeguamento del tracciato e velocizzazione Bologna - Lecce Tratta Pescara-Termoli-Foggia,2027,Misura 1.5,Molise|Puglia,387|620|674,VELOCITÀ|VELOCITÀ,P223 - Adeguamento prestazionale e upgrading corridoio TEN-T Baltico-Adriatico e linee afferenti,fonte esterna (dichiarato da RFI)
P240A,Roma-Pescara fasi Raddoppio Tagliacozzo-Avezzano PROG PROG Raddoppio Sulmona-Pratola Peligna PROG PROG Raddoppio Scafa-Manoppello-Interporto d'Abruzzo,Roma-Pescara,2027 fase Oltre il 2029* completamento,,Abruzzo,388,,P240A - Roma-Pescara; P240B - Roma-Pescara,fonte esterna (dichiarato da RFI)
P240B,Roma-Pescara completamento Nuova linea Roma-Mandela-Tagliacozzo,Roma-Pescara,2027 fase Oltre il 2029* completamento,,Abruzzo,388,,P240A - Roma-Pescara; P240B - Roma-Pescara,fonte esterna (dichiarato da RFI)
P087B,Ammodernamento e potenziamento rete ferroviaria Regione Abruzzo - Collegamento al porto di Vasto Collegamento al porto di Vasto PROG PROG,Nuovo collegamento con il porto di Vasto,2027 fase Oltre il 2029* completamento,,Abruzzo,390,CAPACITÀ|INTERMODALITÀ,P087B - Ammodernamento e potenziamento rete ferroviaria Regione Abruzzo - Collegamento al,fonte esterna (dichiarato da RFI)
0307A,Roma-Pescara - ulteriore fasi Raddoppio Interporto d'Abruzzo-Chieti-Pescara PROG ITER,Roma - Pescara: raddoppio Pescara - Chieti - Interporto d’Abruzzo,Oltre il 2029*,,Abruzzo,392,REGOLARITÀ|ACCESSIBILITÀ ALLA RETE|VELOCITÀ|CAPACITÀ|INTERMODALITÀ|ACCESSIBILITA PRM,0307A - Roma-Pescara - ulteriore fasi,fonte esterna (dichiarato da RFI)
0136,Nuova Linea Ferrandina-Matera La Martella,Nuova linea Ferrandina - Matera La Martella,2028 fase Oltre il 2029* completamento,Misura 1.7,Basilicata,402,ACCESSIBILITÀ ALLA RETE|GESTIONE DEGLI SPAZI DI STAZIONE|ACCESSIBILITA PRM,0136 - Nuova linea Ferrandina - Matera La Martella,fonte esterna (dichiarato da RFI)
1674,"Linea ferroviaria Potenza - Foggia - ammodernamento Ammodernamento Potenza-Foggia Fase 1: adeguamento a standard RFI e razionalizzazione impianti Ammodernamento Potenza-Foggia Fase 2B: velocizzazione PROG PROG Variante di Melfi PROG PROG Ammodernamento Potenza-Foggia Fase 2A: elettrificazione, soppressione PL e consolidamento sede",Linea ferroviaria Potenza - Foggia ammodernamento,2026 fase 1 2027 fase 2 Oltre il 2029* completamento,Misura 1.7,Basilicata,404|671,VELOCITÀ|PRESTAZIONI|CAPACITÀ|SOSTENIBILITÀ,1674 - Linea ferroviaria Foggia - Potenza - ammodernamento,fonte esterna (dichiarato da RFI)
P238,Battipaglia - Potenza - Metaponto - Taranto Battipaglia - Potenza - Metaponto - Taranto 1^ fase Battipaglia - Potenza - Metaponto - Taranto 2^ fase,Taranto-Battipaglia,2028 fase Oltre il 2029* completamento,Misura 1.3,Basilicata|Puglia,406|445|676,VELOCITÀ|REGOLARITÀ|ACCESSIBILITA PRM,P238 - Battipaglia - Potenza - Metaponto - Taranto,fonte esterna (dichiarato da RFI)
P126,Velocizzazione direttrice Salerno-Taranto Velocizzazione impianti linea Battipaglia-Potenza,Velocizzazione direttrice Salerno - Taranto,2026,Misura 1.9,Basilicata|Campania,408|440|681,VELOCITÀ ACCESSIBILITA PRM,P126 - Velocizzazione impianti tratta Battipaglia-Potenza,fonte esterna (dichiarato da RFI)
P245,Adeguamento e velocizzazione linea ferroviaria jonica - tratta Sibari-Melito Porto Salvo e trasversale Lamezia Terme - Catanzaro Lido Elettrificazione linea jonica tratta Catanzaro Lido - Crotone - Sibari Potenziamento Lamezia Terme - Settingiano e elettrificazione,Upgrade tecnologico della linea Sibari - Catanzaro Lido - Lamezia Terme Centrale con ACCM/SCCM (fase),2026 fase 2027 compl.,Misura 1.7,,416,VELOCITÀ REGOLARITÀ,P245 - Adeguamento e velocizzazione linea ferroviaria jonica - tratta Sibari-Melito Porto Salvo e,fonte esterna (dichiarato da RFI)
P055_A,Piano integrato Stazioni,Nuove fermate nell’Area Metropolitana di Reggio Calabria,2029 fase 1 Oltre il 2029* fase 2,,Calabria,417,ACCESSIBILITÀ ALLA RETE ACCESSIBILITA PRM,P055_A - Piano integrato Stazioni,fonte esterna (dichiarato da RFI)
P245,Adeguamento e velocizzazione linea ferroviaria jonica - tratta Sibari-Melito Porto Salvo e trasversale Lamezia Terme - Catanzaro Lido Elettrificazione linea jonica tratta Catanzaro Lido - Crotone - Sibari Potenziamento Lamezia Terme - Settingiano e elettrificazione,"Adeguamento, velocizzazione ed elettrificazione linea ferroviaria jonica",2027 fase Oltre il 2029* completamento,Misura 1.7,Calabria,419,VELOCITÀ|ACCESSIBILITÀ ALLA RETE|ACCESSIBILITA PRM,P245 - Adeguamento e velocizzazione linea ferroviaria jonica: tratta Sibari-Melito Porto Salvo e,fonte esterna (dichiarato da RFI)
I107A,AV-AC Salerno - Reggio Calabria AV Salerno-Reggio Calabria: Lotto 1a Battipaglia - Romagnano e progettazione di fattibilità tecnico-economica intero itinerario AV Salerno-Reggio Calabria: Lotti 1b+1c Romagnano - Praia ITER AV Salerno-Reggio Calabria: Raddoppio Galleria Santomarco AV Salerno-Reggio Calabria: Lotto 2 Praia-Paola,Salerno-Reggio Calabria,2028 fase (lotto 1a) Oltre il 2029* completamento,Misura 1.1,Calabria|Campania,421|438,VELOCITÀ,I107A - AV-AC Salerno-Reggio Calabria; P238-Battipaglia-Potenza-Metaponto-Taranto,fonte esterna (dichiarato da RFI)
P238,Battipaglia - Potenza - Metaponto - Taranto Battipaglia - Potenza - Metaponto - Taranto 1^ fase Battipaglia - Potenza - Metaponto - Taranto 2^ fase,Salerno-Reggio Calabria,2028 fase (lotto 1a) Oltre il 2029* completamento,Misura 1.1,Calabria|Campania,421|438,VELOCITÀ,I107A - AV-AC Salerno-Reggio Calabria; P238-Battipaglia-Potenza-Metaponto-Taranto,fonte esterna (dichiarato da RFI)
P258,Linea Rosarno-S. Ferdinando: adeguamento PRG impianti di Rosarno e San Ferdinando Adeguamento PRG impianti di Rosarno e San Ferdinando,PRG di Rosarno e San Ferdinando,2026,Misura 1.6,Calabria,423,CAPACITÀ|INTERMODALITÀ|PRESTAZIONI,P258 - Linea Rosarno-San Ferdinando: adeguamento PRG di Rosarno e San Ferdinando,fonte esterna (dichiarato da RFI)
P134,Upgrading infrastrutturale e tecnologico nodo di Napoli,Nodo complesso di Salerno Centrale,2028,,Campania,432,REGOLARITÀ|CAPACITÀ ACCESSIBILITA PRM,P134 - Upgrading infrastrutturale e tecnologico nodo di Napoli,fonte esterna (dichiarato da RFI)
P224,Adeguamento prestazionale e upgrading corridoio TEN-T Scandinavia - Mediterraneo e linee afferenti,Upgrading tecnologico Roma - Napoli via Formia tratta Formia - Villa Literno,2026 fase 1 Formia-Sessa Aurunca 2027 fase 2 Sessa Aurunca-Villa Literno,Misura 1.5,Campania,434,REGOLARITÀ|GESTIONE DEI ROTABILI|GESTIONE DEGLI SPAZI DI STAZIONE,P224 - Adeguamento prestazionale e upgrading corridoio TEN-T Scandinavia - Mediterraneo,fonte esterna (dichiarato da RFI)
I173,"Elettrificazione, velocizzazione e ammodernamento linee Salerno - Mercato S.S. - Avellino - Benevento e tratta","Elettrificazione, velocizzazione e ammodernamento linee Salerno - Mercato S.Severino - Avellino - Benevento e tratta Mercato S.Severino - Codola - Sarno",2027 fase Oltre 2029* completamento,,,435,VELOCITÀ REGOLARITÀ|PRESTAZIONI|SOSTENIBILITÀ,"I173 - Elettrificazione, velocizzazione e ammodernamento linee Salerno - Mercato S.Severino -",fonte esterna (dichiarato da RFI)
I177,"Completamento metropolitana di Salerno: tratta stadio Arechi-Pontecagnano Aeroporto Completamento metropolitana di Salerno: tratta stadio Arechi- Pontecagnano Aeroporto ASI Salerno - nuova stazione metropolitana - ""Zona Industriale""",Completamento metropolitana di Salerno: tratta Arechi-Pontecagnano Aeroporto,2027 fase 2028 completamento,Misura 1.7,Campania,436,ACCESSIBILITÀ ALLA RETE ACCESSIBILITA PRM|GESTIONE DEGLI SPAZI DI STAZIONE|INTERMODALITÀ,I177 - Completamento metropolitana di Salerno: tratta stadio Arechi - Pontecagnano Aeroporto,fonte esterna (dichiarato da RFI)
P211,Nodo complesso di Pompei Nodo complesso di Pompei,Nodo complesso di Pompei,2028,,,437,ACCESSIBILITÀ ALLA RETE ACCESSIBILITA PRM|INTEGRAZIONE DELLA RETE,P211 - Nodo complesso di Pompei,fonte esterna (dichiarato da RFI)
P224,Adeguamento prestazionale e upgrading corridoio TEN-T Scandinavia - Mediterraneo e linee afferenti,Upgrading tecnologico Linea AV/AC Roma - Napoli,2027,Misura 1.5,,441|512,REGOLARITÀ,P224 - Adeguamento prestazionale e upgrading corridoio TEN-T Scandinavia - Mediterraneo,fonte esterna (dichiarato da RFI)
0279A,Itinerario Napoli-Bari: Raddoppio e velocizzazione tratta Cancello-Frasso Telesino Nuovo collegamento Cancello-Frasso Telesino e progettazione preliminare intero itinerario,Itinerario Napoli-Bari,2026 fase 2029 completamento,Misura 1.1,Campania|Puglia,442|678,ACCESSIBILITÀ ALLA RETE|VELOCITÀ|CAPACITÀ|ACCESSIBILITÀ ALLA RETE|PRESTAZIONI,"0279A, 0284, 0279B, 0281, 0099A, 0099B, 0099C - itinerario Napoli - Bari",fonte esterna (dichiarato da RFI)
0284,Itinerario Napoli-Bari: Interventi su linea Cancello-Napoli per integrazione con linea AV/AC Variante Napoli-Cancello,Itinerario Napoli-Bari,2026 fase 2029 completamento,Misura 1.1,Campania|Puglia,442|678,ACCESSIBILITÀ ALLA RETE|VELOCITÀ|CAPACITÀ|ACCESSIBILITÀ ALLA RETE|PRESTAZIONI,"0279A, 0284, 0279B, 0281, 0099A, 0099B, 0099C - itinerario Napoli - Bari",fonte esterna (dichiarato da RFI)
0279B,Itinerario Napoli-Bari: Raddoppio e velocizzazione tratta Frasso Telesino-Vitulano (Benevento) Raddoppio Frasso Telesino-Telese Raddoppio Telese-S.Lorenzo Maggiore-Vitulano,Itinerario Napoli-Bari,2026 fase 2029 completamento,Misura 1.1,Campania|Puglia,442|678,ACCESSIBILITÀ ALLA RETE|VELOCITÀ|CAPACITÀ|ACCESSIBILITÀ ALLA RETE|PRESTAZIONI,"0279A, 0284, 0279B, 0281, 0099A, 0099B, 0099C - itinerario Napoli - Bari",fonte esterna (dichiarato da RFI)
0281,Itinerario Napoli-Bari: raddoppio tratta Apice-Orsara,Itinerario Napoli-Bari,2026 fase 2029 completamento,Misura 1.1,Campania|Puglia,442|678,ACCESSIBILITÀ ALLA RETE|VELOCITÀ|CAPACITÀ|ACCESSIBILITÀ ALLA RETE|PRESTAZIONI,"0279A, 0284, 0279B, 0281, 0099A, 0099B, 0099C - itinerario Napoli - Bari",fonte esterna (dichiarato da RFI)
0099A,Itinerario Napoli-Bari: Raddoppio Bovino-Cervaro Raddoppio Bovino-Cervaro,Itinerario Napoli-Bari,2026 fase 2029 completamento,Misura 1.1,Campania|Puglia,442|678,ACCESSIBILITÀ ALLA RETE|VELOCITÀ|CAPACITÀ|ACCESSIBILITÀ ALLA RETE|PRESTAZIONI,"0279A, 0284, 0279B, 0281, 0099A, 0099B, 0099C - itinerario Napoli - Bari",fonte esterna (dichiarato da RFI)
0099B,Itinerario Napoli-Bari: Raddoppio Orsara-Bovino Raddoppio Orsara-Bovino,Itinerario Napoli-Bari,2026 fase 2029 completamento,Misura 1.1,Campania|Puglia,442|678,ACCESSIBILITÀ ALLA RETE|VELOCITÀ|CAPACITÀ|ACCESSIBILITÀ ALLA RETE|PRESTAZIONI,"0279A, 0284, 0279B, 0281, 0099A, 0099B, 0099C - itinerario Napoli - Bari",fonte esterna (dichiarato da RFI)
0099C,Itinerario Napoli-Bari: Opere di completamento raddoppio Vitulano-Apice Interventi di completamento raddoppio Vitulano-Apice,Itinerario Napoli-Bari,2026 fase 2029 completamento,Misura 1.1,Campania|Puglia,442|678,ACCESSIBILITÀ ALLA RETE|VELOCITÀ|CAPACITÀ|ACCESSIBILITÀ ALLA RETE|PRESTAZIONI,"0279A, 0284, 0279B, 0281, 0099A, 0099B, 0099C - itinerario Napoli - Bari",fonte esterna (dichiarato da RFI)
P060,Infrastrutturazione porti e terminali,Ripristino bretella Merci S. Maria Capua Vetere,2029*,,,447,CAPACITÀ REGOLARITÀ GESTIONE DEI ROTABILI,P060 - Infrastrutturazione porti e terminali,fonte esterna (dichiarato da RFI)
P112,Upgrading infrastrutturale e tecnologico nodo di Bologna,Interventi di potenziamento per Accordo Quadro Bologna,2027,,,455,REGOLARITÀ|ACCESSIBILITÀ ALLA RETE|PRESTAZIONI,P112 - Upgrading tecnologico e infrastrutturale Nodo di Bologna,fonte esterna (dichiarato da RFI)
P261,"Potenziamento linea Bologna-Prato Linea Bologna-Prato-Firenze: adeguamento prestazionale (sagoma, modulo) e potenziamento tecnologico",Upgrading tecnologico e prestazionale linea Bologna - Prato,2027,Misura 1.5,Emilia-Romagna|Toscana,456|748,ACACCECSESSISBIIBLIITLÀITÀ ALLA RETE|GESTIONE DEGLI SPAZI DI STAZIONE|REGOLARITÀ|PRESTAZIONI|GESTIONE DEI ROTABILI,P261 - Potenziamento linea Bologna-Prato,fonte esterna (dichiarato da RFI)
P223,Adeguamento prestazionale e upgrading corridoio TEN-T Baltico-Adriatico e linee afferenti,Potenziamento tecnologico Bologna - Padova,2026 fase 1 2027 fase 2 2028 compl.,Misura 1.5,,457|832,REGOLARITÀ|PRESTAZIONI|ACCESSIBILITÀ ALLA RETE,P223 - Adeguamento prestazionale e upgrading corridoio TEN-T Baltico - Adriatico e linee afferenti,fonte esterna (dichiarato da RFI)
P142,"Porto di Ravenna Porto di Ravenna 1^ fase: Soppressione P.L. via Canale Molinetto, ITER adeguamento cavalcavia Teodorico, prolungamento del sottopassaggio pedonale di stazione e adeguamento collegamento esistente dorsale sinistra Candiano Porto di Ravenna 2^ fase: Potenziamento collegamenti esistenti ITER dorsali sinistra e destra Candiano",Potenziamento del nodo ferroviario a servizio del Porto di Ravenna,2029 fase 1 Oltre il 2029* completamento,,,458,SOSTENIBILITÀ|GESTIONE DEI ROTABILI|CAPACITÀ|REGOLARITÀ,P142 - Porto di Ravenna,fonte esterna (dichiarato da RFI)
P224,Adeguamento prestazionale e upgrading corridoio TEN-T Scandinavia - Mediterraneo e linee afferenti,Upgrade del sistema di distanziamento della linea Bologna - Verona,2026 fase 2028 completamento,Misura 1.5,Emilia-Romagna|Veneto,459|824,,P224 - Adeguamento prestazionale e upgrading corridoio TEN-T Scandinavia - Mediterraneo,fonte esterna (dichiarato da RFI)
P142A,"Porto di Ravenna 1^ fase: Prolungamento dorsale destra Candiano, soppressione del Passaggio a Livello di via Canale Molinetto, adeguamento sagoma cavalcavia Teodorico e altre opere - quota RFI",Interventi migliorativi dell'accessibilità ferroviaria al Porto di Ravenna,2029,,Emilia-Romagna,461,REGOLARITÀ|PRESTAZIONI,P142A - Porto di Ravenna,fonte esterna (dichiarato da RFI)
P224,Adeguamento prestazionale e upgrading corridoio TEN-T Scandinavia - Mediterraneo e linee afferenti,Potenziamento tecnologico Bologna - Piacenza,2029,,,462,REGOLARITÀ,P224 - Adeguamento prestazionale e upgrading corridoio TEN-T Scandinavia - Mediterraneo,fonte esterna (dichiarato da RFI)
P223,Adeguamento prestazionale e upgrading corridoio TEN-T Baltico-Adriatico e linee afferenti,Adeguamento del tracciato e velocizzazione Bologna - Lecce tratta Bologna - Rimini,2028,Misura 1.5,Emilia-Romagna,463,VELOCITÀ|VELOCITÀ|REGOLARITÀ|PRESTAZIONI,P223 - Adeguamento prestazionale e upgrading corridoio TEN-T Baltico - Adriatico e linee afferenti,fonte esterna (dichiarato da RFI)
0276A,Completamento raddoppio asse ferroviario Pontremolese - 1^ fase Raddoppio Parma-Vicofertile ITER,Raddoppio Parma-Vicofertile,Oltre il 2029*,,,465,REGOLARITÀ|PRESTAZIONI,0276A - Completamento raddoppio asse ferroviario pontremolese - 1° fase,fonte esterna (dichiarato da RFI)
P198,Upgrading infrastrutturale e tecnologico bacini nord ovest,Variante Galleria Bastardo,Oltre il 2029*,,Emilia-Romagna,466,REGOLARITÀ,P198 - Upgrading infrastrutturale e tecnologico bacini nord ovest,fonte esterna (dichiarato da RFI)
P262,Velocizzazione AV/AC linea ferroviaria Adriatica,Quadruplicamento Bologna - Rimini - Tratta Bivio San Vitale - Castelbolognese,Oltre il 2029,,,467,CAPACITÀ|REGOLARITÀ|PRESTAZIONI|VELOCITÀ,P262 – Velocizzazione AV/AC linea ferroviaria Adriatica,fonte esterna (dichiarato da RFI)
P112,Upgrading infrastrutturale e tecnologico nodo di Bologna,Nodo di Bologna - Realizzazione delle fermate del Servizio Ferroviario Metropolitano,Oltre il 2029*,,Emilia-Romagna,468,ACCESSIBILITÀ ALLA RETE|ACCESSIBILITA PRM|GESTIONE DEGLI SPAZI DI STAZIONE,P112 - Upgrading infrastrutturale e tecnologico nodo di Bologna,fonte esterna (dichiarato da RFI)
P199,Upgrading infrastrutturale e tecnologico bacini nord est,Riapertura della linea Sacile - Gemona (ulteriore fase),2026,,Friuli Venezia Giulia,477,ACCESSIBILITÀ ALLA RETE|GESTIONE DEGLI SPAZI DI STAZIONE|REGOLARITÀ,P199 - Upgrading infrastrutturale e tecnologico bacini Nord-Est,fonte esterna (dichiarato da RFI)
P199,Upgrading infrastrutturale e tecnologico bacini nord est,Elettrificazione Casarsa - Portogruaro,2026,,,478,REGOLARITÀ|GESTIONE DEI ROTABILI|INTEGRAZIONE DELLA RETE|SOSTENIBILITÀ,P199 - Elettrificazione Casarsa - Portogruaro,fonte esterna (dichiarato da RFI)
1940,"Nodo di Udine Revisione fascio Sacca e ACC Udine Centrale su piano ferro attuale Nuovo PM Cargnacco, PRG di Udine Centrale, PRG Udine C.le, ITER PRG/ACC Udine Bivi (ex Udine Parco), raddoppio della linea di cintura tra PM VAT, bretella tra linea Gorizia e linea per Cervignano",Nodo di Udine,2026 fase 0 Oltre il 2029* completamento,Misura 1.5,Friuli Venezia Giulia,479,REGOLARITÀ CAPACITÀ|PRESTAZIONI CAPACITÀ,1940 - nodo di Udine,fonte esterna (dichiarato da RFI)
0365A,"Potenziamento Venezia-Trieste lotti prioritari Potenziamento tecnologico Venezia-Trieste, rimozione limitazione massa assiale D4 e altri interventi infrastrutturali su linea storica",Potenziamento Venezia - Trieste,2027 fase Oltre il 2029* completamento,Misura 1.5,Friuli Venezia Giulia|Veneto,480|826,CAPACITÀ|CAPACITÀ VELOCITÀ|REGOLARITÀ|REGOLARITÀ PRESTAZIONI,0365A - Potenziamento linea Venezia - Trieste lotti prioritari,fonte esterna (dichiarato da RFI)
P223,Adeguamento prestazionale e upgrading corridoio TEN-T Baltico-Adriatico e linee afferenti,Lunetta di Gorizia,2028,,Friuli Venezia Giulia,483,,P223 - Adeguamento prestazionale e upgrading corridoio TEN-T Baltico-Adriatico e linee afferenti,fonte esterna (dichiarato da RFI)
1604A,Upgrading infrastrutturale e tecnologico linea linea Trieste- Divaca Upgrade linea storica bivio Aurisina-Confine di Stato (fase 0 Nuova linea Trieste-Divaca) - comprende anche progettazione preliminare nuova linea,PRG Villa Opicina e Upgrading Bivio Aurisina-Villa Opicina,2026 fase 2027 completamento,Misura 1.5,Friuli Venezia Giulia,485,,1604A - Nuova Linea Trieste - Divaca fase 0,fonte esterna (dichiarato da RFI)
I008,Porto di Trieste Potenziamento stazione Trieste Campo Marzio Potenziamento impianti a servizio del porto di Trieste,Porto di Trieste,2026 fase 1 Oltre il 2029* fase 2,Misura 1.5,Friuli Venezia Giulia,487,,I008 - Porto di Trieste,fonte esterna (dichiarato da RFI)
P223,Adeguamento prestazionale e upgrading corridoio TEN-T Baltico-Adriatico e linee afferenti,Upgrading tecnologico della tratta Udine - Ronchi dei Legionari Nord,Oltre il 2029*,,,490,CAPACITÀ REGOLARITÀ|PRESTAZIONI,P223 – Rinnovo sistema tecnologico di distanziamento,fonte esterna (dichiarato da RFI)
0258_A,Chiusura anello ferroviario di Roma Chiusura anello di Roma lotto 1A Raddoppio Valle Aurelia - Vigna Clara Chiusura anello di Roma lotto 1B Vigna Clara - Tor di Quinto ITER Chiusura anello di Roma lotto 2 Tor di Quinto - Val d'Ala PROG PROG Chiusura anello di Roma lotto 3 Collegamenti con linee Tirrenica e PROG PROG Roma-Firenze,Anello ferroviario di Roma,2026 fase 1 A 2029* fase 1 B Oltre il 2029* altre fasi,,Lazio,499,INTEGRAZIONE DELLA RETE|ACCESSIBILITÀ ALLA RETE ACCESSIBILITA PRM,0258_A - Completamento anello ferroviario di Roma (cintura nord),fonte esterna (dichiarato da RFI)
P053,Upgrading infrastrutturale e tecnologico nodo di Roma,Nuovo sistema distanziamento Cesano - Roma Ostiense - Tiburtina,2029,Misura 1.4,Lazio,501,REGOLARITÀ|CAPACITÀ,P053 - Upgrading infrastrutturale e tecnologico nodo di Roma,fonte esterna (dichiarato da RFI)
0359,Raddoppio Campoleone-Aprilia Raddoppio Campoleone-Aprilia,Raddoppio Campoleone - Aprilia,2027 fase Oltre il 2029 completamento,Misura 1.5,Lazio,503,CAPACITÀ REGOLARITÀ VELOCITÀ,0359 - Raddoppio Campoleone - Aprilia,fonte esterna (dichiarato da RFI)
0260,Raddoppio Lunghezza-Guidonia Raddoppio Lunghezza-Guidonia 1^ fase (Lunghezza-Bagni di Tivoli) Raddoppio Lunghezza-Guidonia 2^ fase (Bagni di Tivoli - Guidonia) PROG ITER,Raddoppio Lunghezza - Guidonia,2025 fase1 2026 fase2 Oltre il 2029* completamento,Misura 1.5,Lazio,505,CAPACITÀ REGOLARITÀ|VELOCITÀ ACCESSIBILITÀ ALLA RETE,0260 - Raddoppio Lunghezza - Guidonia,fonte esterna (dichiarato da RFI)
P053,Upgrading infrastrutturale e tecnologico nodo di Roma,Upgrading tecnologico e infrastrutturale Roma Tuscolana,2027 ACC Oltre il 2029* PRG,,,508,REGOLARITÀ|GESTIONE DEGLI SPAZI DI STAZIONE|REGOLARITÀ,P053 - Upgrading infrastrutturale e tecnologico nodo di Roma,fonte esterna (dichiarato da RFI)
P053,Upgrading infrastrutturale e tecnologico nodo di Roma,Nodo di interscambio di Pigneto,2026 fase I Oltre il 2029* completamento,Misura 1.5,Lazio,509,ACCESSIBILITÀ ALLA RETE ACCESSIBILITA PRM|GESTIONE DEGLI SPAZI DI STAZIONE,P053 - Upgrading infrastrutturale e tecnologico nodo di Roma,fonte esterna (dichiarato da RFI)
P224,Adeguamento prestazionale e upgrading corridoio TEN-T Scandinavia - Mediterraneo e linee afferenti,2026 fase I Oltre il 2029* Upgrading tecnologico Roma - Napoli completamento tratta Campoleone - Formia,2026 fase 1 2027 completamento,Misura 1.5,,510,REGOLARITÀ ACCESSIBILITÀ ALLA RETE|GESTIONE DEI ROTABILI|GESTIONE DEGLI SPAZI DI STAZIONE,P224 - Upgrading infrastrutturale e tecnologico e completamento adeguamento prestazionale,fonte esterna (dichiarato da RFI)
A2011,Programma nazionale ERTMS,Upgrading linea Direttissima Firenze - Roma (fase 1),2026 fase funzionale 3,Misura 1.4,Lazio|Toscana,511|750,REGOLARITÀ,A2011 - Programma Nazionale ERTMS,fonte esterna (dichiarato da RFI)
0298,Nuovo collegamento PM228 - Castelplanio con by-pass di Albacina PM228-Castelplanio Lotto 1: nuovo collegamento PM228 - nuovo ITER Bivio Nord Albacina PM228-Castelplanio Lotto 2: Raddoppio Bivio Nord Albacina - Serra San Quirico PM228-Castelplanio Lotto 3: Raddoppio Serra San Quirico - PROG ITER Castelplanio,Potenziamento direttrice Orte - Falconara (fase),2027 fase Oltre 2029* completamento,Misura 1.3,Lazio,513|607|795,,0298 - Raddoppio Orte-Falconara: tratta PM 228-Castelplanio; I175-Raddoppio PM228-Albacina; P239 Velocizzazione tratte Orte-Falconara,fonte esterna (dichiarato da RFI)
I175,Raddoppio PM 228-Albacina,Potenziamento direttrice Orte - Falconara (fase),2027 fase Oltre 2029* completamento,Misura 1.3,Lazio,513|607|795,,0298 - Raddoppio Orte-Falconara: tratta PM 228-Castelplanio; I175-Raddoppio PM228-Albacina; P239 Velocizzazione tratte Orte-Falconara,fonte esterna (dichiarato da RFI)
P239,Velocizzazione tratte Orte-Falconara Tecnologie per la velocizzazione tratte prioritarie Orte-Falconara,Potenziamento direttrice Orte - Falconara (fase),2027 fase Oltre 2029* completamento,Misura 1.3,Lazio,513|607|795,,0298 - Raddoppio Orte-Falconara: tratta PM 228-Castelplanio; I175-Raddoppio PM228-Albacina; P239 Velocizzazione tratte Orte-Falconara,fonte esterna (dichiarato da RFI)
1417,Potenziamento linee Castelli Romani Potenziamento stazione di Marino e Frascati; potenziamento infrastrutturale e tecnologico della linea Ciampino-Frascati e nuova stazione di Villa Senni,Potenziamento linee Castelli Romani,2028,,Lazio,517,CAPACITÀ ACCESSIBILITÀ ALLA RETE|ACCESSIBILITA PRM GESTIONE DEGLI SPAZI DI STAZIONE,1417 - Potenziamento linee Castelli Romani,fonte esterna (dichiarato da RFI)
0331,Raddoppio linea Roma-Viterbo: tratta Cesano-Bracciano Raddoppio Cesano-Vigna di Valle PROG ITER Raddoppio Vigna di Valle-Bracciano PROG ITER,Raddoppio linea Roma - Viterbo: tratta Cesano - Bracciano,Oltre il 2029*,,Lazio,520,CAPACITÀ|REGOLARITÀ VELOCITÀ ACCESSIBILITA PRM,0331 - Raddoppio linea Roma - Viterbo: tratta Cesano - Bracciano,fonte esterna (dichiarato da RFI)
P260,Potenziamento Capannelle-Ciampino Quadruplicamento Capannelle-Ciampino e PRG Ciampino,Quadruplicamento Ciampino - Capannelle,Oltre il 2029*,,Lazio,522,REGOLARITÀ|CAPACITÀ|ACCESSIBILITA PRM,P260 Potenziamento Capannelle-Ciampino,fonte esterna (dichiarato da RFI)
P053,Upgrading infrastrutturale e tecnologico nodo di Roma,Incremento capacità tratta Roma Termini - Ciampino,Oltre il 2029,,Lazio,524,CAPACITÀ,P053 - Upgrading infrastrutturale e tecnologico nodo di Roma,fonte esterna (dichiarato da RFI)
P237,"City Hub, linee metropolitane e nuove stazioni/fermate",Nuova fermata Divino Amore,Oltre il 2029,,,525,ACCESSIBILITÀ ALLA RETE ACCESSIBILITA PRM|GESTIONE DEGLI SPAZI DI STAZIONE,"P237 - City hub, linee metropolitane e nuove stazioni/fermate",fonte esterna (dichiarato da RFI)
P222,Adeguamento prestazionale e upgrading corridoio TEN-T Mediterraneo e linee afferenti,Modifica del sistema di alimentazione elettrica della stazione di Ventimiglia CdP-I: P221 - Adeguamento prestazionale e upgrading corridoio TEN-T Reno-Alpi e linee afferenti,2027,,Liguria,534,PRESTAZIONI,P222 - Adeguamento prestazionale e upgrading corridoio TEN-T Mediterraneo e linee afferenti,fonte esterna (dichiarato da RFI)
P198,Upgrading infrastrutturale e tecnologico bacini nord ovest,Potenziamento linea Acqui Terme/Alessandria-Ovada-Genova,2027,Misura 1.5,,535,REGOLARITÀ|ACCESSIBILITÀ ALLA RETE,P198 - Upgrading infrastrutturale e tecnologico bacini nord ovest,fonte esterna (dichiarato da RFI)
P129,Collegamento ferroviario aeroporto di Genova Fermate di Erzelli/Aeroporto e Cornigliano est ACC e PRG Sestri Ponente PROG PROG,Collegamento ferroviario aeroporto di Genova,2028,,Liguria,536,ACCESSIBILITÀ ALLA RETE|INTERMODALITÀ,P129 - Collegamento ferroviario Aeroporto di Genova,fonte esterna (dichiarato da RFI)
P234,Nodo di Genova e Terzo valico dei Giovi Potenziamento infrastrutturale Voltri-Brignole Porto di Genova: Nuovo terminal merci i Genova Campasso Potenziamento terminale Rivalta Scrivia,Nodo di Genova,2025 fase 2 2026 fase 3 Oltre il 2029 fase 4,,Liguria,537,CAPACITÀ|ACCESSIBILITÀ ALLA RETE,P234 – Nodo di Genova e Terzo Valico dei Giovi,fonte esterna (dichiarato da RFI)
P060,Infrastrutturazione porti e terminali,Potenziamento scalo di La Spezia Migliarina,2027,,,538,PRESTAZIONI|INTERMODALITÀ,P060 - Infrastrutturazione porti e terminali,fonte esterna (dichiarato da RFI)
P234,Nodo di Genova e Terzo valico dei Giovi Potenziamento infrastrutturale Voltri-Brignole Porto di Genova: Nuovo terminal merci i Genova Campasso Potenziamento terminale Rivalta Scrivia,Terzo Valico dei Giovi,2028,Misura 1.2,Liguria|Piemonte,539|641,VELOCITÀ|REGOLARITÀ|PRESTAZIONI,P234 – Nodo di Genova e Terzo Valico dei Giovi,fonte esterna (dichiarato da RFI)
P131,Velocizzazione linea Torino-Genova Velocizzazione Torino-Genova 1^ fase (potenziamento tecnologico e rettifiche di tracciato) Velocizzazione Torino-Genova 2^ fase (varianti di tracciato),Velocizzazione linea Torino - Genova,,,Liguria|Piemonte,543|639,REGOLARITÀ|PRESTAZIONI|VELOCITÀ,P131 - Velocizzazione linea Torino - Genova,fonte esterna (dichiarato da RFI)
P234,Nodo di Genova e Terzo valico dei Giovi Potenziamento infrastrutturale Voltri-Brignole Porto di Genova: Nuovo terminal merci i Genova Campasso Potenziamento terminale Rivalta Scrivia,Potenziamento terminal merci di Voltri,2027 fase 2 2029 completamento,Misura 1.2,,544,CAPACITÀ|PRESTAZIONI,P234 – Nodo di Genova e Terzo Valico dei Giovi,fonte esterna (dichiarato da RFI)
P234,Nodo di Genova e Terzo valico dei Giovi Potenziamento infrastrutturale Voltri-Brignole Porto di Genova: Nuovo terminal merci i Genova Campasso Potenziamento terminale Rivalta Scrivia,Nuovo terminal merci di Genova Campasso,2026 fase 2027 completamento,Misura 1.2,Liguria,545,CAPACITÀ|PRESTAZIONI,P234 - Nodo di Genova e Terzo Valico dei Giovi,fonte esterna (dichiarato da RFI)
P133,Velocizzazione linea Milano-Genova Velocizzazione Milano-Genova 1^ fase - potenziamento tecnologico e 2^ fase - rettifiche di tracciato e piccole varianti,Velocizzazione linea Milano - Genova,2026 fase 2027 completamento,Misura 1.9,,546|591,REGOLARITÀ|VELOCITÀ|PRESTAZIONI|ACCESSIBILITA PRM,P133 - Velocizzazione linea Milano - Genova,fonte esterna (dichiarato da RFI)
P252,Adeguamento e potenziamento impianto di Vado Ligure zona industriale Adeguamento e potenziamento impianto di Vado Ligure zona industriale Fase 1 Adeguamento e potenziamento impianto di Vado Ligure zona industriale Fase 2,Scalo di Vado Ligure: potenziamento tecnologico e infrastrutturale,2026,Misura 1.5,Liguria,547,CAPACITÀ|PRESTAZIONI,P252 - Adeguamento e potenziamento impianto di Vado Ligure zona industriale,fonte esterna (dichiarato da RFI)
P060,Infrastrutturazione porti e terminali,Genova Marittima Fuorimuro,2028,,,548,PRESTAZIONI|REGOLARITÀ|INTERMODALITÀ|CAPACITÀ,P060 - Infrastrutturazione porti e terminali,fonte esterna (dichiarato da RFI)
P221,Adeguamento prestazionale e upgrading corridoio TEN-T Mare del Nord-Reno-Mediterraneo e linee afferenti,Completamento upgrading tecnologico nodo di Genova,Oltre il 2029*,,,550,REGOLARITÀ,P221 - Adeguamento prestazionale e upgrading corridoio TEN-T Reno - Alpi e linee afferenti,fonte esterna (dichiarato da RFI)
P054,Upgrading infrastrutturale e tecnologico nodo di Milano,ACC di Milano Porta Garibaldi,2027,Misura 1.5,Lombardia,560,REGOLARITÀ|GESTIONE DEI ROTABILI|ACCESSIBILITÀ ALLA RETE,P054 - Upgrading infrastrutturale e tecnologico del nodo di Milano,fonte esterna (dichiarato da RFI)
P054,Upgrading infrastrutturale e tecnologico nodo di Milano,Upgrading nodo di Milano e linee d’interesse della Regione Lombardia (fase),2025 fase 1 2027 fase 2 2028 completamento,,,561,REGOLARITÀ|ACCESSIBILITA PRM,P054 - Upgrading infrastrutturale e tecnologico nodo di Milano,fonte esterna (dichiarato da RFI)
P054,Upgrading infrastrutturale e tecnologico nodo di Milano,Upgrading sistema di distanziamento Milano Porta Garibaldi - Milano Greco / Lambrate,2028,Misura 1.4,Lombardia,562,CAPACITÀ|REGOLARITÀ,P054 - Upgrading infrastrutturale e tecnologico del nodo di Milano,fonte esterna (dichiarato da RFI)
P054,Upgrading infrastrutturale e tecnologico nodo di Milano,ACC e PRG di Gallarate,2025,Misura 1.5,Lombardia,564,REGOLARITÀ|PRESTAZIONI|GESTIONE DEI ROTABILI,P054 - Upgrading infrastrutturale e tecnologico del nodo di Milano,fonte esterna (dichiarato da RFI)
0049A,Raddoppio Milano-Mortara: 1^ fase Raddoppio Milano S.Cristoforo- Albairate Fermate Porta Romana e Tibaldi Riqualificazione Milano S. Cristoforo-P.ta Romana PROG PROG Raddoppio Albairate-Abbiategrasso PROG PROG,Adeguamento della fermata di Milano Porta Romana,2025,,,565,ACCESSIBILITÀ ALLA RETE|ACCESSIBILITA PRM,0049A - Raddoppio Milano - Mortara fase 1,fonte esterna (dichiarato da RFI)
P054,Upgrading infrastrutturale e tecnologico nodo di Milano,Interventi diffusi tecnologici nel nodo di Milano (fase),2029,,Lombardia,566,CAPACITÀ|REGOLARITÀ,P054 - Upgrading infrastrutturale e tecnologico nodo di Milano,fonte esterna (dichiarato da RFI)
0366A,"Potenziamento linea Ponte S.Pietro-Bergamo-Montello Raddoppio Bergamo-Curno, ACC Bergamo, PRG e ACC Ponte S.Pietro Raddoppio Bergamo-Montello ITER PRG Bergamo",Raddoppio linea Ponte San Pietro - Bergamo - Montello (Fase 1),2026 fase Oltre il 2029* completamento,Misura 1.5,Lombardia,568,CAPACITÀ|REGOLARITÀ|ACCESSIBILITÀ ALLA RETE|ACCESSIBILITA PRM,0366A - Potenziamento linea Ponte San Pietro - Bergamo - Montello,fonte esterna (dichiarato da RFI)
P054,Upgrading infrastrutturale e tecnologico nodo di Milano,ACC di Milano Certosa e interventi diffusi tecnologici nel nodo di Milano,2029,,Lombardia,570,REGOLARITÀ|PRESTAZIONI,P054 - Upgrading infrastrutturale e tecnologico nodo di Milano,fonte esterna (dichiarato da RFI)
P054,Upgrading infrastrutturale e tecnologico nodo di Milano,ACC e PRG di Milano Centrale,2026 fase 1 Oltre il 2029 completamento,Misura 1.5,,571,ACCESSIBILITÀ ALLA RETE|CAPACITÀ|REGOLARITÀ|GESTIONE DEI ROTABILI,P054 - Upgrading infrastrutturale e tecnologico nodo di Milano,fonte esterna (dichiarato da RFI)
I178A,Raddoppio Codogno-Cremona-Mantova 1^ fase Raddoppio Piadena-Mantova e soppressione PL critici intera linea,Raddoppio Codogno - Cremona - Mantova fase 1,2026 fase 2028 completamento,Misura 1.5,Lombardia,572,CAPACITÀ|REGOLARITÀ|PRESTAZIONI|ACCESSIBILITA PRM,I178A - Raddoppio Cremona - Mantova Ia Fase,fonte esterna (dichiarato da RFI)
0294,Potenziamento linea Gallarate-Rho Quadruplicamento Rho-Parabiago e raccordo a Y per Malpensa Quadruplicamento Rho-Parabiago e raccordo a Y per Malpensa (opere di completamento) Triplicamento Parabiago-Gallarate PROG ITER,Potenziamento linea Gallarate-Rho,2027 fase Oltre il 2029* completamento,Misura 1.2,Lombardia,574,CAPACITÀ|REGOLARITÀ|ACCESSIBILITÀ ALLA RETE|PRESTAZIONI|ACCESSIBILITA PRM,0294 – Potenziamento linea Gallarate-Rho,fonte esterna (dichiarato da RFI)
0335,Quadruplicamento Pavia-Milano Rogoredo Quadruplicamento Rogoredo-Pieve Emanuele Quadruplicamento Pieve Emanuele-Pavia PROG PROG,Quadruplicamento Milano Rogoredo-Pavia fase 1,2027,Misura 1.2,Lombardia,576,CAPACITÀ|REGOLARITÀ|PRESTAZIONI|ACCESSIBILITA PRM,0335 – Quadruplicamento Pavia-Milano Rogoredo,fonte esterna (dichiarato da RFI)
P237,"City Hub, linee metropolitane e nuove stazioni/fermate",Stazione di Bergamo. Nuovo Hub di connessione urbana e mobilità sostenibile (fase1),2027,,,579,ACCESSIBILITÀ ALLA RETE|GESTIONE DEGLI SPAZI DI STAZIONE,"P237 -  City hub, linee metropolitane e nuove stazioni/fermate",fonte esterna (dichiarato da RFI)
P237,"City Hub, linee metropolitane e nuove stazioni/fermate",Nuova fermata di Milano MIND,2027,,Lombardia,580,ACCESSIBILITÀ ALLA RETE ACCESSIBILITA PRM,"P237 -  City hub, linee metropolitane e nuove stazioni/fermate",fonte esterna (dichiarato da RFI)
P198,Upgrading infrastrutturale e tecnologico bacini nord ovest,Nuova fermata di Monza Est,2028,,,581,ACCESSIBILITÀ ALLA RETE ACCESSIBILITA PRM,P198 - Upgrading infrastrutturale e tecnologico bacini nord ovest,fonte esterna (dichiarato da RFI)
P198,Upgrading infrastrutturale e tecnologico bacini nord ovest,Elettrificazione Como-Molteno-Lecco,2029 fase Oltre il 2029* completamento,,Lombardia,582,INTEGRAZIONE DELLA RETE|INTEGRAZIONE DELLA RETE|SOSTENIBILITÀ|INTEGRAZIONE DELLA RETE,P198 - Upgrading infrastrutturale e tecnologico bacini nord ovest,fonte esterna (dichiarato da RFI)
P198,Upgrading infrastrutturale e tecnologico bacini nord ovest,Interventi olimpiadi invernali 2026 - Regione Lombardia,2026 (entro olimpiadi),,,583,CAPACITÀ|ACCESSIBILITÀ ALLA RETE|REGOLARITÀ,P198 - Upgrading infrastrutturale e tecnologico bacini nord ovest,fonte esterna (dichiarato da RFI)
I137,Collegamento ferroviario aeroporto di Bergamo Collegamento ferroviario aeroporto di Bergamo,Collegamento ferroviario aeroporto di Bergamo,2026,Misura 1.5,Lombardia,584,ACCESSIBILITÀ ALLA RETE|ACCESSIBILITA PRM|GESTIONE DEGLI SPAZI DI STAZIONE|INTERMODALITÀ,I137 - Collegamento ferroviario aeroporto di Bergamo,fonte esterna (dichiarato da RFI)
P054,Upgrading infrastrutturale e tecnologico nodo di Milano,ACC e PRG di Milano Lambrate,2026 ACC Oltre il 2029 PRG,,,585,REGOLARITÀ,P054 - Upgrading infrastrutturale e tecnologico del nodo di Milano,fonte esterna (dichiarato da RFI)
0366A,"Potenziamento linea Ponte S.Pietro-Bergamo-Montello Raddoppio Bergamo-Curno, ACC Bergamo, PRG e ACC Ponte S.Pietro Raddoppio Bergamo-Montello ITER PRG Bergamo",PRG della stazione di Bergamo,2027,,Lombardia,586,CAPACITÀ|GESTIONE DEI ROTABILI|ACCESSIBILITA PRM,0366A - Potenziamento linea Ponte San Pietro - Bergamo - Montello,fonte esterna (dichiarato da RFI)
0286A,Quadruplicamento Tortona-Voghera opere prioritarie PRG e ACC Tortona,Quadruplicamento Tortona - Voghera opere prioritarie: PRG e ACC di Tortona,2026 fase 2028 completamento,Misura 1.5,,587|646,REGOLARITÀ|PRESTAZIONI,0286A - Quadruplicamento Tortona - Voghera - opere prioritarie,fonte esterna (dichiarato da RFI)
0361,Linea AV/AC Milano - Verona: tratta Brescia - Verona,Brescia-Verona-Vicenza: tratta Brescia-Verona,2026 fase Oltre il 2029* completamento,Misura 1.2,Lombardia|Veneto,588|829,VELOCITÀ|REGOLARITÀ|PRESTAZIONI|CAPACITÀ,0361 – Linea AV/AC Milano-Verona: tratta Brescia-Verona,fonte esterna (dichiarato da RFI)
P222,Adeguamento prestazionale e upgrading corridoio TEN-T Mediterraneo e linee afferenti,Potenziamento tecnologico Torino - Padova,2026,Misura 1.5,Lombardia,592|640|823,REGOLARITÀ,P222 - Adeguamento prestazionale e upgrading corridoio TEN-T Mediterraneo e linee afferenti,fonte esterna (dichiarato da RFI)
P173,Nuovo terminale Milano smistamento (interventi RFI) Milano smistamento: attrezzaggio tecnologico nuovo terminale e opere di allaccio alla rete ferroviaria nazionale,Nuovo terminal merci di Milano Smistamento,2028,Misura 1.5,,593,CAPACITÀ|PRESTAZIONI,P173 - Nuovo Terminale di Milano Smistamento - interventi RFI; P060 - Infrastrutturazione porti e terminali,fonte esterna (dichiarato da RFI)
P060,Infrastrutturazione porti e terminali,Nuovo terminal merci di Milano Smistamento,2028,Misura 1.5,,593,CAPACITÀ|PRESTAZIONI,P173 - Nuovo Terminale di Milano Smistamento - interventi RFI; P060 - Infrastrutturazione porti e terminali,fonte esterna (dichiarato da RFI)
P256,Potenziamento infrastrutturale scalo di Brescia Potenziamento infrastrutturale scalo di Brescia,PRG di Brescia Scalo,2026 fase 2028 completamento,,Lombardia,594,CAPACITÀ|PRESTAZIONI|PRESTAZIONI|CAPACITÀ,P256 - Potenziamento infrastrutturale Scalo di Brescia,fonte esterna (dichiarato da RFI)
0049B,Raddoppio Milano-Mortara: 2^ fase Raddoppio Abbiategrasso-Vigevano-Parona PROG PROG Raddoppio Parona-Mortara,Raddoppio Milano - Mortara (tratta Albairte - Abbiategrasso),Oltre il 2029*,,Lombardia,596,,0049B - Raddoppio Milano - Mortara: 2° fase,fonte esterna (dichiarato da RFI)
P200,Upgrading infrastrutturale e tecnologico bacini centro,Nuova fermata Tolentino Campus,2025,,,605,ACCESSIBILITÀ ALLA RETE|ACCESSIBILITA PRM,P200 - Upgrading infrastrutturale e tecnologico bacini centro,fonte esterna (dichiarato da RFI)
P147,Elettrificazione Civitanova-Macerata-Albacina Elettrificazione Civitanova-Macerata-Albacina,Potenziamento infrastrutturale e tecnologico linea Civitanova - Macerata - Albacina,2028,Misura 1.5,Marche,606,REGOLARITÀ|VELOCITÀ|SOSTENIBILITÀ|CAPACITÀ|ACCESSIBILITA PRM,P147 - Elettrificazione Civitanova - Macerata - Albacina,fonte esterna (dichiarato da RFI)
0297A,Nodo di Falconara 1^ fase Variante Falconara e bretella di collegamento tra la linea Orte- Falconara direzione nord e la variante di Falconara verso nord,Nodo di Falconara,Oltre il 2029*,,,611,PRESTAZIONI|CAPACITÀ|ACCESSIBILITÀ ALLA RETE,0297A - Nodo di Falconara 1^ fase,fonte esterna (dichiarato da RFI)
P246,Potenziamento Venafro - Campobasso - Matrice Potenziamento Venafro - Campobasso - Matrice 1^ fase Potenziamento Venafro - Campobasso - Matrice 2^ fase,Potenziamento linea Roccaravindola - Isernia -Campobasso - Matrice,2025 fase 2 2027 fase 3 e 5 2028 fase 4,Misura 1.7,,619,VELOCITÀ REGOLARITÀ|SOSTENIBILITÀ,P246 - Potenziamento Venafro-Campobasso-Termoli,fonte esterna (dichiarato da RFI)
0142B,Completamento raddoppio Pescara-Bari (tratta Termoli- Lesina) Raddoppio Ripalta-Lesina Raddoppio Termoli-Ripalta,Raddoppio Termoli - Lesina,,Misura 1.5,,621,CAPACITÀ|REGOLARITÀ|VELOCITÀ|ACCESSIBILITA PRM,"0142B - Completamento raddoppio Pescara - Bari, tratta Termoli - Lesina",fonte esterna (dichiarato da RFI)
P080,Upgrading infrastrutturale e tecnologico nodo di Torino,Upgrade tecnologico nodo di Torino,2027 fase 1 2028 fase 2,Misura 1.5,Piemonte,631,CAPACITÀ|REGOLARITÀ,P080 - Upgrading infrastrutturale e tecnologico nodo di Torino,fonte esterna (dichiarato da RFI)
P222,Adeguamento prestazionale e upgrading corridoio TEN-T Mediterraneo e linee afferenti,ACC e PRG di Chivasso,2026,Misura 1.5,Piemonte,633,REGOLARITÀ|PRESTAZIONI,P222 - Adeguamento prestazionale e upgrading corridoio TEN-T Mediterraneo e linee afferenti,fonte esterna (dichiarato da RFI)
P216,Completamento fermate SFM Torino Fermata S.Paolo Fermata Borgata Quaglia - Le Gru Fermata S.Luigi Orbassano Fermate Dora e Zappata Fermata Ferriera - Buttigliera,"2026 Completamento fermate nodo di Torino (Torino San Paolo, Borgata Quaglia Le Gru, Buttigliera Alta - Ferriera)",2026 fase 1 2027 fase 2 2029 fase 3,,,634,ACCESSIBILITÀ ALLA RETE|ACCESSIBILITA PRM|GESTIONE DEGLI SPAZI DI STAZIONE,P216 - Completamento fermate SFM Torino,fonte esterna (dichiarato da RFI)
P216,Completamento fermate SFM Torino Fermata S.Paolo Fermata Borgata Quaglia - Le Gru Fermata S.Luigi Orbassano Fermate Dora e Zappata Fermata Ferriera - Buttigliera,Nuove fermate SFM Torino: Dora e Zappata,2028,,Piemonte,635,ACCESSIBILITÀ ALLA RETE|ACCESSIBILITÀ ALLA RETE|ACCESSIBILITÀ ALLA RETE|ACCESSIBILITA PRM,P216 - Completamento fermate SFM Torino,fonte esterna (dichiarato da RFI)
P216,Completamento fermate SFM Torino Fermata S.Paolo Fermata Borgata Quaglia - Le Gru Fermata S.Luigi Orbassano Fermate Dora e Zappata Fermata Ferriera - Buttigliera,"PRG e ACC di Torino Orbassano (fase 1), nuova fermata di S. Luigi Orbassano",2026,,,636,ACCESSIBILITÀ ALLA RETE|ACCESSIBILITA PRM|REGOLARITÀ|CAPACITÀ,P216 - Completamento fermate SFM Torino; 0241 - Scalo Torino Orbassano,fonte esterna (dichiarato da RFI)
P217,Potenziamento linea veloce collegamento Porta Nuova - Porta Susa Potenziamento linea veloce collegamento Porta Nuova -Porta Susa,Nuovo collegamento Torino Porta Nuova-Torino Porta Susa,2028,,Piemonte,637,CAPACITÀ|REGOLARITÀ,P217 - Potenziamento linea veloce collegamento Porta Nuova-Porta Susa,fonte esterna (dichiarato da RFI)
P123,Elettrificazione Ivrea-Aosta e adeguamento linea Chivasso - Aosta Elettrificazione Ivrea-Aosta e Velocizzazione impianti e soppressione PL linea Chivasso-Aosta,Adeguamento e miglioramento linea ferroviaria Chivasso - Ivrea - Aosta,2026,Misura 1.5,Piemonte,645|805,REGOLARITÀ,P123 - Elettrificazione Ivrea-Aosta e adeguamento e miglioramento linea ferroviaria Chivasso -,fonte esterna (dichiarato da RFI)
0223A,Nodo di Novara 1^ fase Sistemazione Novara Boschetto e PRG Vignale PROG PROG,Nodo di Novara fase 1,2027 fase Oltre il 2029* completamento,,Piemonte,647,REGOLARITÀ|PRESTAZIONI|CAPACITÀ,0223A - Nodo di Novara fase 1,fonte esterna (dichiarato da RFI)
P175,Scalo Torino Orbassano ACC Torino Orbassano Scalo Torino Orbassano: interventi in fascio container,ACC e PRG di Torino Orbassano Fascio Sud,2026,Misura 1.5,,648,PRESTAZIONI|REGOLARITÀ|GESTIONE DEI ROTABILI,P175 - Scalo Torino Orbassano,fonte esterna (dichiarato da RFI)
P060,Infrastrutturazione porti e terminali,Hub di Alessandria,2029,,Piemonte,649,CAPACITÀ|PRESTAZIONI|GESTIONE DEI ROTABILI|INTERMODALITÀ,P060 - Infrastrutturazione porti e terminali,fonte esterna (dichiarato da RFI)
P215,Adeguamento linea storica Torino-Modane tratta Bussoleno-Avigliana Adeguamento linea Torino-Modane 1^ fase - potenziamento tecnologico e 2^ adeguamento prestazionale,Potenziamento della tratta Avigliana - Bussoleno,2027 fase Oltre il 2029* completamento,,,650,CAPACITÀ|PRESTAZIONI|INTEGRAZIONE DELLA RETE|REGOLARITÀ,P215 - Adeguamento linea storica Torino - Modane tratta Bussoleno - Avigliana,fonte esterna (dichiarato da RFI)
I174,Nuova stazione Taranto Nasisi Nuova stazione Taranto Nasisi,Nuova stazione di Taranto Nasisi,2026,,Puglia,661,ACCESSIBILITÀ ALLA RETE|ACCESSIBILITA PRM|GESTIONE DEGLI SPAZI DI STAZIONE,I174 - Fermata di Taranto Nasisi,fonte esterna (dichiarato da RFI)
P223,Adeguamento prestazionale e upgrading corridoio TEN-T Baltico-Adriatico e linee afferenti,Upgrading infrastrutturale e tecnologico di Lecce,2026,,,662,REGOLARITÀ|ACCESSIBILITÀ ALLA RETE|GESTIONE DEI ROTABILI,P223 - Adeguamento prestazionale e upgrading corridoio TEN-T Baltico-Adriatico e linee afferenti,fonte esterna (dichiarato da RFI)
0142A,"Raddoppio Pescara-Bari 1^ fase Completamento raddoppio Ortona-Casalbordino, Vasto-Vasto S.Salvo e Lesina-San Severo (opere già in esercizio) e Raddoppio tratta a nord della stazione di Ortona PRG e ACC Foggia",ACC e PRG di Foggia,2028 ACC 2029 PRG,Misura 1.5,Puglia,663,REGOLARITÀ|PRESTAZIONI,0142A - Raddoppio Pescara - Bari fase 1,fonte esterna (dichiarato da RFI)
0149,"Sistemazione nodo di Bari Raddoppio Bari Parco Sud - Bari Torre a Mare e variante ingresso linea merci Bari-Taranto, Variante ingresso linea viaggiatori Bari- Taranto, modifica radice lato Nord Bari C.le e ACC Bari Parco Nord, Binari di stazionamento della stazione di Bari C.le",Sistemazione nodo di Bari,2025 fase 2027 completamento,,,664,ACCESSIBILITÀ ALLA RETE|REGOLARITÀ,0149 - Sistemazione nodo di Bari; P193 Upgrading infrastrutturale e tecnologico nodo di Bari,fonte esterna (dichiarato da RFI)
P193,Upgrading infrastrutturale e tecnologico nodo di Bari,Sistemazione nodo di Bari,2025 fase 2027 completamento,,,664,ACCESSIBILITÀ ALLA RETE|REGOLARITÀ,0149 - Sistemazione nodo di Bari; P193 Upgrading infrastrutturale e tecnologico nodo di Bari,fonte esterna (dichiarato da RFI)
P262A,Velocizzazione e potenziamento linea ferroviaria Adriatica 1^ fase,Nodo di Bari: Bari Sud,2028,,Puglia,666,ACCESSIBILITÀ ALLA RETE|ACCESSIBILITA PRM,P262A - Velocizzazione e potenziamento linea ferroviaria Adriatica 1^ fase,fonte esterna (dichiarato da RFI)
P227,Collegamento ferroviario aeroporto di Brindisi Collegamento ferroviario aeroporto di Brindisi,Collegamento tra la rete ferroviaria nazionale e l’Aeroporto di Brindisi,2027,Misura 1.7,,667,ACCESSIBILITÀ ALLA RETE|INTERMODALITÀ|ACCESSIBILITA PRM|GESTIONE DEGLI SPAZI DI STAZIONE,P227 - Collegamento tra la rete ferroviaria nazionale e l’Aeroporto di Brindisi,fonte esterna (dichiarato da RFI)
I170,Elettrificazione e ammodernamento linea Barletta-Canosa Elettrificazione e ammodernamento linea Barletta-Canosa,Elettrificazione Barletta - Canosa,2027 fase Oltre il 2029* completamento,,,669,ACCESSIBILITÀ ALLA RETE|CAPACITÀ|GESTIONE DEGLI SPAZI DI STAZIONE|SOSTENIBILITÀ,I170 - Elettrificazione Barletta - Canosa,fonte esterna (dichiarato da RFI)
P230,Stazione AV Foggia Cervaro Stazione AV Foggia Cervaro,Stazione AV Foggia Cervaro,2027 fase 1 Oltre il 2029* fase 2,,,673,ACCESSIBILITÀ ALLA RETE|ACCESSIBILITA PRM|GESTIONE DEGLI SPAZI DI STAZIONE,P230 - Stazione AV Foggia Cervaro,fonte esterna (dichiarato da RFI)
P223,Adeguamento prestazionale e upgrading corridoio TEN-T Baltico-Adriatico e linee afferenti,Adeguamento del tracciato e velocizzazione Bologna - Lecce Tratta Foggia - Bari - Brindisi,2027 fase 1 2028 completamento,Misura 1.7,,675,VELOCITÀ|VELOCITÀ,P223 - Adeguamento prestazionale e upgrading corridoio TEN-T Baltico-Adriatico e linee afferenti,fonte esterna (dichiarato da RFI)
0417,Porto di Taranto - collegamento ferroviario del complesso del porto di Taranto con la rete nazionale Nuova stazione di Cagioni e collegamento con nuova Piastra Logistica,Potenziamento scalo retroportuale di Taranto,2026,Misura 1.7,Puglia,682,CAPACITÀ|INTERMODALITÀ,0417 - Porto di Taranto - collegamento ferroviario del porto di Taranto con la Rete Nazionale,fonte esterna (dichiarato da RFI)
P178,Nodo intermodale di Brindisi Nodo intermodale di Brindisi,Nodo intermodale di Brindisi,2027,Misura 1.7,,683,CAPACITÀ|INTERMODALITÀ|ACCESSIBILITÀ ALLA RETE,P178 - Nodo intermodale di Brindisi,fonte esterna (dichiarato da RFI)
P262A,Velocizzazione e potenziamento linea ferroviaria Adriatica 1^ fase,Nodo di Bari: Bari Nord,Oltre il 2029*,,,685,ACCESSIBILITÀ ALLA RETE|ACCESSIBILITA PRM|GESTIONE DEGLI SPAZI DI STAZIONE|REGOLARITÀ|PRESTAZIONI,P262A - Velocizzazione e potenziamento linea ferroviaria Adriatica 1^ fase,fonte esterna (dichiarato da RFI)
P174,Scalo merci Bari Lamasinata Nuova stazione di Bari Lamasinata/Ferruccio fasi PROG PROG,Nuovo impianto merci Bari Lamasinata,Oltre il 2029*,,,687,PRESTAZIONI|CAPACITÀ|PRESTAZIONI,P174 - Scalo merci di Bari Lamasinata,fonte esterna (dichiarato da RFI)
P237,"City Hub, linee metropolitane e nuove stazioni/fermate",Stazione di Bari Centrale. Nuovo hub ci connessione urbana e mobilità sostenibile,Oltre il 2029,,Puglia,688,,"P237 - City Hub, linee metropolitane e nuove stazioni/fermate",fonte esterna (dichiarato da RFI)
P201,Upgrading infrastrutturale e tecnologico bacini sud e isole,Bipolo Olbia - Golfo Aranci,2027 fase 1 Oltre il 2029* completamento,,,696,ACCESSIBILITÀ ALLA RETE|CAPACITÀ REGOLARITÀ,P201 - Upgrading infrastrutturale e tecnologico bacini sud e isole,fonte esterna (dichiarato da RFI)
0313A,Velocizzazione S. Gavino-Sassari-Olbia fasi prioritarie Variante Bauladu,Velocizzazione linea Oristano - Chilivani (variante di Bauladu),2028,,Sardegna,697,VELOCITÀ REGOLARITÀ,0313A: San Gavino - Sassari - Olbia fasi prioritarie,fonte esterna (dichiarato da RFI)
P249,Collegamento ferroviario aeroporto di Olbia Collegamento ferroviario aeroporto di Olbia,Collegamento ferroviario con l'aeroporto di Olbia,2028,Misura 1.7,,698,INTERMODALITÀ|ACCESSIBILITÀ ALLA RETE ACCESSIBILITA PRM,P249 - Collegamento ferroviario al porto di Olbia,fonte esterna (dichiarato da RFI)
P248,Raddoppio Decimomannu-Villamassargia,Raddoppio Decimomannu-Villamassargia (prima fase),2026 fase 1 Oltre il 2029* completamento,Misura 1.7,Sardegna,699,CAPACITÀ|SOSTENIBILITÀ|REGOLARITÀ|CAPACITÀ,P248 - Raddoppio Decimomannu-Villamassargia (prima fase),fonte esterna (dichiarato da RFI)
P254B,Velocizzazione Villamassargia-Carbonia Velocizzazione Villamassargia-Carbonia,Velocizzazione Villamassargia - Carbonia,2026,,Sardegna,701,VELOCITÀ CAPACITÀ,P254B - Velocizzazione Villamassargia-Carbonia,fonte esterna (dichiarato da RFI)
P254A,Elettrificazione Cagliari-Oristano Elettrificazione Cagliari-Oristano,Elettrificazione Cagliari - Oristano,2027,,,702,SOSTENIBILITÀ,P254A - Elettrificazione Cagliari-Oristano,fonte esterna (dichiarato da RFI)
0271A,Velocizzazione Catania-Siracusa 1^ fase Velocizzazione Bicocca-Augusta,Velocizzazione Catania - Siracusa prima fase: Tratta Bicocca - Augusta,2026,,Sicilia,711,VELOCITÀ REGOLARITÀ|ACCESSIBILITÀ ALLA RETE GESTIONE DEI ROTABILI,0271A - Velocizzazione Catania - Siracusa fase 1,fonte esterna (dichiarato da RFI)
P074,"Ammodernamento e velocizzazione itinerari Palermo- Catania-Messina, Messina-Palermo e Messina-Siracusa","Ammodernamento e velocizzazione itinerari Palermo - Catania - Messina, Messina - Palermo e Messina - Siracusa",2026,,,712,VELOCITÀ|VELOCITÀ|VELOCITÀ REGOLARITÀ,"P074 - Ammodernamento e velocizzazione itinerari Palermo - Catania - Messina, Messina - Palermo e Messina - Siracusa",fonte esterna (dichiarato da RFI)
P235,Chiusura anello di Palermo tratta Politeama - Notarbartolo Anello di Palermo 2° stralcio: tratta Politeama-Notarbartolo,Anello ferroviario di Palermo: chiusura dell’Anello,2025 fase 2029 completamento,,Sicilia,713,CAPACITÀ REGOLARITÀ|ACCESSIBILITÀ ALLA RETE ACCESSIBILITA PRM,P235 Chiusura dell’anello ferroviario di Palermo,fonte esterna (dichiarato da RFI)
0275A,Nuovo collegamento Palermo-Catania 1^ macrofase 1^ macrofase Palermo - Catania: Lotto 1+2 Fiumetorto- Montemaggiore-Lercara 1^ macrofase Palermo - Catania: Lotto 3 Lercara-Caltanissetta Xirbi 1^ macrofase Palermo - Catania: Lotto 4a Caltanissetta Xirbi-Enna 1^ macrofase Palermo - Catania: Lotto 4b Enna-Dittaino 1^ macrofase Palermo - Catania: Lotto 5 Dittaino-Catenanuova 1^ macrofase Palermo - Catania: Lotto 6 Catenanuova-Bicocca,Nuovo collegamento Palermo - Catania prima macrofase,2025 lotto 6 2027 lotto 4b 2028 lotto 5 2029 lotto 3 e 4a Oltre il 2029* completamento,Misura 1.1,Sicilia,715,VELOCITÀ,0275A - Nuovo collegamento Palermo-Catania 1° macrofase,fonte esterna (dichiarato da RFI)
I162,Ripristino linea Palermo-Trapani via Milo Ripristino linea Palermo-Trapani via Milo,Ripristino linea Palermo - Trapani via Milo,2028,,Sicilia,719,VELOCITÀ|REGOLARITÀ ACCESSIBILITÀ ALLA RETE,I162 - Ripristino linea Palermo - Trapani via Milo,fonte esterna (dichiarato da RFI)
P251,Collegamento porto di Augusta Collegamento porto di Augusta,Potenziamento collegamenti bacino di Augusta,2027,Misura 1.7,Sicilia,721,REGOLARITÀ,P251 - Collegamento porto di Augusta,fonte esterna (dichiarato da RFI)
P236,"Elettrificazione della tratta Cinisi-Alcamo Dir- Trapani della linea Palermo - Trapani "" via Milo"" Elettrificazione Cinisi-Alcamo Dir- Trapani",Elettrificazione Palermo-Trapani via Milo,2026 fase 2029 completamento,Misura 1.5,,722,INTEGRAZIONE DELLA RETE|VELOCITÀ|INTEGRAZIONE DELLA RETE|SOSTENIBILITÀ,P236 - Elettrificazione della tratta Cinisi -Alcamo dir.-Trapani della linea Palermo-Trapani via Milo,fonte esterna (dichiarato da RFI)
P247,Potenziamento Palermo - Agrigento - Porto Empedocle bassa Potenziamento Palermo - Agrigento - Porto Empedocle bassa,Palermo-Agrigento-Porto Empedocle,2026 fase 2027 completamento,Misura 1.7,Sicilia,723,CAPACITÀ|INTEGRAZIONE DELLA RETE|ACCESSIBILITÀ ALLA RETE,P247 - Potenziamento Palermo-Agrigento-Porto Empedocle bassa,fonte esterna (dichiarato da RFI)
P250,Intermodalità e accessibilità Trapani Birgi Intermodalità e accessibilità aeroporto Trapani Birgi,Collegamento con l'aeroporto di Trapani Birgi,2026,Misura 1.7,Sicilia,725,INTERMODALITÀ|ACCESSIBILITÀ ALLA RETE,P250 - Intermodalità e accessibilità Trapani Birgi,fonte esterna (dichiarato da RFI)
P232,Ripristino linea Caltagirone - Gela Ripristino linea Caltagirone - Gela,Caltagirone - Gela: ripristino della linea,2026 fase Oltre il 2029* fase 2,Misura 1.5,,726,CAPACITÀ|ACCESSIBILITÀ ALLA RETE,P232 - Linea Caltagirone - Gela: ripristino della linea,fonte esterna (dichiarato da RFI)
0336,Raddoppio Palermo-Messina tratta Fiumetorto- Castelbuono Raddoppio Fiumetorto-Ogliastrillo Raddoppio Ogliastrillo-Castelbuono,Raddoppio Palermo - Messina tratta Ogliastrillo - Castelbuono,2028,,Sicilia,727,CAPACITÀ REGOLARITÀ ACCESSIBILITÀ ALLA RETE VELOCITÀ,0336 - Raddoppio Palermo - Messina tratta Fiumetorto - Castelbuono,fonte esterna (dichiarato da RFI)
P201,Upgrading infrastrutturale e tecnologico bacini sud e isole,Nuove fermate in Sicilia,2026 fase Oltre il 2029* completamento,,Sicilia,729,ACCESSIBILITÀ ALLA RETE ACCESSIBILITA PRM,P201 – Upgrading infrastrutturale e tecnologico bacini sud e isole,fonte esterna (dichiarato da RFI)
0270,Sistemazione nodo di Catania Interramento stazione Catania c.le completamento del doppio PROG PROG binario tra Catania C.le e Catania Acquicella Interramento Catania Acquicella-Bicocca Collegamento ferroviario aeroporto di Catania: fermata su linea esistente,Sistemazione nodo di Catania: interramento stazione di Catania Centrale,2027 fase Oltre il 2029* completamento,,,730,ACCESSIBILITÀ ALLA RETE CAPACITÀ,0270 - Sistemazione nodo di Catania,fonte esterna (dichiarato da RFI)
0036,"Nodo di Palermo Passante ferroviario Palermo c.le/Notarbartolo-Carini, Apparato tecnologico Palermo c.le e Completamento raddoppio Carini- Punta-Raisi e adeguamento tecnologico Palermo c.le-Fiumetorto",Nodo di Palermo - Passante ferroviario Palermo Centrale/Notarbartolo - Carini,2028,,Sicilia,731,CAPACITÀ REGOLARITÀ ACCESSIBILITÀ ALLA RETE VELOCITÀ,0036 - Nodo di Palermo,fonte esterna (dichiarato da RFI)
0249,Linea Messina-Catania: raddoppio Giampilieri-Fiumefreddo Raddoppio Giampilieri-Taormina Raddoppio Letojanni-Taormina-Fiumefreddo,Linea Messina - Catania: raddoppio Giampilieri - Fiumefreddo,Oltre il 2029,,,734,VELOCITÀ|CAPACITÀ|REGOLARITÀ|ACCESSIBILITÀ ALLA RETE PRESTAZIONI,0249 - Linea Messina-Catania: raddoppio Giampilieri-Fiumefreddo,fonte esterna (dichiarato da RFI)
1346,Potenziamento linea Pistoia-Lucca Raddoppio Pistoia-Montecatini Upgrading Montecatini-Pescia Raddoppio Pescia-Lucca PROG ITER,Raddoppio Pistoia - Lucca (fase1),2025,Misura 1.5,Toscana,744,CAPACITÀ REGOLARITÀ|GESTIONE DEGLI SPAZI DI STAZIONE|GESTIONE DEI ROTABILI,1346 - Potenziamento linea Pistoia - Lucca,fonte esterna (dichiarato da RFI)
P076,Upgrading infrastrutturale e tecnologico nodo di Firenze,Potenziamento tecnologico nodo di Firenze,2028 fase 1 2029 fase 2 2027 fase 3,Misura 1.5,,745,REGOLARITÀ CAPACITÀ,P076 - Upgrading infrastruttrale e tecnologico nodo di Firenze,fonte esterna (dichiarato da RFI)
P200,Upgrading infrastrutturale e tecnologico bacini centro,Potenziamento linee Faentina e Valdisieve,2029,,Toscana,746,REGOLARITÀ ACCESSIBILITÀ ALLA RETE,P200 - Upgrading infrastrutturale e tecnologico bacini centro,fonte esterna (dichiarato da RFI)
P255,Accessibilità alla nuova stazione AV di Belfiore People mover Firenze Belfiore - Santa Maria Novella PROG PROG Fermata Circondaria ITER,Accessibilità Firenze Belfiore (Prima Fase),2028 fase 1 Oltre il 2029* completamento,,,747,ACCESSIBILITÀ ALLA RETE ACCESSIBILITA PRM|ACCESSIBILITÀ ALLA RETE|SOSTENIBILITÀ,P255 - Accessibilità alla nuova stazione AV di Belfiore e nuovo collegamento Belfiore - Firenze,fonte esterna (dichiarato da RFI)
P076,Upgrading infrastrutturale e tecnologico nodo di Firenze,Nuova fermata Firenze Guidoni,2029,,,749,ACCESSIBILITÀ ALLA RETE ACCESSIBILITA PRM|GESTIONE DEGLI SPAZI DI STAZIONE,P076 - Upgrading infrastrutturale e tecnologico nodo di Firenze,fonte esterna (dichiarato da RFI)
P060,Infrastrutturazione porti e terminali,Scalo merci Castelnuovo Garfagnana,2025,,Toscana,752,CAPACITÀ|ACCESSIBILITÀ ALLA RETE|REGOLARITÀ,P060 - Infrastrutturazione porti e terminali,fonte esterna (dichiarato da RFI)
P220,"Potenziamento dei collegamenti tra il porto di Livorno, la rete ferroviaria e l'interporto Guasticce Porto di Livorno: collegamento diretto Porto-Guasticce (scavalco della linea tirrenica ambito Livorno Calambrone) Porto di Livorno: Collegamento dell’interporto di Guasticce alla PROG PROG linea Pisa-Vada via Collesalvetti Porto di Livorno: Bretella di collegamento tra la linea Pisa-Vada PROG PROG via Collesalvetti e la linea Firenze-Pisa",Scavalco della linea Tirrenica ambito Livorno Calambrone,2028,,,753,CAPACITÀ INTERMODALITÀ,"P220 - Potenziamento dei collegamenti tra il porto di Livorno, la rete ferroviaria e l’interporto Guasticce: collegamento diretto della Darsena Toscana con Guasticce - opere sulla rete",fonte esterna (dichiarato da RFI)
P076,Upgrading infrastrutturale e tecnologico nodo di Firenze,Nuovo PRG della stazione di Empoli,2029,,,757,GESTIONE DEGLI SPAZI DI STAZIONE|GESTIONE DEI ROTABILI REGOLARITÀ|ACCESSIBILITÀ ALLA RETE PRESTAZIONI,P076 - Upgrading infrastrutturale e tecnologico nodo di Firenze,fonte esterna (dichiarato da RFI)
P220,"Potenziamento dei collegamenti tra il porto di Livorno, la rete ferroviaria e l'interporto Guasticce Porto di Livorno: collegamento diretto Porto-Guasticce (scavalco della linea tirrenica ambito Livorno Calambrone) Porto di Livorno: Collegamento dell’interporto di Guasticce alla PROG PROG linea Pisa-Vada via Collesalvetti Porto di Livorno: Bretella di collegamento tra la linea Pisa-Vada PROG PROG via Collesalvetti e la linea Firenze-Pisa",Collegamento dell’interporto di Guasticce con la linea Pisa - Vada via Collesalvetti ed interconnessione della linea Pisa - Vada con la linea Firenze - Pisa,Oltre il 2029*,,,759,CAPACITÀ|INTERMODALITÀ|PRESTAZIONI,"P220 -  Potenziamento dei collegamenti tra il porto di Livorno, la rete ferroviaria e l’interporto",fonte esterna (dichiarato da RFI)
P101,Potenziamento linea Empoli-Siena Raddoppio Empoli-Granaiolo Elettrificazione linea Empoli-Siena ITER,Potenziamento linea Empoli - Siena,Oltre il 2029,,Toscana,761,CAPACITÀ REGOLARITÀ|SOSTENIBILITÀ,P101 - Potenziamento linea Empoli - Siena,fonte esterna (dichiarato da RFI)
I172,Variante di Riga PRG Bressanone e altre opere propedeutiche Variante di Riga e fermata di Sciaves Fermata di Varna PROG PROG,Variante di Riga,2026 fase 1 2028 completamento,Misura 1.5,Trentino Alto Adige,770,,I172 - Variante di Riga,fonte esterna (dichiarato da RFI)
P136,Linea Bolzano-Merano: Galleria del Virgolo Modifica radice sud di Bolzano e inserimento terzo binario indipendente per linea Bolzano-Merano,Realizzazione della Galleria del Virgolo,2027 ACC 2028 completamento,Misura 1.5,,772,CAPACITÀ|REGOLARITÀ|UPGRADE E SICUREZZA,P136 - Linea Bolzano - Merano: Galleria del Virgolo; P224 - Adeguamento prestazionale e upgrading corridoio TEN-T Scandinavia - Mediterraneo,fonte esterna (dichiarato da RFI)
P224,Adeguamento prestazionale e upgrading corridoio TEN-T Scandinavia - Mediterraneo e linee afferenti,Realizzazione della Galleria del Virgolo,2027 ACC 2028 completamento,Misura 1.5,,772,CAPACITÀ|REGOLARITÀ|UPGRADE E SICUREZZA,P136 - Linea Bolzano - Merano: Galleria del Virgolo; P224 - Adeguamento prestazionale e upgrading corridoio TEN-T Scandinavia - Mediterraneo,fonte esterna (dichiarato da RFI)
P128,Elettrificazione linea Trento-Bassano 1^ fase Elettrificazione Trento-Borgo Valsugana,Elettrificazione Trento - Bassano,2026,,,773,REGOLARITÀ|INTEGRAZIONE DELLA RETE|SOSTENIBILITÀ GESTIONE DEI ROTABILI,P128 - Elettrificazione Trento - Bassano,fonte esterna (dichiarato da RFI)
0337A,Accesso al Brennero lotto 3a - Circonvallazione di Trento Circonvallazione di Trento (lotto 3a) e progettazione preliminare lotti 3a e 3b,Circonvallazione di Trento,2027,,Trentino Alto Adige,774,CAPACITÀ|PRESTAZIONI,0337A - Accesso al Brennero lotto 3a - Circonvallazione di Trento,fonte esterna (dichiarato da RFI)
P199,Upgrading infrastrutturale e tecnologico bacini nord est,Collegamento con l’aeroporto di Bolzano - Nuova fermata di San Giacomo di Laives,2026,,Trentino Alto Adige,776,ACCESSIBILITÀ ALLA RETE ACCESSIBILITA PRM|INTERMODALITÀ,P199 - Upgrading infrastrutturale e tecnologico bacini Nord-Est,fonte esterna (dichiarato da RFI)
A004,Galleria di base del Brennero - quota Italia,Nuovo Valico del Brennero,,,,781,,A004 - Galleria di base del Brennero - quota Italia,fonte esterna (dichiarato da RFI)
P224,Adeguamento prestazionale e upgrading corridoio TEN-T Scandinavia - Mediterraneo e linee afferenti,Upgrading tecnologico Verona-Brennero,Oltre il 2029,Misura 1.5,,783|842,REGOLARITÀ|INTEGRAZIONE DELLA RETE,P224 - Adeguamento prestazionale e upgrading corridoio TEN-T Scandinavia - Mediterraneo,fonte esterna (dichiarato da RFI)
0119,Potenziamento infrastrutturale Orte-Falconara,Potenziamento infrastrutturale linea Orte - Falconara (tratta Spoleto - Campello),2027,,,791,CAPACITÀ VELOCITÀ,0119 - Potenziamento infrastrutturale Orte - Falconara,fonte esterna (dichiarato da RFI)
0334,"Potenziamento Foligno-Perugia-Terontola 1° stralcio Consolidamento sede tratta Foligno-Assisi, velocizzazione tratta Perugia Ponte San Giovanni - Foligno e nuova fermata Perugia aeroporto",Potenziamento della linea Foligno - Terontola,2027 fase Oltre il 2029* completamento,,Umbria,792,VELOCITÀ ACCESSIBILITA PRM,0334 - Potenziamento Foligno - Perugia - Terontola,fonte esterna (dichiarato da RFI)
P200,Upgrading infrastrutturale e tecnologico bacini centro,Collegamento con Aeroporto di Perugia Nuova fermata Perugia Collestrada,2029,,,793,ACCESSIBILITÀ ALLA RETE ACCESSIBILITA PRM|GESTIONE DEGLI SPAZI DI STAZIONE|INTERMODALITÀ,P200 - Upgrading infrastrutturale e tecnologico bacini centro,fonte esterna (dichiarato da RFI)
P123,Elettrificazione Ivrea-Aosta e adeguamento linea Chivasso - Aosta Elettrificazione Ivrea-Aosta e Velocizzazione impianti e soppressione PL linea Chivasso-Aosta,Elettrificazione Ivrea-Aosta,2026,Misura 1.5,Valle d’Aosta,806,INTEGRAZIONE DELLA RETE|SOSTENIBILITÀ,P123 - Elettrificazione Ivrea-Aosta e adeguamento e miglioramento linea ferroviaria Chivasso -,fonte esterna (dichiarato da RFI)
P075,Upgrading infrastrutturale e tecnologico nodo di Venezia,Ulteriore Fase di Potenziamento Tecnologico Venezia Mestre - Venezia Santa Lucia,2026,,Veneto,815,REGOLARITÀ,P075 - Upgrading infrastrutturale e tecnologico nodo di Venezia,fonte esterna (dichiarato da RFI)
P125,Elettrificazione linee Veneto,Elettrificazione linee del Veneto (fase 2),2025,Misura 1.5,,816,ACCESSIBILITA PRM|REGOLARITÀ|INTEGRAZIONE DELLA RETE|SOSTENIBILITÀ,P125 - Elettrificazione linee Veneto,fonte esterna (dichiarato da RFI)
P199,Upgrading infrastrutturale e tecnologico bacini nord est,Interventi olimpiadi invernali 2026 - Regione Veneto,2026 (per le olimpiadi),,Veneto,817,ACCESSIBILITÀ ALLA RETE|REGOLARITÀ|GESTIONE DEGLI SPAZI DI STAZIONE ACCESSIBILITA PRM,P199 - Upgrading infrastrutturale e tecnologico bacini Nord-Est,fonte esterna (dichiarato da RFI)
0268,Collegamento ferroviario aeroporto di Venezia Collegamento ferroviario aeroporto di Venezia,Collegamento ferroviario con l’aeroporto di Venezia,2026 fase 1 2027 fase 2,Misura 1.5,Veneto,818,ACCESSIBILITÀ ALLA RETE ACCESSIBILITA PRM|ACCESSIBILITA PRM INTERMODALITÀ,0268 - Collegamento ferroviario aeroporto di Venezia,fonte esterna (dichiarato da RFI)
I184,Potenziamento Padova-Castelfranco Linea Padova-Vigodarzere: raddoppio ponte sul Brenta,Potenziamento Padova - Castelfranco,2026,,Veneto,820,CAPACITÀ|REGOLARITÀ,I184 - Potenziamento Padova - Castelfranco. Raddoppio ponte sul Brenta Padova - Castelfranco,fonte esterna (dichiarato da RFI)
P222,Adeguamento prestazionale e upgrading corridoio TEN-T Mediterraneo e linee afferenti,ACC di Verona PN e ACC-M di Nodo,2027 Verona P.N. Oltre il 2029* ACC-M Nodo,,Veneto,822,CAPACITÀ|REGOLARITÀ,P222 – Adeguamento prestazionale e upgrading Corridoio Ten-T Mediterraneo e linee afferenti,fonte esterna (dichiarato da RFI)
0362A,Linea AV/AC Verona-Padova 1° lotto funzionale: Tratta Verona-bivio Vicenza,Brescia-Verona-Vicenza: tratta Verona- Bivio Vicenza e attraversamento di Vicenza,2026 fase Oltre il 2029 completamento,Misura 1.2,Veneto,833,VELOCITÀ|CAPACITÀ|REGOLARITÀ|PRESTAZIONI,0362A – Linea AV/AC Verona-Padova: Verona-bivio Vicenza (primo lotto funzionale),fonte esterna (dichiarato da RFI)
P222,Adeguamento prestazionale e upgrading corridoio TEN-T Mediterraneo e linee afferenti,PRG e ACC Verona Quadrante Europa,2027 ACC Oltre il 2029*PRG,,,836,PRESTAZIONI|CAPACITÀ,P222 - Adeguamento prestazionale e upgrading corriodio TEN-T Mediterraneo e linee afferenti,fonte esterna (dichiarato da RFI)
0361,Linea AV/AC Milano - Verona: tratta Brescia - Verona,Brescia-Verona-Vicenza: Nodo di Verona Ovest,2028,,Veneto,837,VELOCITÀ|CAPACITÀ|PRESTAZIONI|CAPACITÀ,0361 – Linea AV/AC Milano-Verona: tratta Brescia-Verona,fonte esterna (dichiarato da RFI)
P075,Upgrading infrastrutturale e tecnologico nodo di Venezia,Piano Regolatore Generale di Venezia Santa Lucia fase 2,Oltre il 2029*,,,840,REGOLARITÀ CAPACITÀ,P075 - Upgrading infrastrutturale e tecnologico nodo di Venezia,fonte esterna (dichiarato da RFI)
I183,Raddoppio Maerne-Castelfranco Veneto Raddoppio Maerne-Castelfranco Veneto PROG PROG,Raddoppio Maerne - Castelfranco Veneto,Oltre il 2029*,,Veneto,841,REGOLARITÀ|CAPACITÀ|PRESTAZIONI|INTEGRAZIONE DELLA RETE,I183 – Raddoppio Maerne - Castelfranco Veneto,fonte esterna (dichiarato da RFI)
0362A,Linea AV/AC Verona-Padova 1° lotto funzionale: Tratta Verona-bivio Vicenza,Brescia-Verona-Vicenza: Nodo di Verona Est,Oltre il 2029*,,Veneto,843,VELOCITÀ|CAPACITÀ|ACCESSIBILITÀ ALLA RETE|PRESTAZIONI|CAPACITÀ|PRESTAZIONI,0362A – Linea AV/AC Verona-Padova: Verona-bivio Vicenza (primo lotto funzionale),fonte esterna (dichiarato da RFI)
P237,"City Hub, linee metropolitane e nuove stazioni/fermate",Hub di Venezia Mestre,Oltre il 2029,,Veneto,845,,"P237 - City hub, linee metropolitane e nuove stazioni/fermate",fonte esterna (dichiarato da RFI)
