codice,descrizione,programma_num,programma,sottoprogramma,classe,classe_nome,cup,cups,classe_dpp,paniere_pnrr,stato_attuativo,stato_finanziario,ultimo_documento,pagina,costo_totale_mln,finanziato_mln,da_finanziare_mln,avanzamento_mln
0013A,Nuova linea a monte del Vesuvio Nuova linea a monte del Vesuvio (tratta bivio Casoria - bivio Sarno),09,Direttrici di interesse nazionale,,b,Interventi in esecuzione,,J61H94000000001,,no,RE|ES,integralmente finanziato,agg2025,59,358.31,358.31,0.0,356.52
0013B,Fermata Vesuvio Est Linea a monte del Vesuvio Fermata Vesuvio Est PROG PROG,09,Direttrici di interesse nazionale,,d,Interventi in progettazione,,J61H94000000001,,no,,parzialmente finanziato,agg2025,77,60.9,1.83,59.07,0.43
0036,"Nodo di Palermo Passante ferroviario Palermo c.le/Notarbartolo-Carini, Apparato tecnologico Palermo c.le e Completamento raddoppio Carini- Punta-Raisi e adeguamento tecnologico Palermo c.le-Fiumetorto",06,Città metropolitane,,b,Interventi in esecuzione,,J11H92000000008,,no,RE,parzialmente finanziato,agg2025,54,1307.26,1287.26,20.0,1117.53
0037,Realizzazione fermate ed adeguamento stazioni per servizio metropolitano di Bologna 1^ fase,,,,b,Interventi in esecuzione,,,,no,,per memoria,cdp2017,52,0.0,0.0,0.0,
0049A,Raddoppio Milano-Mortara: 1^ fase Raddoppio Milano S.Cristoforo- Albairate Fermate Porta Romana e Tibaldi Riqualificazione Milano S. Cristoforo-P.ta Romana PROG PROG Raddoppio Albairate-Abbiategrasso PROG PROG,06,Città metropolitane,,c,Interventi prioritari,,J31H96000070008,,no,RE|ES,parzialmente finanziato,agg2025,68,564.68,253.33,311.34,231.89
0049B,Raddoppio Milano-Mortara: 2^ fase Raddoppio Abbiategrasso-Vigevano-Parona PROG PROG Raddoppio Parona-Mortara,06,Città metropolitane,,d,Interventi in progettazione,,J31H96000070008,,no,FAP,parzialmente finanziato,agg2025,75,1542.66,2.66,1540.0,1.42
0052,"Passante di Torino tratta Porta Susa - Stura Quadruplicamento Torino Porta Susa-Stura e progettazione fermate Dora e Zappata, Stazione AV Torino Porta Susa e Nuova SSE Torino Bramante",06,Città metropolitane,,b,Interventi in esecuzione,,J11H02000040008,,no,RE|ES,integralmente finanziato,agg2025,54,1045.03,1045.03,0.0,1033.19
0077,Raddoppio Genova-Ventimiglia 1^ fase Raddoppio Andora - S.Lorenzo e completamento raddoppio S.Lorenzo - Ospedaletti,09,Direttrici di interesse nazionale,,b,Interventi in esecuzione,,J71H92000020008,,no,RE|ES,parzialmente finanziato,agg2025,59,691.53,690.0,1.53,671.45
0081,Potenziamento asse ferroviario Pontremolese,09,Direttrici di interesse nazionale,,b,Interventi in esecuzione,,J61H92000000008,,no,,per memoria,cdp2022,61,0.0,0.0,0.0,
0083,Infrastrutturazione area stazione Tiburtina e nodo di interscambio Stazione AV stazione Tiburtina e infrastrutturazione area,06,Città metropolitane,,b,Interventi in esecuzione,,J31H98000030008,,no,RE|ES,parzialmente finanziato,agg2025,54,322.5,303.46,19.04,286.96
0099A,Itinerario Napoli-Bari: Raddoppio Bovino-Cervaro Raddoppio Bovino-Cervaro,09,Direttrici di interesse nazionale,,b,Interventi in esecuzione,,J41H92000000008,,no,RE|ES,integralmente finanziato,agg2025,59,263.4,263.4,0.0,258.41
0099B,Itinerario Napoli-Bari: Raddoppio Orsara-Bovino Raddoppio Orsara-Bovino,09,Direttrici di interesse nazionale,,b,Interventi in esecuzione,,J41H92000000008,,no,RE,integralmente finanziato,agg2025,59,579.26,579.26,0.0,160.0
0099C,Itinerario Napoli-Bari: Opere di completamento raddoppio Vitulano-Apice Interventi di completamento raddoppio Vitulano-Apice,09,Direttrici di interesse nazionale,,b,Interventi in esecuzione,,J41H92000000008,,no,RE|ES,integralmente finanziato,agg2025,59,19.95,19.95,0.0,19.36
0100,"Raddoppio Bari-Taranto Raddoppio Bari S.Andrea - Bitetto e Castellaneta-Palagianello e interventi di completamento tratte già raddoppiate, bretella di collegamento Bari-Taranto-Metaponto",09,Direttrici di interesse nazionale,,b,Interventi in esecuzione,,J71H92000030008,,no,RE|ES,parzialmente finanziato,agg2025,59,498.58,487.58,11.0,467.6
0115,Raddoppio Messina - Siracusa 1^ fase Raddoppio Catania Ognina - Catania Centrale e interventi di completamento raddoppio Fiumefreddo-Giarre e Targia - Siracusa,06,Città metropolitane,,b,Interventi in esecuzione,,J11H92000020008,,no,RE|ES,integralmente finanziato,agg2025,54,126.66,126.66,0.0,125.76
0119,Potenziamento infrastrutturale Orte-Falconara,09,Direttrici di interesse nazionale,,b,Interventi in esecuzione,,J61H03000030001,,no,,parzialmente finanziato,agg2025,59,387.65,377.65,10.0,343.48
0136,Nuova Linea Ferrandina-Matera La Martella,09,Direttrici di interesse nazionale,,b,Interventi in esecuzione,,J81H92000020001,,no,,integralmente finanziato,agg2025,59,525.45,525.45,0.0,52.91
0142A,"Raddoppio Pescara-Bari 1^ fase Completamento raddoppio Ortona-Casalbordino, Vasto-Vasto S.Salvo e Lesina-San Severo (opere già in esercizio) e Raddoppio tratta a nord della stazione di Ortona PRG e ACC Foggia",09,Direttrici di interesse nazionale,,b,Interventi in esecuzione,,J71H92000000007,,no,RE|ES,integralmente finanziato,agg2025,60,318.79,318.79,0.0,272.25
0142B,Completamento raddoppio Pescara-Bari (tratta Termoli- Lesina) Raddoppio Ripalta-Lesina Raddoppio Termoli-Ripalta,09,Direttrici di interesse nazionale,,b,Interventi in esecuzione,,J71H92000000007,,no,RE,integralmente finanziato,agg2025,60,700.0,700.0,0.0,118.39
0149,"Sistemazione nodo di Bari Raddoppio Bari Parco Sud - Bari Torre a Mare e variante ingresso linea merci Bari-Taranto, Variante ingresso linea viaggiatori Bari- Taranto, modifica radice lato Nord Bari C.le e ACC Bari Parco Nord, Binari di stazionamento della stazione di Bari C.le",06,Città metropolitane,,b,Interventi in esecuzione,,J71H98000000001,,no,RE|ES,integralmente finanziato,agg2025,54,159.61,159.61,0.0,137.69
0223A,Nodo di Novara 1^ fase Sistemazione Novara Boschetto e PRG Vignale PROG PROG,09,Direttrici di interesse nazionale,,c,Interventi prioritari,,J11H02000130001,,no,,parzialmente finanziato,agg2025,70,190.5,5.7,184.8,3.18
0223B,Nodo di Novara completamento Nodo di Novara: Passante merci (include progettazioni pregresse PROG PROG per opere di scavalco linee Novara-Mortara e Novara-Milano),09,Direttrici di interesse nazionale,,d,Interventi in progettazione,,J11H02000130001,,no,,parzialmente finanziato,agg2025,77,392.53,6.97,385.56,6.97
0226,Raddoppio Orte-Falconara: tratta Spoleto-Terni Raddoppio Spoleto-Terni PROG ITER,09,Direttrici di interesse nazionale,,d,Interventi in progettazione,,J61H02000090008,,no,,parzialmente finanziato,agg2025,77,1618.04,23.42,1594.62,22.64
0240,"Potenziamento infrastrutturale Voltri-Brignole 1^ fase: Completamento variante Pegli-Voltri e PRG Voltri 1^ fase, quadruplicamento Voltri-Sampierdarena e PRG Sampierdarena, sestuplicamento P.Principe-Brignole/Terralba 2^ fase: Completamento PRG Voltri",,,,b,Interventi in esecuzione,,J71H02000110008,INV,no,RE|PD,integralmente finanziato,cdp2017,52,642.4,642.4,0.0,
0241A,Cintura di Torino e connessione al collegamento Torino- Lione opere prioritarie Sezione nazionale Torino-Lione 1^ fase (quadruplicamento PROG PROG Avigliana-Orbassano e scalo Orbassano),09,Direttrici di interesse nazionale,,c,Interventi prioritari,,J11H03000030008,,no,,parzialmente finanziato,agg2025,70,2989.54,809.27,2180.27,60.37
0241B,Cintura di Torino e connessione al collegamento Torino- Lione completamento Cintura di Torino (nuova linea Orbassano-Settimo Torinese) Sezione nazionale Torino-Lione 2^ fase (quadruplicamento PROG PROG Bussoleno-Avigliana),09,Direttrici di interesse nazionale,,d,Interventi in progettazione,,J11H03000030008,,no,FAP,non finanziato,agg2025,77,2692.85,0.0,2692.85,0.0
0242,"Velocizzazione Palermo - Agrigento Velocizzazione Montemaggiore-Roccapalumba, Variante Lercara e altri interventi minori",05,Valorizzazione reti regionali,,b,Interventi in esecuzione,,J11H02000060001,,no,RE|ES,integralmente finanziato,agg2025,50,167.5,167.5,0.0,167.3
0243,Scalo merci di Modena Marzaglia,,,,b,Interventi in esecuzione,,,,no,,per memoria,cdp2017,58,0.0,0.0,0.0,
0249,Linea Messina-Catania: raddoppio Giampilieri-Fiumefreddo Raddoppio Giampilieri-Taormina Raddoppio Letojanni-Taormina-Fiumefreddo,09,Direttrici di interesse nazionale,,b,Interventi in esecuzione,,J11H02000070008,,no,RE,parzialmente finanziato,agg2025,60,2563.96,2458.26,105.7,424.03
0258_A,Chiusura anello ferroviario di Roma Chiusura anello di Roma lotto 1A Raddoppio Valle Aurelia - Vigna Clara Chiusura anello di Roma lotto 1B Vigna Clara - Tor di Quinto ITER Chiusura anello di Roma lotto 2 Tor di Quinto - Val d'Ala PROG PROG Chiusura anello di Roma lotto 3 Collegamenti con linee Tirrenica e PROG PROG Roma-Firenze,06,Città metropolitane,,c,Interventi prioritari,,J31H03000180008,,no,RE,parzialmente finanziato,agg2025,68,1245.79,117.78,1128.01,11.63
0260,Raddoppio Lunghezza-Guidonia Raddoppio Lunghezza-Guidonia 1^ fase (Lunghezza-Bagni di Tivoli) Raddoppio Lunghezza-Guidonia 2^ fase (Bagni di Tivoli - Guidonia) PROG ITER,06,Città metropolitane,,c,Interventi prioritari,,J31H03000190001,,no,RE,parzialmente finanziato,agg2025,68,395.14,178.71,216.43,137.21
0262,"Nuova linea AV/AC Venezia-Trieste: tratta Ronchi dei Legionari - Trieste • NCP 1: ""Intervento sospeso""",,,,e,Interventi in programma,,J61H03000110001,,no,PRV|PP,parzialmente finanziato,cdp2017,103,1745.8,13.33,1732.47,
0263,Adeguamento tecnologico e infrastrutturale linea Battipaglia-Reggio Calabria,09,Direttrici di interesse nazionale,,b,Interventi in esecuzione,,J61H03000100001,,no,,integralmente finanziato,agg2025,60,230.0,230.0,0.0,227.93
0264A,Accesso al Sempione: raddoppio Vignale-Oleggio-Arona Raddoppio Vignale-Oleggio PROG PROG Raddoppio Oleggio-Arona PROG PROG,09,Direttrici di interesse nazionale,,d,Interventi in progettazione,,J11H03000130001,,no,,parzialmente finanziato,agg2025,77,424.0,6.44,417.56,3.06
0264B,Accesso al Sempione: raddoppio Vignale-Oleggio- Arona completamento Nuovo terminal autostrada viaggiante Cameri,,,,e,Interventi in programma,,J11H03000130001,,no,PRV|PP,non finanziato,cdp2017,102,111.0,0.0,111.0,
0265,Accesso al Gottardo Raddoppio Laveno-Luino,09,Direttrici di interesse nazionale,,e,Interventi in programma,,J31H03000510001,,no,,per memoria,agg2021,64,0.0,0.0,0.0,
0266,Accesso al Gottardo Quadruplicamento Chiasso- Monza Quadruplicamento tratta bivio Rosales-Seregno,09,Direttrici di interesse nazionale,,e,Interventi in programma,,J31H03000520001,PR,no,PFTE,parzialmente finanziato,cdp2022,79,1412.0,3.5,1408.5,3.24
0267,Nuovo collegamento Arcisate - Stabio,05,Valorizzazione reti regionali,,b,Interventi in esecuzione,,J31H03000530001,,no,,per memoria,cdp2022,47,0.0,0.0,0.0,
0268,Collegamento ferroviario aeroporto di Venezia Collegamento ferroviario aeroporto di Venezia,08,"Aeroporti, accessibilità su ferro",,b,Interventi in esecuzione,,J51H03000170001,,no,RE,integralmente finanziato,agg2025,58,644.0,644.0,0.0,163.05
0269,Collegamento ferroviario aeroporto di Verona Collegamento ferroviario aeroporto di Verona,08,"Aeroporti, accessibilità su ferro",,d,Interventi in progettazione,,J51H03000180001,,no,FAP,parzialmente finanziato,agg2025,76,90.4,0.18,90.23,0.16
0270,Sistemazione nodo di Catania Interramento stazione Catania c.le completamento del doppio PROG PROG binario tra Catania C.le e Catania Acquicella Interramento Catania Acquicella-Bicocca Collegamento ferroviario aeroporto di Catania: fermata su linea esistente,09,Direttrici di interesse nazionale,,c,Interventi prioritari,,J11H03000140008|J34H17000230001,,no,RE|ES,parzialmente finanziato,agg2025,70,1607.82,613.7,994.12,73.53
0271A,Velocizzazione Catania-Siracusa 1^ fase Velocizzazione Bicocca-Augusta,05,Valorizzazione reti regionali,,b,Interventi in esecuzione,,J11H03000150001,,no,RE,parzialmente finanziato,agg2025,50,100.33,97.36,2.97,67.82
0271B,Velocizzazione Catania-Siracusa completamento Velocizzazione Augusta-Targia PROG PROG,05,Valorizzazione reti regionali,,d,Interventi in progettazione,,J11H03000150001,,no,,non finanziato,agg2025,74,44.0,0.0,44.0,0.0
0274,Quadruplicamento Salerno - Battipaglia,09,Direttrici di interesse nazionale,,d,Interventi in progettazione,,J61H02000100008,,no,,per memoria,agg2021,60,0.0,0.0,0.0,
0275A,Nuovo collegamento Palermo-Catania 1^ macrofase 1^ macrofase Palermo - Catania: Lotto 1+2 Fiumetorto- Montemaggiore-Lercara 1^ macrofase Palermo - Catania: Lotto 3 Lercara-Caltanissetta Xirbi 1^ macrofase Palermo - Catania: Lotto 4a Caltanissetta Xirbi-Enna 1^ macrofase Palermo - Catania: Lotto 4b Enna-Dittaino 1^ macrofase Palermo - Catania: Lotto 5 Dittaino-Catenanuova 1^ macrofase Palermo - Catania: Lotto 6 Catenanuova-Bicocca,09,Direttrici di interesse nazionale,,b,Interventi in esecuzione,,J11H03000180001,,no,RE,parzialmente finanziato,agg2025,60,8513.99,7742.04,771.95,1036.41
0275B,Nuovo collegamento Palermo-Catania 2^ macrofase 2^ macrofase Palermo - Catania: Tratti di raddoppio e varianti alla PROG PROG linea storica tratta Lercara Diramazione- Nuova Enna,09,Direttrici di interesse nazionale,,d,Interventi in progettazione,,J11H03000180001,,no,,non finanziato,agg2025,77,566.87,0.0,566.87,0.0
0276A,Completamento raddoppio asse ferroviario Pontremolese - 1^ fase Raddoppio Parma-Vicofertile ITER,09,Direttrici di interesse nazionale,,c,Interventi prioritari,,J81H02000000001,,no,RE,parzialmente finanziato,agg2025,70,508.0,359.91,148.09,9.19
0276B,Completamento raddoppio asse ferroviario Pontremolese - 2^ fase Raddoppio Vicofertile-Fornovo(Osteriazza) e Berceto-Chiesaccia PROG PROG,09,Direttrici di interesse nazionale,,d,Interventi in progettazione,,J81H02000000001,,no,,parzialmente finanziato,agg2025,77,5312.0,31.0,5281.0,11.46
0277,Potenziamento Seregno-Bergamo Potenziamento Seregno-Bergamo (gronda est di Milano) PROG PROG,09,Direttrici di interesse nazionale,,d,Interventi in progettazione,,J31H03000210008,,no,,parzialmente finanziato,agg2025,78,1000.0,82.63,917.37,13.15
0279A,Itinerario Napoli-Bari: Raddoppio e velocizzazione tratta Cancello-Frasso Telesino Nuovo collegamento Cancello-Frasso Telesino e progettazione preliminare intero itinerario,09,Direttrici di interesse nazionale,,b,Interventi in esecuzione,,J41H01000080008,,no,RE,integralmente finanziato,agg2025,61,767.21,767.21,0.0,669.98
0279B,Itinerario Napoli-Bari: Raddoppio e velocizzazione tratta Frasso Telesino-Vitulano (Benevento) Raddoppio Frasso Telesino-Telese Raddoppio Telese-S.Lorenzo Maggiore-Vitulano,09,Direttrici di interesse nazionale,,b,Interventi in esecuzione,,J41H01000080008,,no,RE,integralmente finanziato,agg2025,61,1178.09,1178.09,0.0,697.15
0281,Itinerario Napoli-Bari: raddoppio tratta Apice-Orsara,09,Direttrici di interesse nazionale,Direttrice Napoli-Bari,,,,J77I04000000009,,no,,non determinato,agg2025,82,,,,
0282,Alta Velocità Salerno-Reggio Calabria: Variante Ogliastro-Sapri,09,Direttrici di interesse nazionale,,c,Interventi prioritari,,J61H03000190001,,no,,per memoria,agg2021,54,0.0,0.0,0.0,
0284,Itinerario Napoli-Bari: Interventi su linea Cancello-Napoli per integrazione con linea AV/AC Variante Napoli-Cancello,09,Direttrici di interesse nazionale,,b,Interventi in esecuzione,,J61H94000000011,,no,RE,integralmente finanziato,agg2025,61,1044.36,1044.36,0.0,834.49
0286A,Quadruplicamento Tortona-Voghera opere prioritarie PRG e ACC Tortona,09,Direttrici di interesse nazionale,,b,Interventi in esecuzione,,J64G18000130009|J71H92000020011,,no,RE,integralmente finanziato,agg2025,61,103.74,103.74,0.0,12.86
0286B,Quadruplicamento Tortona-Voghera Quadruplicamento Tortona-Voghera PROG ITER,09,Direttrici di interesse nazionale,,c,Interventi prioritari,,J71H92000020011,,no,,parzialmente finanziato,agg2025,70,900.0,21.36,878.64,11.83
0289,Completamento raddoppio Genova-Ventimiglia: tratta Andora-Finale Ligure Raddoppio Andora-Finale Ligure PROG ITER,09,Direttrici di interesse nazionale,,d,Interventi in progettazione,,J71J04000000008,,no,,parzialmente finanziato,agg2025,78,2576.0,51.0,2525.0,44.03
0290,Nuova linea Passo Corese-Rieti Nuova linea Passo Corese-Rieti PROG PROG,05,Valorizzazione reti regionali,,d,Interventi in progettazione,,J31H96000000031,,no,,parzialmente finanziato,agg2025,74,3124.82,44.39,3080.44,12.92
0291,"Nuova linea AV/AC Venezia-Trieste: tratta Venezia - Ronchi dei Legionari • NCP 1: ""Intervento sospeso""",,,,e,Interventi in programma,,J21H04000220001,,no,PRV|PP,parzialmente finanziato,cdp2017,103,5701.3,18.28,5683.02,
0292A,Accesso al Brennero lotto 1 - Fortezza-Ponte Gardena Quadruplicamento Fortezza - Ponte Gardena,09,Direttrici di interesse nazionale,,b,Interventi in esecuzione,,J94F04000020001,,no,RE,integralmente finanziato,agg2025,61,1522.62,1522.62,0.0,175.5
0292B,Accesso al Brennero lotto 4 - Ingresso nel nodo di Verona Ingresso a Verona,09,Direttrici di interesse nazionale,,d,Interventi in progettazione,,J94F04000020001,,no,FAP,parzialmente finanziato,agg2025,78,1235.03,149.4,1085.63,4.96
0292C,Accesso al Brennero lotto 2- Circonvallazione di Bolzano Circonvallazione di Bolzano PROG PROG,09,Direttrici di interesse nazionale,,d,Interventi in progettazione,,J94F04000020001,,no,,parzialmente finanziato,agg2025,78,1570.0,18.8,1551.2,4.45
0294,Potenziamento linea Gallarate-Rho Quadruplicamento Rho-Parabiago e raccordo a Y per Malpensa Quadruplicamento Rho-Parabiago e raccordo a Y per Malpensa (opere di completamento) Triplicamento Parabiago-Gallarate PROG ITER,09,Direttrici di interesse nazionale,,c,Interventi prioritari,,J31J05000010001,,no,RE,parzialmente finanziato,agg2025,70,1023.67,632.18,391.5,60.02
0295,Potenziamento collegamenti ferroviari da nord con aeroporto Malpensa,08,"Aeroporti, accessibilità su ferro",,e,Interventi in programma,,J31J05000020001,,no,,per memoria,cdp2022,78,0.0,0.0,0.0,
0296,Raddoppio Orte-Falconara: tratta Foligno-Fabriano Raddoppio Foligno-Fabriano,09,Direttrici di interesse nazionale,,d,Interventi in progettazione,,J31J05000030001,,no,FAP,non finanziato,agg2025,78,1918.5,0.0,1918.5,0.0
0297A,Nodo di Falconara 1^ fase Variante Falconara e bretella di collegamento tra la linea Orte- Falconara direzione nord e la variante di Falconara verso nord,09,Direttrici di interesse nazionale,,b,Interventi in esecuzione,,J31J05000030011,,no,RE,integralmente finanziato,agg2025,61,174.82,174.82,0.0,57.16
0297B,Nodo di Falconara completamento Nuova stazione Osimo ITER,09,Direttrici di interesse nazionale,,c,Interventi prioritari,,J31J05000030011,,no,RE,parzialmente finanziato,agg2025,71,123.29,7.6,115.69,0.94
0298,Nuovo collegamento PM228 - Castelplanio con by-pass di Albacina PM228-Castelplanio Lotto 1: nuovo collegamento PM228 - nuovo ITER Bivio Nord Albacina PM228-Castelplanio Lotto 2: Raddoppio Bivio Nord Albacina - Serra San Quirico PM228-Castelplanio Lotto 3: Raddoppio Serra San Quirico - PROG ITER Castelplanio,09,Direttrici di interesse nazionale,,c,Interventi prioritari,,J21J05000000001,,no,FAP|RE,parzialmente finanziato,agg2025,71,1680.25,663.4,1016.85,58.46
0307A,Roma-Pescara - ulteriore fasi Raddoppio Interporto d'Abruzzo-Chieti-Pescara PROG ITER,09,Direttrici di interesse nazionale,,d,Interventi in progettazione,,J31H96000000021,,no,,parzialmente finanziato,agg2025,78,1183.47,33.7,1149.77,28.9
0307B,Roma-Pescara,09,Direttrici di interesse nazionale,,d,Interventi in progettazione,,J31H96000000021,,no,,per memoria,agg2021,61,0.0,0.0,0.0,
0308,Velocizzazione Battipaglia-Potenza,09,Direttrici di interesse nazionale,,c,Interventi prioritari,,J91H92000000011,,no,,per memoria,agg2021,54,0.0,0.0,0.0,
0309,Velocizzazione Potenza - Metaponto,09,Direttrici di interesse nazionale,,c,Interventi prioritari,,J84F05000040001,,no,,per memoria,agg2021,54,0.0,0.0,0.0,
0310,Potenziamento Taranto-Metaponto,09,Direttrici di interesse nazionale,,e,Interventi in programma,,J64F05000030001,,no,,per memoria,agg2021,64,0.0,0.0,0.0,
0311A,"Potenziamento Metaponto-Sibari-Bivio S.Antonello opere prioritarie Metaponto-Sibari-Paola: potenziamento linea di contatto, adeguamento a modulo 750 m e semplificazione impianti, rettifiche di tracciato località Cassano, Tarsia e Torano e variante di Acri",09,Direttrici di interesse nazionale,,b,Interventi in esecuzione,,J84F05000030001,,no,RE|ES,integralmente finanziato,agg2025,61,161.89,161.89,0.0,156.41
0311B,Potenziamento Metaponto-Sibari-Bivio S.Antonello Variante Montegiordano-Amendolara Rettifiche curve ed adeguamento linea Metaponto-Sibari-Paola,09,Direttrici di interesse nazionale,,d,Interventi in progettazione,,J84F05000030001,,no,FAP,non finanziato,agg2025,78,256.34,0.0,256.34,0.0
0312,Ammodernamento Venafro - Termoli,05,Valorizzazione reti regionali,,e,Interventi in programma,,J34F05000010001,,no,,per memoria,agg2021,62,0.0,0.0,0.0,
0313A,Velocizzazione S. Gavino-Sassari-Olbia fasi prioritarie Variante Bauladu,09,Direttrici di interesse nazionale,,b,Interventi in esecuzione,,J24F05000010001,,no,RE,parzialmente finanziato,agg2025,62,152.7,140.2,12.5,9.13
0313B,"Velocizzazione S. Gavino-Sassari-Olbia completamento Varianti Bonorva-Torralba, Macomer I, Macomer II e Campomela- PROG PROG Sassari",09,Direttrici di interesse nazionale,,d,Interventi in progettazione,,J24F05000010001,,no,,parzialmente finanziato,agg2025,78,666.8,3.2,663.6,1.8
0314,Velocizzazione Palermo-Trapani via Milo e via Castelvetrano,05,Valorizzazione reti regionali,,e,Interventi in programma,,J14F05000030001,,no,,per memoria,cdp2022,78,0.0,0.0,0.0,
0315,Velocizzazione Siracusa-Ragusa-Gela Velocizzazione Siracusa-Ragusa-Gela PROG PROG,05,Valorizzazione reti regionali,,d,Interventi in progettazione,,J14F05000040001,,no,,parzialmente finanziato,agg2025,74,200.0,0.32,199.68,0.31
0325,Linea AV/AC Milano-Verona: tratta Treviglio-Brescia,09,Direttrici di interesse nazionale,Direttrice Trasversale,,,,J41C07000000001,,no,,non determinato,agg2025,82,,,,
0331,Raddoppio linea Roma-Viterbo: tratta Cesano-Bracciano Raddoppio Cesano-Vigna di Valle PROG ITER Raddoppio Vigna di Valle-Bracciano PROG ITER,06,Città metropolitane,,d,Interventi in progettazione,,J21C08000000009,,no,,parzialmente finanziato,agg2025,75,713.12,18.5,694.62,6.23
0332A,Nodo di Bari: Bari Sud Variante Bari C.le-Bari Torre a Mare,06,Città metropolitane,,b,Interventi in esecuzione,,J11C09000000009,INV,no,RE,integralmente finanziato,cdp2022,55,431.3,431.3,0.0,110.19
0332B,Nodo di Bari: Bari Nord Variante tratta Bari S.Spirito - Palese,06,Città metropolitane,,b,Interventi in esecuzione,,J11C09000000009,PF,no,RE|PFTE,integralmente finanziato,cdp2022,55,628.0,628.0,0.0,0.0
0333,Interventi linea Chivasso-Aosta,05,Valorizzazione reti regionali,,d,Interventi in progettazione,,J31C09000010001,,no,,per memoria,cdp2022,75,0.0,0.0,0.0,
0334,"Potenziamento Foligno-Perugia-Terontola 1° stralcio Consolidamento sede tratta Foligno-Assisi, velocizzazione tratta Perugia Ponte San Giovanni - Foligno e nuova fermata Perugia aeroporto",05,Valorizzazione reti regionali,,c,Interventi prioritari,,J47I09000040009,,no,RE,parzialmente finanziato,agg2025,65,135.95,53.13,82.82,12.95
0335,Quadruplicamento Pavia-Milano Rogoredo Quadruplicamento Rogoredo-Pieve Emanuele Quadruplicamento Pieve Emanuele-Pavia PROG PROG,09,Direttrici di interesse nazionale,,c,Interventi prioritari,,J47I09000030009,,no,RE,parzialmente finanziato,agg2025,71,987.46,349.06,638.4,40.86
0336,Raddoppio Palermo-Messina tratta Fiumetorto- Castelbuono Raddoppio Fiumetorto-Ogliastrillo Raddoppio Ogliastrillo-Castelbuono,06,Città metropolitane,,b,Interventi in esecuzione,,J57I09000060007,,no,RE|ES,integralmente finanziato,agg2025,54,1017.57,1017.57,0.0,682.86
0337,Accesso al Brennero lotto 3 - Circonvallazione di,09,Direttrici di interesse nazionale,,c,Interventi prioritari,,J41C09000000005,,no,,parzialmente finanziato,agg2021,55,1555.0,936.9,618.1,5.32
0337A,Accesso al Brennero lotto 3a - Circonvallazione di Trento Circonvallazione di Trento (lotto 3a) e progettazione preliminare lotti 3a e 3b,09,Direttrici di interesse nazionale,,b,Interventi in esecuzione,,J41C09000000005,,no,RE,parzialmente finanziato,agg2025,62,1433.39,1387.95,45.44,120.13
0337B,Accesso al Brennero lotto 3b - Circonvallazione di Rovereto Circonvallazione di Rovereto,09,Direttrici di interesse nazionale,,d,Interventi in progettazione,,J41C09000000005,,no,FAP,non finanziato,agg2025,79,2438.13,0.0,2438.13,0.0
0339,"Nodo di Livorno: potenziamento dei collegamenti ferroviari tra porto di Livorno, rete ferroviaria e interporto di Guasticce",07,"Porti e interporti, ultimo miglio",,b,Interventi in esecuzione,,J41C10000030001,,no,,per memoria,cdp2022,57,0.0,0.0,0.0,
0343,Tratta AV/AC Terzo valico dei Giovi,,,Direttrice Liguria - Alpi,,,,F81H92000000008,,no,,non determinato,cdp2017,108,,,,
0359,Raddoppio Campoleone-Aprilia Raddoppio Campoleone-Aprilia,06,Città metropolitane,,b,Interventi in esecuzione,,J77I12000010008,,no,RE,integralmente finanziato,agg2025,55,98.29,98.29,0.0,11.89
0361,Linea AV/AC Milano - Verona: tratta Brescia - Verona,09,Direttrici di interesse nazionale,Tratta AV Treviglio-Brescia (1° e 2° lotto costruttivo) e nodo di,,,,F81H91000000008|J14H20000440001,,no,,non determinato,agg2025,82,,,,
0362A,Linea AV/AC Verona-Padova 1° lotto funzionale: Tratta Verona-bivio Vicenza,09,Direttrici di interesse nazionale,Quadruplicamento in uscita da Brescia (tratta Brescia-Brescia Est) PROG PROG,,,,J14D20000010001|J41E91000000009,,no,,non determinato,agg2025,82,,,,
0362B,Linea AV/AC Verona-Padova 2° lotto funzionale: Attraversamento di Vicenza,09,Direttrici di interesse nazionale,Nodo di Verona est ITER,,,,J41E91000000009,,no,,non determinato,agg2025,82,,,,
0365,"Potenziamento Venezia-Trieste Velocizzazione linea storica e varianti Opere civili, soppressione PL e adeguamento a modulo 750m SF° Variante Latisana SF° Variante Ronchi dei Legionari - bivio Aurisina SF°",,,,c,Interventi prioritari,,J34H16000620009,INV,no,RE(F)|PP,parzialmente finanziato,cdp2017,83,1800.0,200.0,1600.0,
0365A,"Potenziamento Venezia-Trieste lotti prioritari Potenziamento tecnologico Venezia-Trieste, rimozione limitazione massa assiale D4 e altri interventi infrastrutturali su linea storica",09,Direttrici di interesse nazionale,,b,Interventi in esecuzione,,J34H16000620009,,no,RE,parzialmente finanziato,agg2025,62,250.68,229.48,21.21,68.87
0365B,"Potenziamento Venezia-Trieste completamento Varianti Portugruaro, Latisana e Isonzo PROG ITER Variante Ronchi-Aurisina",09,Direttrici di interesse nazionale,,d,Interventi in progettazione,,J21H04000220001|J34H16000620009|J61H03000110001,,no,FAP,parzialmente finanziato,agg2025,79,1580.9,51.72,1529.18,29.0
0366,Potenziamento linea Ponte S.Pietro-Bergamo- Montello,,,,b,Interventi in esecuzione,,J34H16000620009,SF,no,RE,integralmente finanziato,cdp2017,45,70.0,70.0,0.0,
0366A,"Potenziamento linea Ponte S.Pietro-Bergamo-Montello Raddoppio Bergamo-Curno, ACC Bergamo, PRG e ACC Ponte S.Pietro Raddoppio Bergamo-Montello ITER PRG Bergamo",05,Valorizzazione reti regionali,,c,Interventi prioritari,,J14E21003970001|J64H17000140001,,no,RE|FAP,parzialmente finanziato,agg2025,65,795.91,364.96,430.95000000000005,43.71
0366B,Potenziamento linea Ponte S.Pietro-Bergamo- Montello 2^ fase,05,Valorizzazione reti regionali,,c,Interventi prioritari,,J64H17000140001,,no,,per memoria,cdp2022,68,0.0,0.0,0.0,
0417,Porto di Taranto - collegamento ferroviario del complesso del porto di Taranto con la rete nazionale Nuova stazione di Cagioni e collegamento con nuova Piastra Logistica,07,"Porti e interporti, ultimo miglio",,b,Interventi in esecuzione,,J71H02000120008,,no,RE,integralmente finanziato,agg2025,56,44.95,44.95,0.0,26.47
0810,"Velocizzazione Foligno-Perugia-Terontola PRG Perugia S. Giovanni 1^ fase, Velocizzazione Perugia Pontivegge, nuova fermata Perugia Capitini e miglioramenti infrastrutturali tratte varie",05,Valorizzazione reti regionali,,b,Interventi in esecuzione,,J11H99000000001,,no,RE|ES,integralmente finanziato,agg2025,50,35.99,35.99,0.0,35.96
1161,Adeguamenti preliminari alla linea storica ed al nodo di Bologna per integrazione funzionale con AV/AC,,,,b,Interventi in esecuzione,,,,no,,per memoria,cdp2017,52,0.0,0.0,0.0,
1310,Potenziamento itinerari merci Tarvisio/Villa Opicina,,,,b,Interventi in esecuzione,,,,no,,per memoria,cdp2017,62,0.0,0.0,0.0,
1346,Potenziamento linea Pistoia-Lucca Raddoppio Pistoia-Montecatini Upgrading Montecatini-Pescia Raddoppio Pescia-Lucca PROG ITER,05,Valorizzazione reti regionali,,c,Interventi prioritari,,J91H03000190001,,no,RE|ES,parzialmente finanziato,agg2025,65,752.1,364.12,387.99,306.97
1357,Potenziamento Fossano-Cuneo Interventi nella stazione di Centallo e progettazione raddoppio Fossano-Cuneo,05,Valorizzazione reti regionali,,b,Interventi in esecuzione,,J11H03000100001,,no,RE,parzialmente finanziato,agg2025,50,23.38,21.49,1.89,6.16
1417,Potenziamento linee Castelli Romani Potenziamento stazione di Marino e Frascati; potenziamento infrastrutturale e tecnologico della linea Ciampino-Frascati e nuova stazione di Villa Senni,06,Città metropolitane,,b,Interventi in esecuzione,,J91H92000040111,,no,RE,parzialmente finanziato,agg2025,55,30.6,26.6,4.0,12.44
1427,Efficientamento linea Codogno-Cremona-Mantova e raddoppio tratta Cremona-Cava Tigozzi,,,,b,Interventi in esecuzione,,,,no,,per memoria,cdp2017,46,0.0,0.0,0.0,
1438,Nodo ferrostradale Casalecchio di Reno: interramento linea Porrettana (stralcio ferroviario) Nodo Casalecchio di Reno: interramento linea Porrettana (stralcio PROG PROG ferroviario),06,Città metropolitane,,d,Interventi in progettazione,,J81J05000010008,,no,,parzialmente finanziato,agg2025,75,140.38,4.21,136.16,3.21
1483,Nodo di interscambio di Pigneto Fermata Pigneto su linea FL1/FL3 e copertura parziale vallo Fermata Pigneto su linea FL4/6 e sistemazioni viarie PROG PROG Completamento copertura vallo ferroviario Pigneto PROG PROG,06,Città metropolitane,,c,Interventi prioritari,,J37I06000070001,,no,RE,parzialmente finanziato,agg2025,68,230.36,195.28,35.08,33.25
1524,"Interventi di ammodernamento e velocizzazione della tratta ferroviaria Oristano-Sassari-Olbia Soppressione passaggi a livello a nord di Oristano, istituzione Rango C linee Cagliari-Sassari/Olbia e rettifiche di tracciato tra Bauladu e Abbasanta",09,Direttrici di interesse nazionale,,b,Interventi in esecuzione,,J47I06000140001,,no,RE,integralmente finanziato,agg2025,62,19.63,19.63,0.0,19.02
1596,Velocizzazione impianti ferroviari rete sarda Velocizzazione impianti ferroviari rete sarda,09,Direttrici di interesse nazionale,,b,Interventi in esecuzione,,J47I09000020002,INV,no,RE|ES,integralmente finanziato,cdp2022,67,19.2,19.2,0.0,18.84
1604A,Upgrading infrastrutturale e tecnologico linea linea Trieste- Divaca Upgrade linea storica bivio Aurisina-Confine di Stato (fase 0 Nuova linea Trieste-Divaca) - comprende anche progettazione preliminare nuova linea,09,Direttrici di interesse nazionale,,b,Interventi in esecuzione,,J71C10000030007,,no,RE,integralmente finanziato,agg2025,62,70.95,70.95,0.0,16.29
1604B,"Nuova linea Trieste-Divaca Nuova linea • NCP 1: ""Intervento sospeso""",,,,e,Interventi in programma,,J71C10000030007,,no,PRV|PP,parzialmente finanziato,cdp2017,103,1040.0,5.11,1034.89,
1659,Potenziamento collegamento Lamezia Terme - Catanzaro Lido - Dorsale jonica,09,Direttrici di interesse nazionale,,b,Interventi in esecuzione,,J37I12000110001,,no,,per memoria,agg2021,47,0.0,0.0,0.0,
1669,Asse Salerno-Reggio Calabria: stazione di Reggio Calabria - abbassamento piano binari ed intubamento tratto urbano,06,Città metropolitane,,e,Interventi in programma,,J47I12000100001,,no,,per memoria,agg2021,63,0.0,0.0,0.0,
1670,Upgrading infrastrutturale e tecnologico rete sarda 1^ fase SCMT e istituzione rango P tratte a nord di Oristano e linee Decimomannu-Iglesias/Villamassargia; Opere connesse all'arretramento della stazione di Olbia,09,Direttrici di interesse nazionale,,b,Interventi in esecuzione,,J79B12000030001,,no,RE|ES,integralmente finanziato,agg2025,62,32.97,32.97,0.0,31.86
1674,"Linea ferroviaria Potenza - Foggia - ammodernamento Ammodernamento Potenza-Foggia Fase 1: adeguamento a standard RFI e razionalizzazione impianti Ammodernamento Potenza-Foggia Fase 2B: velocizzazione PROG PROG Variante di Melfi PROG PROG Ammodernamento Potenza-Foggia Fase 2A: elettrificazione, soppressione PL e consolidamento sede",05,Valorizzazione reti regionali,,c,Interventi prioritari,,J19B12000040001,,si,RE|ES,parzialmente finanziato,agg2025,65,874.57,365.0,509.57,119.65
1888,Metropolitana Leggera Matrice-Bojano Metropolitana Leggera Matrice-Bojano,05,Valorizzazione reti regionali,,b,Interventi in esecuzione,,J14H15000600002,INV,no,RE,integralmente finanziato,cdp2022,50,23.15,23.15,0.0,21.71
1912,Nuova fermata di Ronchi Aeroporto,08,"Aeroporti, accessibilità su ferro",,b,Interventi in esecuzione,,J81E16000690003,,no,,per memoria,cdp2022,58,0.0,0.0,0.0,
1940,"Nodo di Udine Revisione fascio Sacca e ACC Udine Centrale su piano ferro attuale Nuovo PM Cargnacco, PRG di Udine Centrale, PRG Udine C.le, ITER PRG/ACC Udine Bivi (ex Udine Parco), raddoppio della linea di cintura tra PM VAT, bretella tra linea Gorizia e linea per Cervignano",09,Direttrici di interesse nazionale,,c,Interventi prioritari,,J54H17000130009,,no,RE,parzialmente finanziato,agg2025,71,340.48,180.13,160.35,23.55
A004,Galleria di base del Brennero - quota Italia,09,Direttrici di interesse nazionale,Direttrice Brennero-Verona-Bologna,,,,I41J05000020005,,no,,non determinato,agg2025,82,,,,
A1001,Manutenzione straordinaria (residuo ciclo 2007- 2011),,,,a,Programmi pluriennali di interventi,,,,no,,per memoria,cdp2017,32,0.0,0.0,0.0,
A1003,Ammodernamento infrastrutturale,,,,a,Programmi pluriennali di interventi,,,,no,,per memoria,cdp2017,37,0.0,0.0,0.0,
A1004A,Sicurezza in galleria,01,Sicurezza e resilienza al climate change,,a,Programmi pluriennali di interventi,,,,no,,parzialmente finanziato,agg2025,44,5945.28,360.23,5585.06,177.39
A1004B,Risanamento acustico,01,Sicurezza e resilienza al climate change,,a,Programmi pluriennali di interventi,,,,no,,parzialmente finanziato,agg2025,44,10604.67,936.48,9668.19,358.73
A1004C,Miglioramento accessibilità ed adeguamento ad obblighi di legge terminali viaggiatori,01,Sicurezza e resilienza al climate change,,a,Programmi pluriennali di interventi,,,,no,,per memoria,cdp2022,39,0.0,0.0,0.0,
A1004D,Smaltimento materiali inquinanti e altri obblighi di legge (annualità fino al 2021),01,Sicurezza e resilienza al climate change,,a,Programmi pluriennali di interventi,,,,no,,integralmente finanziato,agg2025,44,32.4,32.39,0.0,28.36
A1004E,Sicurezza armamento (annualità fino al 2021),01,Sicurezza e resilienza al climate change,,a,Programmi pluriennali di interventi,,,,si,,integralmente finanziato,agg2025,44,914.72,914.72,0.0,880.61
A1004F,"Rilievi, progettazioni e interventi di adeguamento a STI Opere d'arte",01,Sicurezza e resilienza al climate change,,a,Programmi pluriennali di interventi,,,,no,,parzialmente finanziato,agg2025,44,1395.27,163.35,1231.9099999999999,67.09
A1006,Soppressione passaggi a livello,01,Sicurezza e resilienza al climate change,,a,Programmi pluriennali di interventi,,,,si,,parzialmente finanziato,agg2025,44,7927.79,2698.98,5228.81,1970.09
A1007,Piano riqualificazione grandi e medie stazioni,06,Città metropolitane,,a,Programmi pluriennali di interventi,,J31H02000100001|J31H03000460001,,no,,per memoria,agg2021,27,0.0,0.0,0.0,
A1008,Velocizzazione attraversamento dinamico Stretto di Messina,09,Direttrici di interesse nazionale,,a,Programmi pluriennali di interventi,,,,si,,parzialmente finanziato,agg2025,49,312.31,165.8,146.51,60.14
A1011,Interventi sulla rete ferroviaria in Abruzzo,01,Sicurezza e resilienza al climate change,,a,Programmi pluriennali di interventi,,,,no,,per memoria,agg2021,23,0.0,0.0,0.0,
A1013A,Idrogeologia,01,Sicurezza e resilienza al climate change,,a,Programmi pluriennali di interventi,,,,no,,parzialmente finanziato,agg2025,44,2194.5,1235.79,958.71,560.94
A1013B,Sismica,01,Sicurezza e resilienza al climate change,,a,Programmi pluriennali di interventi,,,,no,,parzialmente finanziato,agg2025,44,1033.06,311.17,721.9000000000001,167.05
A1014,Piano conservazione opere d'arte (annualità fino al 2021),01,Sicurezza e resilienza al climate change,,a,Programmi pluriennali di interventi,,,,no,,integralmente finanziato,agg2025,44,264.57,264.57,0.0,218.01
A1015,Cyber Security e Cyber security e Protezione Infrastruttura Ferroviaria Nazionale (IFN),02,Sviluppo tecnologico,,a,Programmi pluriennali di interventi,,,,no,,parzialmente finanziato,agg2025,45,1088.6,131.0,957.6,13.51
A1017,Monitoraggio Infrastruttura,01,Sicurezza e resilienza al climate change,,a,Programmi pluriennali di interventi,,,,si,,parzialmente finanziato,agg2025,44,300.0,40.74,259.26,0.0
A2001A,Potenziamento tecnologico direttrici e nodi,,,,a,Programmi pluriennali di interventi,,,,no,,per memoria,cdp2017,35,0.0,0.0,0.0,
A2001B,Tecnologie per la circolazione,02,Sviluppo tecnologico,,a,Programmi pluriennali di interventi,,,,si,,parzialmente finanziato,agg2025,45,9055.39,3689.28,5366.110000000001,1713.98
A2004A,Interventi tecnologici per il miglioramento della sicurezza della circolazione,02,Sviluppo tecnologico,,a,Programmi pluriennali di interventi,,,,no,,parzialmente finanziato,agg2025,45,2386.63,1296.42,1090.21,1073.79
A2004B,Sistemi di Rilevamento Termico Boccole e Controllo Squilibrio Carichi Verticali,02,Sviluppo tecnologico,,a,Programmi pluriennali di interventi,,,,no,,parzialmente finanziato,agg2025,45,787.28,525.78,261.5,389.25
A2004C,Sistemi per la protezione dei passaggi a livello,02,Sviluppo tecnologico,,a,Programmi pluriennali di interventi,,,,no,,parzialmente finanziato,agg2025,45,2264.32,633.99,1630.3300000000002,286.09
A2004D,Sistemi per la diagnostica dell'infrastruttura,02,Sviluppo tecnologico,,a,Programmi pluriennali di interventi,,,,no,,parzialmente finanziato,agg2025,45,363.72,198.52,165.2,64.29
A2004E,Dismissione contesti di esercizio obsoleti,02,Sviluppo tecnologico,,a,Programmi pluriennali di interventi,,,,no,,integralmente finanziato,agg2025,45,170.0,170.0,0.0,133.31
A2004F,Mitigazione effetti venti trasversali,01,Sicurezza e resilienza al climate change,,a,Programmi pluriennali di interventi,,,,no,,parzialmente finanziato,agg2025,44,62.27,52.27,10.0,12.09
A2004G,Interventi infrastrutturali e tecnologici per la sicurezza,02,Sviluppo tecnologico,,a,Programmi pluriennali di interventi,,,,no,,parzialmente finanziato,agg2025,45,162.3,62.64,99.66,26.55
A2005,Telecomunicazioni e GSM-R,02,Sviluppo tecnologico,,a,Programmi pluriennali di interventi,,,,no,,parzialmente finanziato,agg2025,45,2055.43,307.51,1747.92,86.37
A2008,Sviluppo tecnologie innovative,02,Sviluppo tecnologico,,a,Programmi pluriennali di interventi,,,,no,,parzialmente finanziato,agg2025,45,589.41,260.41,329.0,147.51
A2009,Security,02,Sviluppo tecnologico,,a,Programmi pluriennali di interventi,,,,no,,parzialmente finanziato,agg2025,45,821.52,455.43,366.08,370.1
A2010,Sistemi Informativi,02,Sviluppo tecnologico,,a,Programmi pluriennali di interventi,,,,no,,parzialmente finanziato,agg2025,45,1052.22,443.03,609.1800000000001,252.14
A2011,Programma nazionale ERTMS,02,Sviluppo tecnologico,,a,Programmi pluriennali di interventi,,,,si,,parzialmente finanziato,agg2025,46,12686.63,3869.24,8817.39,1212.2
A5000,Rete AV/AC Torino-Milano-Napoli: interventi in ultimazione,,,,b,Interventi in esecuzione,,,,no,,per memoria,cdp2017,73,0.0,0.0,0.0,
A5000_1,Nodo AV di Firenze Nodo AV di Firenze,06,Città metropolitane,,b,Interventi in esecuzione,,J91C04000000008,,no,RE,integralmente finanziato,agg2025,55,2735.02,2735.02,0.0,1237.29
A5000_2,Upgrade tecnologico linea DD Firenze-Roma 1^ fase,09,Direttrici di interesse nazionale,,b,Interventi in esecuzione,,J44H14000090005,,no,,per memoria,cdp2022,61,0.0,0.0,0.0,
A5000_3,Nodo AV di Napoli,06,Città metropolitane,,b,Interventi in esecuzione,,J21C91000000008|J27I11000790001,,no,,per memoria,cdp2022,54,0.0,0.0,0.0,
A5000_4,"Adeguamenti tecnologici, opere di completamento e contingencies rete AV Torino-Milano-Napoli",09,Direttrici di interesse nazionale,,b,Interventi in esecuzione,,J12F17000050001|J16J16001210001|J34H15001050001|J34H17000140001|J67I11000040001|J94J18000000001,,no,,per memoria,cdp2022,62,0.0,0.0,0.0,
A5000_5,Nodo AV di Bologna,,,,b,Interventi in esecuzione,,J51C91000000008,INV,no,,integralmente finanziato,cdp2017,73,2018.55,2018.55,0.0,
I003,x Penetrazione urbana nella città di Manfredonia,,,,b,Interventi in esecuzione,,,SF,no,RE,integralmente finanziato,cdp2017,48,50.0,50.0,0.0,
I008,Porto di Trieste Potenziamento stazione Trieste Campo Marzio Potenziamento impianti a servizio del porto di Trieste,07,"Porti e interporti, ultimo miglio",,c,Interventi prioritari,,J74C19000030001|J74H16000230001,,no,RE,parzialmente finanziato,agg2025,69,173.21,126.21,47.0,43.03
I010,Centro intermodale del Tevere,07,"Porti e interporti, ultimo miglio",,e,Interventi in programma,,,,no,,per memoria,agg2021,63,0.0,0.0,0.0,
I024,Raddoppio Fossano-Cuneo Raddoppio tratta Fossano - Madonna dell'Olmo PD° PD°,05,Valorizzazione reti regionali,,d,Interventi in progettazione,,,PF,no,,non finanziato,cdp2022,75,76.53,0.0,76.53,0.0
I034,Gronda merci sud di Milano,09,Direttrici di interesse nazionale,,e,Interventi in programma,,,,no,,per memoria,agg2021,64,0.0,0.0,0.0,
I045,Quadruplicamento Genova Brignole - Pieve Ligure,06,Città metropolitane,,e,Interventi in programma,,,,no,,per memoria,agg2021,63,0.0,0.0,0.0,
I048,Porto di Genova Potenziamento scalo Campasso,,,,b,Interventi in esecuzione,,J34H16000060001,INV,no,RE|PD,integralmente finanziato,cdp2017,57,25.8,25.8,0.0,
I049,Raddoppio Palermo-Messina: tratta Castelbuono- Patti,05,Valorizzazione reti regionali,,e,Interventi in programma,,,,no,,per memoria,agg2021,62,0.0,0.0,0.0,
I064,Potenziamento collegamenti ferroviari da sud con aeroporto Malpensa,08,"Aeroporti, accessibilità su ferro",,d,Interventi in progettazione,,,,no,,per memoria,cdp2022,76,0.0,0.0,0.0,
I071,Adeguamento del tracciato e velocizzazione dell'asse ferroviario Bologna-Lecce Upgrading infrastrutturale e tecnologico Bologna-Lecce - fasi Potenziamento tecnologico tratte Bologna-Rimini-Ancona - fasi,09,Direttrici di interesse nazionale,,b,Interventi in esecuzione,,J64H14000450001|J64H16000000001|J84H14001290001|J84H14001300001|J84H14001310001|J84H16000030001,INV,no,RE|ES,integralmente finanziato,cdp2022,62,350.65,350.65,0.0,312.28
I085,Accesso al Brennero lotti di completamento (fasi) Accesso al Brennero: lotti di completamento (fasi),09,Direttrici di interesse nazionale,,d,Interventi in progettazione,,,,no,FAP,non finanziato,agg2025,79,2500.0,0.0,2500.0,0.0
I086,Raddoppio Aprilia-Nettuno,06,Città metropolitane,,d,Interventi in progettazione,,,,no,,per memoria,agg2024,62,0.0,0.0,0.0,
I095,Raddoppio Cremona-Olmeneta Raddoppio Cremona-Olmeneta,05,Valorizzazione reti regionali,,d,Interventi in progettazione,,,PF,no,PFTE|FAP,parzialmente finanziato,cdp2022,75,50.0,1.0,49.0,0.0
I106,Raddoppio Paola - Cosenza tratta bivio S.Antonello - bivio S.Lucido (nuova galleria Santomarco),09,Direttrici di interesse nazionale,,c,Interventi prioritari,,,,no,,per memoria,agg2021,54,0.0,0.0,0.0,
I107A,AV-AC Salerno - Reggio Calabria AV Salerno-Reggio Calabria: Lotto 1a Battipaglia - Romagnano e progettazione di fattibilità tecnico-economica intero itinerario AV Salerno-Reggio Calabria: Lotti 1b+1c Romagnano - Praia ITER AV Salerno-Reggio Calabria: Raddoppio Galleria Santomarco AV Salerno-Reggio Calabria: Lotto 2 Praia-Paola,09,Direttrici di interesse nazionale,,c,Interventi prioritari,,J71J20000110008,,no,RE|AN|FAP,parzialmente finanziato,agg2025,71,17486.68,12116.57,5370.12,296.43
I107B,"AV-AC Salerno - Reggio Calabria completamento AV Salerno-Reggio Calabria: Lotti di completamento (Collegamento linea a monte del Vesuvio - Battipaglia e tratte Paola - Lamezia, Lamezia - Gioia Tauro, Gioia Tauro - Villa S.Giovanni / Reggio Calabria) e progettazioni pregresse",09,Direttrici di interesse nazionale,,d,Interventi in progettazione,,J61H02000100008|J61H03000190001,,no,FAP,parzialmente finanziato,agg2025,79,12865.0,11.74,12853.26,11.74
I131,Ripristino linea dei bivi di Venezia Mestre Ripristino linea dei bivi di Venezia Mestre PROG PROG,09,Direttrici di interesse nazionale,,d,Interventi in progettazione,,J14H16000530009,,no,,parzialmente finanziato,agg2025,79,180.0,1.43,178.57,1.43
I133,Raddoppio Udine-Palmanova-Cervignano (Strassoldo),09,Direttrici di interesse nazionale,,d,Interventi in progettazione,,,,no,,per memoria,agg2024,65,0.0,0.0,0.0,
I135,Linea AV/AC Verona-Padova 3° lotto funzionale: Tratta Vicenza-Padova,09,Direttrici di interesse nazionale,Attraversamento di Vicenza (1° e 2° lotto costruttivo),,,,J11J20000100008,,no,,non determinato,agg2025,83,,,,
I137,Collegamento ferroviario aeroporto di Bergamo Collegamento ferroviario aeroporto di Bergamo,08,"Aeroporti, accessibilità su ferro",,b,Interventi in esecuzione,,J81D19000000009,,no,RE,integralmente finanziato,agg2025,58,217.71,217.71,0.0,28.43
I138A,"Potenziamento collegamenti ferroviari con aeroporto di Fiumicino - opere prioritarie Ampliamento impianto Fiumicino Aeroporto, potenziamento PROG PROG tratta Fiumicino-Ponte Galeria e bretelle di collegamento con la linea Pisa-Roma",08,"Aeroporti, accessibilità su ferro",,d,Interventi in progettazione,,J94C19000270009,,no,,parzialmente finanziato,agg2025,76,1226.5,16.0,1210.5,3.84
I138B,Potenziamento collegamenti ferroviari con aeroporto di Fiumicino Collegamento con futuro terminal nord e passante terminal nord - terminal sud,08,"Aeroporti, accessibilità su ferro",,e,Interventi in programma,,,PF,no,FAP,non finanziato,cdp2022,78,1082.0,0.0,1082.0,0.0
I139,Collegamento ferroviario aeroporto di Catania Fontanarossa,08,"Aeroporti, accessibilità su ferro",,b,Interventi in esecuzione,,J34H17000230001,,no,,per memoria,agg2024,48,0.0,0.0,0.0,
I153,Adeguamento e velocizzazione linea ferroviaria jonica - tratta Sibari-Melito Porto Salvo,09,Direttrici di interesse nazionale,,b,Interventi in esecuzione,,,,no,,per memoria,agg2021,48,0.0,0.0,0.0,
I162,Ripristino linea Palermo-Trapani via Milo Ripristino linea Palermo-Trapani via Milo,05,Valorizzazione reti regionali,,b,Interventi in esecuzione,,J44H17000670001,,no,RE,parzialmente finanziato,agg2025,50,237.0,233.3,3.7,28.87
I170,Elettrificazione e ammodernamento linea Barletta-Canosa Elettrificazione e ammodernamento linea Barletta-Canosa,05,Valorizzazione reti regionali,,c,Interventi prioritari,,J54F18000010009,,no,RE,parzialmente finanziato,agg2025,65,368.1,35.0,333.1,5.48
I172,Variante di Riga PRG Bressanone e altre opere propedeutiche Variante di Riga e fermata di Sciaves Fermata di Varna PROG PROG,05,Valorizzazione reti regionali,,b,Interventi in esecuzione,,J34G18000150001,,no,RE,integralmente finanziato,agg2025,50,251.23,251.23,0.0,44.25
I173,"Elettrificazione, velocizzazione e ammodernamento linee Salerno - Mercato S.S. - Avellino - Benevento e tratta",05,Valorizzazione reti regionali,,b,Interventi in esecuzione,,J19G01000000001|J24J17000020001|J97B16000430001,,no,,parzialmente finanziato,agg2025,50,211.68,207.68,4.0,128.71
I174,Nuova stazione Taranto Nasisi Nuova stazione Taranto Nasisi,05,Valorizzazione reti regionali,,b,Interventi in esecuzione,,J44C20000000001,,no,RE,integralmente finanziato,agg2025,51,34.12,34.12,0.0,1.27
I175,Raddoppio PM 228-Albacina,09,Direttrici di interesse nazionale,,c,Interventi prioritari,,J44D20000060009,,no,,integralmente finanziato,agg2025,71,149.05,149.05,0.0,6.78
I177,"Completamento metropolitana di Salerno: tratta stadio Arechi-Pontecagnano Aeroporto Completamento metropolitana di Salerno: tratta stadio Arechi- Pontecagnano Aeroporto ASI Salerno - nuova stazione metropolitana - ""Zona Industriale""",05,Valorizzazione reti regionali,,b,Interventi in esecuzione,,J44G19000010001,,no,RE,integralmente finanziato,agg2025,51,314.75,314.75,0.0,24.24
I178A,Raddoppio Codogno-Cremona-Mantova 1^ fase Raddoppio Piadena-Mantova e soppressione PL critici intera linea,05,Valorizzazione reti regionali,,b,Interventi in esecuzione,,J84H17000930009,,no,RE,parzialmente finanziato,agg2025,51,965.17,885.87,79.3,107.78
I178B,Raddoppio Codogno-Cremona-Mantova 2^ fase Raddoppio Codogno-Cava Tigozzi e Cremona-Piadena PROG PROG,05,Valorizzazione reti regionali,,d,Interventi in progettazione,,J84H17000930009,,no,,non finanziato,agg2025,74,1310.92,0.0,1310.92,0.0
I179A,x Bretella di collegamento tra la linea Collesalvetti- Vada e la linea Firenze-Pisa,,,,c,Interventi prioritari,,,SF,no,,parzialmente finanziato,cdp2017,84,91.0,1.82,89.18,
I179B,x Collegamento dell’interporto di Guasticce alla linea Collesalvetti-Vada,,,,d,Interventi in progettazione,,,SF,no,,non finanziato,cdp2017,93,101.6,0.0,101.6,
I181,Quadruplicamento Tavazzano-Lodi,06,Città metropolitane,,d,Interventi in progettazione,,,,no,,per memoria,agg2024,62,0.0,0.0,0.0,
I182,Adeguamento nodo di Brescia e potenziamento collegamento Brescia-S.Zeno-Ghedi Adeguamento nodo di Brescia e potenziamento collegamento PROG PROG Brescia-S.Zeno-Ghedi,05,Valorizzazione reti regionali,,c,Interventi prioritari,,J24J23000040008,,no,,parzialmente finanziato,agg2025,66,781.53,40.0,741.53,0.76
I183,Raddoppio Maerne-Castelfranco Veneto Raddoppio Maerne-Castelfranco Veneto PROG PROG,05,Valorizzazione reti regionali,,c,Interventi prioritari,,J14J22000350001,,no,,parzialmente finanziato,agg2025,66,831.87,11.1,820.77,2.41
I184,Potenziamento Padova-Castelfranco Linea Padova-Vigodarzere: raddoppio ponte sul Brenta,05,Valorizzazione reti regionali,,b,Interventi in esecuzione,,J24D20000010001,,no,RE,integralmente finanziato,agg2025,51,48.06,48.06,0.0,1.41
I185,Quadruplicamento Firenze Rifredi-Firenze Statuto,06,Città metropolitane,,e,Interventi in programma,,,,no,,per memoria,agg2021,63,0.0,0.0,0.0,
I191,Velocizzazione Tirrenica Sud 2^ fase - variante Agropoli,09,Direttrici di interesse nazionale,,c,Interventi prioritari,,,,no,,per memoria,agg2021,54,0.0,0.0,0.0,
NA006,Fondo per incrementi di costo per adeguamenti 0 monetari e altre compensazioni finanziarie,09,Direttrici di interesse nazionale,,a,Programmi pluriennali di interventi,,,,no,,per memoria,agg2021,30,0.0,0.0,0.0,0.0
NA011,Opere in fase di ultimazione: oneri per completamento opere e chiusura lavori,,,,a,Programmi pluriennali di interventi,,,,no,,per memoria,cdp2017,44,0.0,0.0,0.0,
NA023,Interventi connessi a linea AV/AC Milano - Bologna,,,,b,Interventi in esecuzione,,,,no,,per memoria,cdp2017,63,0.0,0.0,0.0,
NA026,"Fondo Progettazioni, Collegio Consultivo Tecnico e salvaguardia interventi cofinanziati da UE e EE.LL.",09,Direttrici di interesse nazionale,,a,Programmi pluriennali di interventi,,,,si,,parzialmente finanziato,agg2025,49,3169.83,700.82,2469.01,33.83
NA036,Fondo per la salvaguardia interventi cofinanziati da UE e EE.LL.,09,Direttrici di interesse nazionale,,a,Programmi pluriennali di interventi,,,,no,,per memoria,agg2021,30,0.0,0.0,0.0,
P014,Fermata passante nodo di Milano,,,,b,Interventi in esecuzione,,,,no,,per memoria,cdp2017,51,0.0,0.0,0.0,
P053,Upgrading infrastrutturale e tecnologico nodo di Roma,06,Città metropolitane,,a,Programmi pluriennali di interventi,,,,si,,parzialmente finanziato,agg2025,48,1307.75,610.36,697.39,486.68
P054,Upgrading infrastrutturale e tecnologico nodo di Milano,06,Città metropolitane,,a,Programmi pluriennali di interventi,,,,si,,parzialmente finanziato,agg2025,48,1150.51,801.3,349.22,305.41
P055_A,Piano integrato Stazioni,03,Accessibilità stazioni,,a,Programmi pluriennali di interventi,,,,si,,parzialmente finanziato,agg2025,46,6629.05,2573.7,4055.36,1650.73
P055_B,Ulteriori interventi per lo sviluppo dei nodi,,,,a,Programmi pluriennali di interventi,,,,no,,per memoria,cdp2017,39,0.0,0.0,0.0,
P056,Adeguamento prestazionale corridoio TEN-T Reno- Alpi 1^ fase,09,Direttrici di interesse nazionale,,a,Programmi pluriennali di interventi,,,,no,,per memoria,agg2021,29,0.0,0.0,0.0,
P057A,Adeguamento prestazionale corridoio TEN-T Mediterraneo 1^ fase,09,Direttrici di interesse nazionale,,a,Programmi pluriennali di interventi,,,,no,,per memoria,agg2021,29,0.0,0.0,0.0,
P057B,Adeguamento prestazionale corridoio TEN-T Baltico-Adriatico 1^ fase,09,Direttrici di interesse nazionale,,a,Programmi pluriennali di interventi,,,,no,,per memoria,agg2021,30,0.0,0.0,0.0,
P058A,Adeguamento prestazionale corridoio TEN-T Scandinavia - Mediterraneo porti Tirreno 1^ fase,09,Direttrici di interesse nazionale,,a,Programmi pluriennali di interventi,,,,no,,per memoria,agg2021,30,0.0,0.0,0.0,
P058B,Adeguamento prestazionale corridoio TEN-T Scandinavia - Mediterraneo porti Adriatico e Mezzogiorno 1^ fase,09,Direttrici di interesse nazionale,,a,Programmi pluriennali di interventi,,,,no,,per memoria,agg2021,30,0.0,0.0,0.0,
P060,Infrastrutturazione porti e terminali,07,"Porti e interporti, ultimo miglio",,a,Programmi pluriennali di interventi,,,,si,,parzialmente finanziato,agg2025,49,1588.15,492.55,1095.6,141.04
P063,Ulteriori Interventi per lo sviluppo deI traffico merci,,,,a,Programmi pluriennali di interventi,,,,no,,per memoria,cdp2017,41,0.0,0.0,0.0,
P067,Velocizzazione linee Milano-Venezia e Venezia- Trieste,09,Direttrici di interesse nazionale,,b,Interventi in esecuzione,,J11J04000070041|J37E13000300001|J37E13000330001|J97E13000270001,,no,,per memoria,cdp2022,61,0.0,0.0,0.0,
P069,0 Ulteriori interventi diffusi per lo sviluppo del traffico passeggeri,,,,a,Programmi pluriennali di interventi,,,,no,,per memoria,cdp2017,42,0.0,0.0,0.0,
P071,Upgrading infrastrutturale e tecnologico linea Milano-Bologna,,,,a,Programmi pluriennali di interventi,,,,no,,per memoria,cdp2017,42,0.0,0.0,0.0,
P072,Upgrading e potenziamento tecnologico itinerario Napoli-Bari-Lecce/Taranto,09,Direttrici di interesse nazionale,,a,Programmi pluriennali di interventi,,J27I12000160001|J27I12000170001|J27I12000220001|J37I12000140001|J39B12000040001|J59B12000020001,INV,no,,integralmente finanziato,cdp2022,45,499.89,499.89,0.0,295.49
P073,Upgrading tecnologico e prestazionale Tirrenica sud 1^ fase,09,Direttrici di interesse nazionale,,a,Programmi pluriennali di interventi,,J94F12000000001|J94F12000010001,,no,,parzialmente finanziato,agg2025,49,80.0,44.9,35.1,32.82
P074,"Ammodernamento e velocizzazione itinerari Palermo- Catania-Messina, Messina-Palermo e Messina-Siracusa",05,Valorizzazione reti regionali,,a,Programmi pluriennali di interventi,,J17I12000380001|J27I12000190001,,no,,integralmente finanziato,agg2025,47,53.0,53.0,0.0,45.66
P075,Upgrading infrastrutturale e tecnologico nodo di Venezia,06,Città metropolitane,,a,Programmi pluriennali di interventi,,,,si,,parzialmente finanziato,agg2025,48,230.73,130.73,100.0,72.49
P076,Upgrading infrastrutturale e tecnologico nodo di Firenze,06,Città metropolitane,,a,Programmi pluriennali di interventi,,,,si,,parzialmente finanziato,agg2025,48,438.88,379.56,59.31,175.81
P078,Messa in sicurezza dell’asse ferroviario Cuneo - Ventimiglia (opere di competenza RFI),05,Valorizzazione reti regionali,,b,Interventi in esecuzione,,J94H17000200001,,no,,per memoria,cdp2022,47,0.0,0.0,0.0,
P080,Upgrading infrastrutturale e tecnologico nodo di Torino,06,Città metropolitane,,a,Programmi pluriennali di interventi,,,,si,,parzialmente finanziato,agg2025,48,252.43,162.1,90.33000000000001,84.57
P083,Upgrading infrastrutturale e tecnologico rete sarda 2^ fase Rete sarda: Potenziamento e interventi diffusi per la messa in,09,Direttrici di interesse nazionale,,b,Interventi in esecuzione,,J74H16000590001|J77B16000290001,,no,RE,integralmente finanziato,agg2025,62,110.05,110.05,0.0,89.28
P085,Upgrading rete ferroviaria Regione Calabria,,,,b,Interventi in esecuzione,,,,no,,per memoria,cdp2017,65,0.0,0.0,0.0,
P087,Ammodernamento e potenziamento rete ferroviaria Regione Abruzzo,05,Valorizzazione reti regionali,,b,Interventi in esecuzione,,J84J18000000001|J87J18000690001,,no,,integralmente finanziato,cdp2022,49,51.0,51.0,0.0,14.08
P087A,Ammodernamento e potenziamento rete ferroviaria Regione Abruzzo - Bretella Sulmona Bretella Sulmona,09,Direttrici di interesse nazionale,,b,Interventi in esecuzione,,J84J18000000001,,no,RE|ES,integralmente finanziato,agg2025,63,12.71,12.71,0.0,12.4
P087B,Ammodernamento e potenziamento rete ferroviaria Regione Abruzzo - Collegamento al porto di Vasto Collegamento al porto di Vasto PROG PROG,07,"Porti e interporti, ultimo miglio",,c,Interventi prioritari,,J81G23000080001,,no,,parzialmente finanziato,agg2025,69,246.5,25.0,221.5,1.06
P090,Upgrade tecnologico linea DD Firenze-Roma,09,Direttrici di interesse nazionale,,b,Interventi in esecuzione,,J44H17000110001,,no,,per memoria,cdp2022,61,0.0,0.0,0.0,
P094,Upgrading infrastrutturale e tecnologico linee Roma-Napoli,,,,a,Programmi pluriennali di interventi,,,SF,no,PD,per memoria,cdp2017,42,0.0,0.0,0.0,
P101,Potenziamento linea Empoli-Siena Raddoppio Empoli-Granaiolo Elettrificazione linea Empoli-Siena ITER,05,Valorizzazione reti regionali,,b,Interventi in esecuzione,,J54H17000300001,,no,RE,integralmente finanziato,agg2025,51,353.71,353.71,0.0,28.45
P106,Gronda merci di Roma - Cintura sud,09,Direttrici di interesse nazionale,,e,Interventi in programma,,J31H03000180008,,no,,per memoria,cdp2022,79,0.0,0.0,0.0,
P111,Variante di Cannitello - opere di mitigazione,09,Direttrici di interesse nazionale,,b,Interventi in esecuzione,,J94H15000790001,,no,,per memoria,agg2025,63,0.0,0.0,0.0,0.0
P112,Upgrading infrastrutturale e tecnologico nodo di Bologna,06,Città metropolitane,,a,Programmi pluriennali di interventi,,,,no,,parzialmente finanziato,agg2025,48,195.04,132.17,62.88,84.84
P120,Adeguamento prestazionale e Upgrading direttrice Genova-Ventimiglia/La Spezia,09,Direttrici di interesse nazionale,,a,Programmi pluriennali di interventi,,,,no,,per memoria,agg2021,29,0.0,0.0,0.0,
P121,Ulteriori interventi per lo sviluppo delle reti regionali,,,,a,Programmi pluriennali di interventi,,,,no,,per memoria,cdp2017,37,0.0,0.0,0.0,
P123,Elettrificazione Ivrea-Aosta e adeguamento linea Chivasso - Aosta Elettrificazione Ivrea-Aosta e Velocizzazione impianti e soppressione PL linea Chivasso-Aosta,05,Valorizzazione reti regionali,,b,Interventi in esecuzione,,J44H20001410001,,no,RE,parzialmente finanziato,agg2025,51,171.86,171.85,0.02,25.57
P124,Adeguamento e miglioramento linea ferroviaria Chivasso-Ivrea-Quincinetto,05,Valorizzazione reti regionali,,b,Interventi in esecuzione,,,,no,,per memoria,agg2021,31,0.0,0.0,0.0,
P125,Elettrificazione linee Veneto,05,Valorizzazione reti regionali,,b,Interventi in esecuzione,,J14F18000010009|J14H17000180001,,no,,integralmente finanziato,agg2025,51,200.0,200.0,0.0,176.88
P126,Velocizzazione direttrice Salerno-Taranto Velocizzazione impianti linea Battipaglia-Potenza,09,Direttrici di interesse nazionale,,b,Interventi in esecuzione,,J64H17000230001,,no,RE,integralmente finanziato,agg2025,63,128.26,128.26,0.0,55.79
P128,Elettrificazione linea Trento-Bassano 1^ fase Elettrificazione Trento-Borgo Valsugana,05,Valorizzazione reti regionali,,b,Interventi in esecuzione,,J14H20000970001,,no,RE,integralmente finanziato,agg2025,52,60.0,60.0,0.0,17.0
P129,Collegamento ferroviario aeroporto di Genova Fermate di Erzelli/Aeroporto e Cornigliano est ACC e PRG Sestri Ponente PROG PROG,08,"Aeroporti, accessibilità su ferro",,b,Interventi in esecuzione,,B31D24000040001|J44C14000020002,,no,RE,integralmente finanziato,agg2025,58,101.1,101.1,0.0,43.1
P131,Velocizzazione linea Torino-Genova Velocizzazione Torino-Genova 1^ fase (potenziamento tecnologico e rettifiche di tracciato) Velocizzazione Torino-Genova 2^ fase (varianti di tracciato),09,Direttrici di interesse nazionale,,c,Interventi prioritari,,J94H17000340009,,no,RE|FAP,parzialmente finanziato,agg2025,72,207.23,75.53,131.7,56.66
P133,Velocizzazione linea Milano-Genova Velocizzazione Milano-Genova 1^ fase - potenziamento tecnologico e 2^ fase - rettifiche di tracciato e piccole varianti,09,Direttrici di interesse nazionale,,b,Interventi in esecuzione,,J84H17000480001,,no,RE,integralmente finanziato,agg2025,63,244.41,244.41,0.0,69.53
P134,Upgrading infrastrutturale e tecnologico nodo di Napoli,06,Città metropolitane,,a,Programmi pluriennali di interventi,,,,no,,parzialmente finanziato,agg2025,48,537.84,341.35,196.48999999999998,209.45
P135,Upgrading infrastrutturale e tecnologico nodi di Palermo - Catania - Messina,06,Città metropolitane,,a,Programmi pluriennali di interventi,,,,no,,integralmente finanziato,agg2025,48,19.5,19.5,0.0,18.78
P136,Linea Bolzano-Merano: Galleria del Virgolo Modifica radice sud di Bolzano e inserimento terzo binario indipendente per linea Bolzano-Merano,05,Valorizzazione reti regionali,,b,Interventi in esecuzione,,J94J17000040001,,no,RE,integralmente finanziato,agg2025,52,138.5,138.5,0.0,10.53
P137,Upgrading rete ferroviaria Regione Marche,,,,a,Programmi pluriennali di interventi,,,,no,,per memoria,cdp2017,37,0.0,0.0,0.0,
P138,Upgrading rete ferroviaria Regione Umbria,,,,a,Programmi pluriennali di interventi,,,,no,,per memoria,cdp2017,37,0.0,0.0,0.0,
P140,Upgrading tecnologico e prestazionale Tirrenica sud 2^ fase,09,Direttrici di interesse nazionale,,a,Programmi pluriennali di interventi,,J54H16000780001,,no,,integralmente finanziato,agg2025,49,100.0,100.0,0.0,85.82
P141,Elettrificazione e velocizzazione Roccaravindola-Isernia- Campobasso,05,Valorizzazione reti regionali,,b,Interventi in esecuzione,,J14F18000000001,,no,,per memoria,agg2024,43,0.0,0.0,0.0,
P142,"Porto di Ravenna Porto di Ravenna 1^ fase: Soppressione P.L. via Canale Molinetto, ITER adeguamento cavalcavia Teodorico, prolungamento del sottopassaggio pedonale di stazione e adeguamento collegamento esistente dorsale sinistra Candiano Porto di Ravenna 2^ fase: Potenziamento collegamenti esistenti ITER dorsali sinistra e destra Candiano",07,"Porti e interporti, ultimo miglio",,c,Interventi prioritari,,J64J22000340009|J74H17000420001,,no,RE,parzialmente finanziato,agg2025,69,137.9,86.4,51.5,12.6
P142A,"Porto di Ravenna 1^ fase: Prolungamento dorsale destra Candiano, soppressione del Passaggio a Livello di via Canale Molinetto, adeguamento sagoma cavalcavia Teodorico e altre opere - quota RFI",,,,b,Interventi in esecuzione,,,SF,no,RE,integralmente finanziato,cdp2017,57,20.0,20.0,0.0,
P142B,Porto di Ravenna - completamento Completamento: interventi funzionali al potenziamento della relazione ferroviaria Ravenna-Poggio Rusco,,,,d,Interventi in progettazione,,,SF,no,,non finanziato,cdp2017,90,50.0,0.0,50.0,
P145,Elettrificazione Empoli-Siena,,,,b,Interventi in esecuzione,,,,no,,per memoria,cdp2017,47,0.0,0.0,0.0,
P146,Potenziamento e velocizzazione Firenze-Pisa,09,Direttrici di interesse nazionale,,d,Interventi in progettazione,,,,no,,per memoria,agg2024,65,0.0,0.0,0.0,
P147,Elettrificazione Civitanova-Macerata-Albacina Elettrificazione Civitanova-Macerata-Albacina,05,Valorizzazione reti regionali,,b,Interventi in esecuzione,,J94J18000010001,,no,RE,integralmente finanziato,agg2025,52,160.15,160.15,0.0,96.83
P173,Nuovo terminale Milano smistamento (interventi RFI) Milano smistamento: attrezzaggio tecnologico nuovo terminale e opere di allaccio alla rete ferroviaria nazionale,07,"Porti e interporti, ultimo miglio",,b,Interventi in esecuzione,,J84H14001330001,,no,RE,integralmente finanziato,agg2025,56,21.1,21.1,0.0,18.09
P174,Scalo merci Bari Lamasinata Nuova stazione di Bari Lamasinata/Ferruccio fasi PROG PROG,07,"Porti e interporti, ultimo miglio",,d,Interventi in progettazione,,J37I12000150006|J37I12000160006,,si,,parzialmente finanziato,agg2025,75,245.0,4.0,241.0,0.81
P175,Scalo Torino Orbassano ACC Torino Orbassano Scalo Torino Orbassano: interventi in fascio container,07,"Porti e interporti, ultimo miglio",,b,Interventi in esecuzione,,J74J18000000001|J84E21004550001,,no,RE|ES,integralmente finanziato,agg2025,56,72.25,72.25,0.0,10.01
P176,Terminale Rivalta Scrivia,07,"Porti e interporti, ultimo miglio",,b,Interventi in esecuzione,,,,no,,per memoria,agg2021,40,0.0,0.0,0.0,
P178,Nodo intermodale di Brindisi Nodo intermodale di Brindisi,07,"Porti e interporti, ultimo miglio",,b,Interventi in esecuzione,,J54G18000140001,,no,RE,integralmente finanziato,agg2025,56,87.46,87.46,0.0,2.97
P188,Raddoppio Bolzano-Merano Raddoppio Bolzano-Merano PROG PROG,05,Valorizzazione reti regionali,,d,Interventi in progettazione,,J94E21002450009,,no,,parzialmente finanziato,agg2025,74,200.0,4.0,196.0,0.94
P192,Upgrading infrastrutturale e tecnologico nodo di Genova,06,Città metropolitane,,a,Programmi pluriennali di interventi,,,,si,,integralmente finanziato,agg2025,48,20.55,20.55,0.0,20.15
P193,Upgrading infrastrutturale e tecnologico nodo di Bari,06,Città metropolitane,,a,Programmi pluriennali di interventi,,,,no,,parzialmente finanziato,agg2025,48,121.5,91.5,30.0,62.53
P194,Upgrading infrastrutturale e tecnologico nodo di Reggio Calabria,06,Città metropolitane,,a,Programmi pluriennali di interventi,,,,si,,integralmente finanziato,agg2025,48,10.48,10.48,0.0,3.87
P196,Upgrading infrastrutturale e tecnologico nodo di Catania,06,Città metropolitane,,a,Programmi pluriennali di interventi,,,,no,,per memoria,agg2024,40,0.0,0.0,0.0,
P197,Upgrading infrastrutturale e tecnologico nodo di Cagliari,06,Città metropolitane,,a,Programmi pluriennali di interventi,,,,no,,per memoria,agg2025,48,0.0,0.0,0.0,0.0
P198,Upgrading infrastrutturale e tecnologico bacini nord ovest,05,Valorizzazione reti regionali,,a,Programmi pluriennali di interventi,,,,si,,parzialmente finanziato,agg2025,47,1443.98,759.71,684.27,361.0
P199,Upgrading infrastrutturale e tecnologico bacini nord est,05,Valorizzazione reti regionali,,a,Programmi pluriennali di interventi,,,,no,,parzialmente finanziato,agg2025,47,1145.7,362.16,783.53,200.66
P200,Upgrading infrastrutturale e tecnologico bacini centro,05,Valorizzazione reti regionali,,a,Programmi pluriennali di interventi,,,,no,,parzialmente finanziato,agg2025,47,969.56,363.51,606.05,108.43
P201,Upgrading infrastrutturale e tecnologico bacini sud e isole,05,Valorizzazione reti regionali,,a,Programmi pluriennali di interventi,,,,si,,parzialmente finanziato,agg2025,47,1631.94,633.67,998.27,405.81
P206,Upgrading infrastrutturale e tecnologico trasversali appenniniche centro Italia,09,Direttrici di interesse nazionale,,a,Programmi pluriennali di interventi,,,,no,,per memoria,agg2021,30,0.0,0.0,0.0,
P210A,Potenziamento della linea Terni - Rieti - L’Aquila-Sulmona Velocizzazione Terni-Rieti e adeguamento massa assiale Rieti- ITER L'Aquila Linea Terni-Sulmona: Infrastrutture di terra per la produzione/stoccaggi e distribuzione di idrogeno verde,05,Valorizzazione reti regionali,,c,Interventi prioritari,,J11B21008720008|J54H20001280009,,no,RE|FAP,parzialmente finanziato,agg2025,66,236.98,64.53,172.45,2.44
P210B,Collegamento Terni-Rieti-L'Aquila-Sulmona completamento Completamento Terni-Rieti-L’Aquila- Sulmona FAP° FAP°,05,Valorizzazione reti regionali,,e,Interventi in programma,,,PF,no,,non finanziato,cdp2022,78,818.0,0.0,818.0,0.0
P211,Nodo complesso di Pompei Nodo complesso di Pompei,05,Valorizzazione reti regionali,,b,Interventi in esecuzione,,J64C19000300001,,no,RE,integralmente finanziato,agg2025,52,40.0,40.0,0.0,2.62
P212,Riqualificazione urbana Area Portuale Napoli Est - progetto Traccia Napoli (stralcio ferroviario),07,"Porti e interporti, ultimo miglio",,d,Interventi in progettazione,,,,no,,per memoria,agg2024,62,0.0,0.0,0.0,
P213,Upgrading infrastrutturale e tecnologico nodo di Messina,06,Città metropolitane,,a,Programmi pluriennali di interventi,,,,no,,per memoria,agg2024,40,0.0,0.0,0.0,0.0
P214,Valorizzazione turistica delle ferrovie minori,04,Valorizzazione turistica ferrovie minori,,a,Programmi pluriennali di interventi,,J67B14000320001|J87B14000450001|J97B14000300001|J97B14000310001,,si,,parzialmente finanziato,agg2025,46,468.65,316.26,152.38,247.97
P215,Adeguamento linea storica Torino-Modane tratta Bussoleno-Avigliana Adeguamento linea Torino-Modane 1^ fase - potenziamento tecnologico e 2^ adeguamento prestazionale,09,Direttrici di interesse nazionale,,c,Interventi prioritari,,J74G18000150009,,no,RE,parzialmente finanziato,agg2025,72,249.7,129.9,119.8,6.72
P216,Completamento fermate SFM Torino Fermata S.Paolo Fermata Borgata Quaglia - Le Gru Fermata S.Luigi Orbassano Fermate Dora e Zappata Fermata Ferriera - Buttigliera,06,Città metropolitane,,b,Interventi in esecuzione,,J74J17000010001|J74J17000020001,,no,RE|AN,parzialmente finanziato,agg2025,55,185.62,183.97,1.65,23.15
P217,Potenziamento linea veloce collegamento Porta Nuova - Porta Susa Potenziamento linea veloce collegamento Porta Nuova -Porta Susa,06,Città metropolitane,,b,Interventi in esecuzione,,J74H17000590001,,no,RE,integralmente finanziato,agg2025,55,116.11,116.11,0.0,3.89
P218,Interventi per il miglioramento dell'integrazione modale,03,Accessibilità stazioni,,a,Programmi pluriennali di interventi,,,,no,,per memoria,cdp2022,41,0.0,0.0,0.0,
P220,"Potenziamento dei collegamenti tra il porto di Livorno, la rete ferroviaria e l'interporto Guasticce Porto di Livorno: collegamento diretto Porto-Guasticce (scavalco della linea tirrenica ambito Livorno Calambrone) Porto di Livorno: Collegamento dell’interporto di Guasticce alla PROG PROG linea Pisa-Vada via Collesalvetti Porto di Livorno: Bretella di collegamento tra la linea Pisa-Vada PROG PROG via Collesalvetti e la linea Firenze-Pisa",07,"Porti e interporti, ultimo miglio",,c,Interventi prioritari,,J51D18000110003|J94G18000060009,,no,RE,parzialmente finanziato,agg2025,69,766.93,44.03,722.9,15.07
P221,Adeguamento prestazionale e upgrading corridoio TEN-T Mare del Nord-Reno-Mediterraneo e linee afferenti,09,Direttrici di interesse nazionale,,a,Programmi pluriennali di interventi,,,,si,,parzialmente finanziato,agg2025,49,2026.85,1223.86,802.99,696.81
P222,Adeguamento prestazionale e upgrading corridoio TEN-T Mediterraneo e linee afferenti,09,Direttrici di interesse nazionale,,a,Programmi pluriennali di interventi,,,,si,,parzialmente finanziato,agg2025,49,2741.4,1372.34,1369.06,1042.96
P223,Adeguamento prestazionale e upgrading corridoio TEN-T Baltico-Adriatico e linee afferenti,09,Direttrici di interesse nazionale,,a,Programmi pluriennali di interventi,,,,si,,parzialmente finanziato,agg2025,49,3396.5,1552.87,1843.63,764.06
P224,Adeguamento prestazionale e upgrading corridoio TEN-T Scandinavia - Mediterraneo e linee afferenti,09,Direttrici di interesse nazionale,,a,Programmi pluriennali di interventi,,,,si,,parzialmente finanziato,agg2025,49,4185.54,1972.44,2213.1,1065.77
P225,Adeguamento prestazionale e upgrading corridoio TEN-T Scandinavia - Mediterraneo porti Adriatico e Mezzogiorno e linee afferenti,09,Direttrici di interesse nazionale,,a,Programmi pluriennali di interventi,,,,si,,per memoria,agg2024,41,0.0,0.0,0.0,
P227,Collegamento ferroviario aeroporto di Brindisi Collegamento ferroviario aeroporto di Brindisi,08,"Aeroporti, accessibilità su ferro",,b,Interventi in esecuzione,,J31D19000000001,,no,RE,integralmente finanziato,agg2025,58,161.0,161.0,0.0,6.5
P230,Stazione AV Foggia Cervaro Stazione AV Foggia Cervaro,05,Valorizzazione reti regionali,,c,Interventi prioritari,,J24C20000000009,,no,RE,parzialmente finanziato,agg2025,66,99.23,48.04,51.19,2.66
P232,Ripristino linea Caltagirone - Gela Ripristino linea Caltagirone - Gela,05,Valorizzazione reti regionali,,c,Interventi prioritari,,J64G18000140001,,no,RE,parzialmente finanziato,agg2025,66,397.2,290.51,106.69,11.83
P233,Potenziamento Carnate - Ponte S.Pietro 1^ fase Variante ponte ferroviario Paderno d'Adda PROG PROG,05,Valorizzazione reti regionali,,c,Interventi prioritari,,J34J23000040001,,no,,parzialmente finanziato,agg2025,66,674.0,90.0,584.0,0.74
P234,Nodo di Genova e Terzo valico dei Giovi Potenziamento infrastrutturale Voltri-Brignole Porto di Genova: Nuovo terminal merci i Genova Campasso Potenziamento terminale Rivalta Scrivia,09,Direttrici di interesse nazionale,,b,Interventi in esecuzione,,F81H92000000008|J34H16000060001|J34H17000130001|J71H02000110008,,si,RE|ES,parzialmente finanziato,agg2025,63,10623.31,9970.24,653.06,6676.25
P235,Chiusura anello di Palermo tratta Politeama - Notarbartolo Anello di Palermo 2° stralcio: tratta Politeama-Notarbartolo,06,Città metropolitane,,b,Interventi in esecuzione,,J74C20001660001,,no,RE,parzialmente finanziato,agg2025,55,141.8,127.02,14.78,5.57
P236,"Elettrificazione della tratta Cinisi-Alcamo Dir- Trapani della linea Palermo - Trapani "" via Milo"" Elettrificazione Cinisi-Alcamo Dir- Trapani",05,Valorizzazione reti regionali,,b,Interventi in esecuzione,,J64C20002310001,,no,RE,integralmente finanziato,agg2025,52,102.25,102.25,0.0,12.19
P237,"City Hub, linee metropolitane e nuove stazioni/fermate",03,Accessibilità stazioni,,a,Programmi pluriennali di interventi,,,,si,,parzialmente finanziato,agg2025,46,1663.83,751.44,912.4,82.61
P238,Battipaglia - Potenza - Metaponto - Taranto Battipaglia - Potenza - Metaponto - Taranto 1^ fase Battipaglia - Potenza - Metaponto - Taranto 2^ fase,09,Direttrici di interesse nazionale,,c,Interventi prioritari,,J94E21000070009,SF,no,RE(O),parzialmente finanziato,agg2021,54,1835.0,418.74,1416.26,0.0
P238A,Battipaglia - Potenza - Metaponto - Taranto 1^ fase Velocizzazione Grassano-Metaponto,09,Direttrici di interesse nazionale,,b,Interventi in esecuzione,,J94E21000070009,,no,RE,parzialmente finanziato,agg2025,63,416.35,416.09,0.26,37.28
P238B,Battipaglia - Potenza - Metaponto - Taranto completamento Velocizzazione e adeguamento prestazionale Romagnano - Taranto ulteriori fasi,09,Direttrici di interesse nazionale,,d,Interventi in progettazione,,J94E21000070009,,no,FAP,non finanziato,agg2025,79,1320.06,0.0,1320.06,0.0
P239,Velocizzazione tratte Orte-Falconara Tecnologie per la velocizzazione tratte prioritarie Orte-Falconara,09,Direttrici di interesse nazionale,,b,Interventi in esecuzione,,J64E21000110008,,no,RE|AN,integralmente finanziato,agg2025,63,36.0,36.0,0.0,2.7
P240A,Roma-Pescara fasi Raddoppio Tagliacozzo-Avezzano PROG PROG Raddoppio Sulmona-Pratola Peligna PROG PROG Raddoppio Scafa-Manoppello-Interporto d'Abruzzo,09,Direttrici di interesse nazionale,,c,Interventi prioritari,,J84E21001320008,,no,RE,parzialmente finanziato,agg2025,72,2324.3,964.32,1359.98,42.03
P240B,Roma-Pescara completamento Nuova linea Roma-Mandela-Tagliacozzo,09,Direttrici di interesse nazionale,,d,Interventi in progettazione,,J84E21001320008,,no,FAP,parzialmente finanziato,agg2025,79,12753.0,3.86,12749.14,0.0
P245,Adeguamento e velocizzazione linea ferroviaria jonica - tratta Sibari-Melito Porto Salvo e trasversale Lamezia Terme - Catanzaro Lido Elettrificazione linea jonica tratta Catanzaro Lido - Crotone - Sibari Potenziamento Lamezia Terme - Settingiano e elettrificazione,09,Direttrici di interesse nazionale,,c,Interventi prioritari,,J19G01000000001|J21G22000050001|J37I12000110001|J54E21004780008|J54J22000200001|J56C17000030001|J57D17000030001|J57D17000040001,,no,RE,parzialmente finanziato,agg2025,72,1325.97,1074.19,251.78,263.81
P246,Potenziamento Venafro - Campobasso - Matrice Potenziamento Venafro - Campobasso - Matrice 1^ fase Potenziamento Venafro - Campobasso - Matrice 2^ fase,05,Valorizzazione reti regionali,,b,Interventi in esecuzione,,J14E22000020001|J14F18000000001,,no,RE,integralmente finanziato,agg2025,52,393.62,393.62,0.0,209.49
P247,Potenziamento Palermo - Agrigento - Porto Empedocle bassa Potenziamento Palermo - Agrigento - Porto Empedocle bassa,05,Valorizzazione reti regionali,,c,Interventi prioritari,,J64E22000010001,,no,RE,integralmente finanziato,agg2025,66,103.0,103.0,0.0,47.68
P248,Raddoppio Decimomannu-Villamassargia,05,Valorizzazione reti regionali,,c,Interventi prioritari,,J74E21000940009,,no,,parzialmente finanziato,agg2025,66,949.0,137.0,812.0,3.75
P249,Collegamento ferroviario aeroporto di Olbia Collegamento ferroviario aeroporto di Olbia,08,"Aeroporti, accessibilità su ferro",,b,Interventi in esecuzione,,J31B21002470001|J74J23000740001,,si,RE,parzialmente finanziato,agg2025,58,231.04,230.08,0.9600000000000001,12.61
P250,Intermodalità e accessibilità Trapani Birgi Intermodalità e accessibilità aeroporto Trapani Birgi,08,"Aeroporti, accessibilità su ferro",,b,Interventi in esecuzione,,J61B21003450001,,no,RE,integralmente finanziato,agg2025,58,47.78,47.78,0.0,5.66
P251,Collegamento porto di Augusta Collegamento porto di Augusta,07,"Porti e interporti, ultimo miglio",,b,Interventi in esecuzione,,C51B20000970006,,si,RE|AN,integralmente finanziato,agg2025,56,104.57,104.57,0.0,2.66
P252,Adeguamento e potenziamento impianto di Vado Ligure zona industriale Adeguamento e potenziamento impianto di Vado Ligure zona industriale Fase 1 Adeguamento e potenziamento impianto di Vado Ligure zona industriale Fase 2,07,"Porti e interporti, ultimo miglio",,b,Interventi in esecuzione,,J44D20000050009,,no,RE,integralmente finanziato,agg2025,56,96.27,96.27,0.0,7.35
P253,Potenziamento collegamenti bacino di Augusta Bypass di Augusta,05,Valorizzazione reti regionali,,b,Interventi in esecuzione,,J51B21001950006,,no,RE,integralmente finanziato,agg2025,52,175.71,175.71,0.0,5.29
P254,"Velocizzazione collegamenti nord-sud rete sarda Velocizzazione Villamassargia-Carbonia Elettrificazione Cagliari-Oristano 1^ fase , Potenziamento infrastrutturale Oristano-Ozieri Chilivani, Nuova stazione Chilivani Sud, Interventi IS e Verifiche alle opere d'arte per adeguamenti prestazionali",09,Direttrici di interesse nazionale,,b,Interventi in esecuzione,,J74E21001690008,INV,no,RE|PFTE,integralmente finanziato,cdp2022,67,108.8,108.8,0.0,0.0
P254A,Elettrificazione Cagliari-Oristano Elettrificazione Cagliari-Oristano,09,Direttrici di interesse nazionale,,b,Interventi in esecuzione,,J74J22000170001,,no,RE,integralmente finanziato,agg2025,64,106.6,106.6,0.0,28.4
P254B,Velocizzazione Villamassargia-Carbonia Velocizzazione Villamassargia-Carbonia,05,Valorizzazione reti regionali,,b,Interventi in esecuzione,,J74E21001690008,,no,RE,integralmente finanziato,agg2025,53,13.0,13.0,0.0,4.62
P255,Accessibilità alla nuova stazione AV di Belfiore People mover Firenze Belfiore - Santa Maria Novella PROG PROG Fermata Circondaria ITER,06,Città metropolitane,,d,Interventi in progettazione,,J14H20001440009,,no,RE,parzialmente finanziato,agg2025,75,135.0,47.1,87.89999999999999,0.57
P256,Potenziamento infrastrutturale scalo di Brescia Potenziamento infrastrutturale scalo di Brescia,07,"Porti e interporti, ultimo miglio",,b,Interventi in esecuzione,,J84C19000370009,,no,RE,integralmente finanziato,agg2025,57,82.19,82.19,0.0,2.26
P257,Elettrificazione Ivrea-Aosta,05,Valorizzazione reti regionali,,b,Interventi in esecuzione,,,,no,,per memoria,cdp2022,47,0.0,0.0,0.0,
P258,Linea Rosarno-S. Ferdinando: adeguamento PRG impianti di Rosarno e San Ferdinando Adeguamento PRG impianti di Rosarno e San Ferdinando,07,"Porti e interporti, ultimo miglio",,b,Interventi in esecuzione,,J44E21002660001,,no,RE,integralmente finanziato,agg2025,57,85.0,85.0,0.0,19.54
P259,Linea Bari-Bitritto: upgrading infrastrutturale Linea Bari-Bitritto: upgrading infrastrutturale,05,Valorizzazione reti regionali,,b,Interventi in esecuzione,,J37H21005980001,,no,RE,integralmente finanziato,agg2025,53,30.11,30.11,0.0,28.46
P260,Potenziamento Capannelle-Ciampino Quadruplicamento Capannelle-Ciampino e PRG Ciampino,06,Città metropolitane,,c,Interventi prioritari,,J31H96000000011,,no,RE,parzialmente finanziato,agg2025,68,376.44,50.2,326.24,23.9
P261,"Potenziamento linea Bologna-Prato Linea Bologna-Prato-Firenze: adeguamento prestazionale (sagoma, modulo) e potenziamento tecnologico",09,Direttrici di interesse nazionale,,b,Interventi in esecuzione,,J84H17001230001|J94E21002400009,,no,RE,parzialmente finanziato,agg2025,64,565.34,526.64,38.7,387.3
P262,Velocizzazione AV/AC linea ferroviaria Adriatica,09,Direttrici di interesse nazionale,,b,Interventi in esecuzione,,,INV,no,,parzialmente finanziato,cdp2022,62,8700.0,5000.0,3700.0,0.0
P262A,Velocizzazione e potenziamento linea ferroviaria Adriatica 1^ fase,09,Direttrici di interesse nazionale,,c,Interventi prioritari,,J11C09000000009|J41G23000070001,,no,,parzialmente finanziato,agg2025,72,6074.52,4533.08,1541.44,167.21
P262B,Velocizzazione e potenziamento linea ferroviaria Adriatica 2^ fase Velocizzazione CastelBolognese-Rimini,09,Direttrici di interesse nazionale,,d,Interventi in progettazione,,J64J24000610001,,no,FAP,parzialmente finanziato,agg2025,80,4050.0,4.0,4046.0,0.0
P264,Digitalizzazione stazioni,03,Accessibilità stazioni,,a,Programmi pluriennali di interventi,,,,no,,parzialmente finanziato,agg2025,46,70.75,26.15,44.6,5.94
P265,Piano straordinario di riqualificazione rete infrastrutturale civile,05,Valorizzazione reti regionali,,a,Programmi pluriennali di interventi,,,,no,,non finanziato,agg2025,47,2000.0,0.0,2000.0,0.0
P270,Opere di collegamento al Ponte sullo stretto di Messina - sponda calabra e siciliana Opere di collegamento al Ponte sullo stretto di Messina - sponda PROG PROG calabra Opere di collegamento al Ponte sullo stretto di Messina - sponda PROG PROG sicialiana,09,Direttrici di interesse nazionale,,c,Interventi prioritari,,J51G24000010001|J61G24000030001,,si,,parzialmente finanziato,agg2025,73,1766.0,40.0,1726.0,2.26
P271,Potenziamento delle stazioni e fermate minori,03,Accessibilità stazioni,,a,Programmi pluriennali di interventi,,,,si,,non finanziato,agg2025,46,900.0,0.0,900.0,0.0
