codice,documento,pagina,costo_mln,finanziato_mln,da_finanziare_mln,avanzamento_mln
0013A,cdp2017,69,360.13,360.13,0.0,
0013A,agg2021,43,358.31,358.31,0.0,355.65
0013A,cdp2022,65,358.31,358.31,0.0,356.06
0013A,agg2024,52,358.31,358.31,0.0,356.44
0013A,agg2025,59,358.31,358.31,0.0,356.52
0013B,cdp2017,86,59.08,35.5,23.58,
0013B,agg2021,54,60.9,27.33,33.58,0.43
0013B,cdp2022,74,60.9,27.33,33.58,0.43
0013B,agg2024,66,60.9,1.83,59.08,0.43
0013B,agg2025,77,60.9,1.83,59.07,0.43
0036,cdp2017,56,1152.3,1152.3,0.0,
0036,agg2021,36,1200.0,1180.3,19.7,1043.72
0036,cdp2022,55,1200.0,1200.0,0.0,1061.95
0036,agg2024,46,1285.88,1234.8,51.08,1099.48
0036,agg2025,54,1307.26,1287.26,20.0,1117.53
0037,cdp2017,52,0.0,0.0,0.0,
0049A,cdp2017,51,225.0,225.0,0.0,
0049A,agg2021,51,571.96,395.0,176.96,202.06
0049A,cdp2022,53,388.59,388.59,0.0,210.07
0049A,agg2024,56,550.78,249.58,301.21,221.07
0049A,agg2025,68,564.68,253.33,311.34,231.89
0049B,cdp2017,99,466.7,0.0,466.7,
0049B,agg2021,63,139.74,0.0,139.74,0.0
0049B,cdp2022,78,323.12,6.41,316.71,1.42
0049B,agg2024,62,323.12,6.42,316.7,1.42
0049B,agg2025,75,1542.66,2.66,1540.0,1.42
0052,cdp2017,51,1040.7,1040.7,0.0,
0052,agg2021,36,1040.7,1040.7,0.0,1018.54
0052,cdp2022,53,1040.7,1040.7,0.0,1021.22
0052,agg2024,45,1045.03,1045.03,0.0,1025.64
0052,agg2025,54,1045.03,1045.03,0.0,1033.19
0077,cdp2017,61,670.0,670.0,0.0,
0077,agg2021,45,690.0,690.0,0.0,666.17
0077,cdp2022,60,690.0,690.0,0.0,666.91
0077,agg2024,49,691.53,690.0,1.53,669.79
0077,agg2025,59,691.53,690.0,1.53,671.45
0081,cdp2017,63,568.06,568.06,0.0,
0081,agg2021,46,568.06,568.06,0.0,566.79
0081,cdp2022,61,0.0,0.0,0.0,
0083,cdp2017,53,322.5,322.5,0.0,
0083,agg2021,37,322.5,322.5,0.0,284.18
0083,cdp2022,54,322.5,322.5,0.0,284.23
0083,agg2024,45,322.5,286.84,35.66,286.92
0083,agg2025,54,322.5,303.46,19.04,286.96
0099A,cdp2017,67,263.4,263.4,0.0,
0099A,agg2021,42,263.4,263.4,0.0,255.11
0099A,cdp2022,64,263.4,263.4,0.0,256.65
0099A,agg2024,51,263.4,263.4,0.0,258.36
0099A,agg2025,59,263.4,263.4,0.0,258.41
0099B,cdp2017,85,670.6,169.8,500.8,
0099B,agg2021,42,561.8,561.8,0.0,19.64
0099B,cdp2022,64,561.8,561.8,0.0,19.64
0099B,agg2024,51,577.43,577.43,0.0,70.21
0099B,agg2025,59,579.26,579.26,0.0,160.0
0099C,cdp2017,67,19.95,19.95,0.0,
0099C,agg2021,42,19.95,19.95,0.0,19.11
0099C,cdp2022,64,19.95,19.95,0.0,19.11
0099C,agg2024,51,19.95,19.95,0.0,19.36
0099C,agg2025,59,19.95,19.95,0.0,19.36
0100,cdp2017,64,478.56,478.56,0.0,
0100,agg2021,47,498.58,498.58,0.0,458.06
0100,cdp2022,63,498.58,498.58,0.0,461.54
0100,agg2024,50,498.58,487.58,11.0,466.64
0100,agg2025,59,498.58,487.58,11.0,467.6
0115,cdp2017,55,126.66,126.66,0.0,
0115,agg2021,36,126.66,126.66,0.0,125.07
0115,cdp2022,55,126.66,126.66,0.0,125.49
0115,agg2024,46,126.66,126.66,0.0,125.75
0115,agg2025,54,126.66,126.66,0.0,125.76
0119,cdp2017,66,329.02,329.02,0.0,
0119,agg2021,48,369.02,369.02,0.0,310.77
0119,cdp2022,63,369.02,369.02,0.0,317.28
0119,agg2024,51,373.34,373.34,0.0,329.54
0119,agg2025,59,387.65,377.65,10.0,343.48
0136,cdp2017,68,255.49,255.49,0.0,
0136,agg2021,42,365.49,365.49,0.0,45.75
0136,cdp2022,65,365.49,365.49,0.0,45.88
0136,agg2024,52,429.24,429.24,0.0,46.48
0136,agg2025,59,525.45,525.45,0.0,52.91
0142A,cdp2017,64,299.04,299.04,0.0,
0142A,agg2021,47,318.79,313.79,5.0,262.23
0142A,cdp2022,62,318.79,318.79,0.0,263.92
0142A,agg2024,50,318.79,318.79,0.0,268.36
0142A,agg2025,60,318.79,318.79,0.0,272.25
0142B,cdp2017,64,699.63,699.63,0.0,
0142B,agg2021,47,700.0,700.0,0.0,19.98
0142B,cdp2022,62,700.0,700.0,0.0,24.5
0142B,agg2024,50,700.0,700.0,0.0,55.87
0142B,agg2025,60,700.0,700.0,0.0,118.39
0149,cdp2017,54,159.61,144.61,15.0,
0149,agg2021,38,159.61,159.61,0.0,136.81
0149,cdp2022,54,159.61,159.61,0.0,137.43
0149,agg2024,46,159.61,159.61,0.0,138.14
0149,agg2025,54,159.61,159.61,0.0,137.69
0223A,cdp2017,61,91.04,91.04,0.0,
0223A,agg2021,55,183.1,83.1,100.0,1.95
0223A,cdp2022,71,190.5,83.1,107.4,9.04
0223A,agg2024,58,190.5,5.7,184.8,3.14
0223A,agg2025,70,190.5,5.7,184.8,3.18
0223B,cdp2017,102,491.99,6.53,485.46,
0223B,agg2021,64,399.93,6.97,392.96,6.97
0223B,cdp2022,79,392.53,6.97,385.56,0.0
0223B,agg2024,64,392.53,6.97,385.56,6.97
0223B,agg2025,77,392.53,6.97,385.56,6.97
0226,cdp2017,85,572.0,11.42,560.58,
0226,agg2021,57,572.0,23.42,548.58,10.86
0226,cdp2022,73,572.0,23.42,548.58,10.86
0226,agg2024,65,572.0,23.42,548.58,18.89
0226,agg2025,77,1618.04,23.42,1594.62,22.64
0240,cdp2017,52,642.4,642.4,0.0,
0241A,cdp2017,80,1700.15,65.54,1634.61,
0241A,agg2021,54,1700.15,65.54,1634.61,39.11
0241A,cdp2022,71,1700.15,67.54,1632.61,39.18
0241A,agg2024,58,1700.15,827.43,872.72,50.99
0241A,agg2025,70,2989.54,809.27,2180.27,60.37
0241B,cdp2017,102,2692.85,0.0,2692.85,
0241B,agg2021,64,2692.85,0.0,2692.85,0.0
0241B,cdp2022,79,2692.85,0.0,2692.85,0.0
0241B,agg2024,64,2692.85,0.0,2692.85,0.0
0241B,agg2025,77,2692.85,0.0,2692.85,0.0
0242,cdp2017,49,167.5,167.5,0.0,
0242,agg2021,35,167.5,167.5,0.0,166.19
0242,cdp2022,52,167.5,167.5,0.0,166.54
0242,agg2024,44,167.5,167.5,0.0,167.29
0242,agg2025,50,167.5,167.5,0.0,167.3
0243,cdp2017,58,0.0,0.0,0.0,
0249,cdp2017,70,2300.0,2299.7,0.3,
0249,agg2021,44,2300.0,2300.0,0.0,41.49
0249,cdp2022,66,2201.27,2201.27,0.0,44.6
0249,agg2024,52,2364.7,2324.27,40.43,156.42
0249,agg2025,60,2563.96,2458.26,105.7,424.03
0258_A,cdp2017,77,547.37,16.1,531.27,
0258_A,agg2021,51,547.37,207.6,339.77,3.64
0258_A,cdp2022,69,904.44,283.87,620.5699999999999,4.68
0258_A,agg2024,56,1245.79,117.78,1128.01,7.77
0258_A,agg2025,68,1245.79,117.78,1128.01,11.63
0260,cdp2017,53,149.72,149.72,0.0,
0260,agg2021,37,254.51,171.72,82.79,66.75
0260,cdp2022,54,254.51,254.51,0.0,69.36
0260,agg2024,56,354.54,178.71,175.83,112.5
0260,agg2025,68,395.14,178.71,216.43,137.21
0262,cdp2017,103,1745.8,13.33,1732.47,
0263,cdp2017,69,230.0,230.0,0.0,
0263,agg2021,43,230.0,230.0,0.0,225.4
0263,cdp2022,65,230.0,230.0,0.0,226.11
0263,agg2024,52,230.0,230.0,0.0,227.81
0263,agg2025,60,230.0,230.0,0.0,227.93
0264A,cdp2017,81,424.0,13.96,410.03999999999996,
0264A,agg2021,60,424.0,13.96,410.04,3.0
0264A,cdp2022,71,424.0,13.96,410.04,3.01
0264A,agg2024,64,424.0,6.44,417.56,3.06
0264A,agg2025,77,424.0,6.44,417.56,3.06
0264B,cdp2017,102,111.0,0.0,111.0,
0265,cdp2017,102,1270.0,0.84,1269.16,
0265,agg2021,64,0.0,0.0,0.0,
0266,cdp2017,92,1412.0,3.5,1408.5,
0266,agg2021,64,1412.0,3.5,1408.5,3.24
0266,cdp2022,79,1412.0,3.5,1408.5,3.24
0267,cdp2017,45,261.0,261.0,0.0,
0267,agg2021,31,261.0,261.0,0.0,259.77
0267,cdp2022,47,0.0,0.0,0.0,
0268,cdp2017,60,425.0,425.0,0.0,
0268,agg2021,41,475.0,425.0,50.0,11.11
0268,cdp2022,58,644.0,475.0,169.0,11.35
0268,agg2024,48,644.0,644.0,0.0,40.14
0268,agg2025,58,644.0,644.0,0.0,163.05
0269,cdp2017,101,90.41,0.18,90.24,
0269,agg2021,59,90.4,0.18,90.23,0.16
0269,cdp2022,76,90.4,0.18,90.23,0.16
0269,agg2024,63,90.4,0.18,90.23,0.16
0269,agg2025,76,90.4,0.18,90.23,0.16
0270,cdp2017,78,861.0,251.61,609.39,
0270,agg2021,51,998.0,346.61,651.39,8.96
0270,cdp2022,69,998.0,346.61,651.39,10.72
0270,agg2024,60,1576.57,571.7,1004.86,27.82
0270,agg2025,70,1607.82,613.7,994.12,73.53
0271A,cdp2017,49,88.0,88.0,0.0,
0271A,agg2021,35,93.32,88.0,5.32,49.75
0271A,cdp2022,51,93.32,93.32,0.0,50.36
0271A,agg2024,44,98.55,95.58,2.97,57.98
0271A,agg2025,50,100.33,97.36,2.97,67.82
0271B,cdp2017,75,44.0,0.0,44.0,
0271B,agg2021,58,44.0,0.0,44.0,0.0
0271B,cdp2022,68,44.0,0.0,44.0,0.0
0271B,agg2024,61,44.0,0.0,44.0,0.0
0271B,agg2025,74,44.0,0.0,44.0,0.0
0274,cdp2017,106,1855.0,10.0,1845.0,
0274,agg2021,60,0.0,0.0,0.0,
0275A,cdp2017,86,3462.45,1713.65,1748.8,
0275A,agg2021,44,5608.8,5608.8,0.0,195.16
0275A,cdp2022,66,5707.53,5707.53,0.0,257.91
0275A,agg2024,52,8037.99,7555.66,482.33,540.35
0275A,agg2025,60,8513.99,7742.04,771.95,1036.41
0275B,cdp2017,95,2553.55,0.0,2553.55,
0275B,agg2021,55,408.0,0.0,408.0,0.0
0275B,cdp2022,66,408.0,408.0,0.0,0.0
0275B,agg2024,66,566.87,0.0,566.87,0.0
0275B,agg2025,77,566.87,0.0,566.87,0.0
0276A,cdp2017,84,757.2,96.95,660.25,
0276A,agg2021,56,260.35,260.35,0.0,5.75
0276A,cdp2022,61,359.9,359.9,0.0,5.75
0276A,agg2024,59,486.4,359.9,126.5,8.42
0276A,agg2025,70,508.0,359.91,148.09,9.19
0276B,cdp2017,93,1546.8,0.0,1546.8,
0276B,agg2021,65,2043.65,6.59,2037.05,6.33
0276B,cdp2022,73,3663.59,6.59,3657.0,6.37
0276B,agg2024,65,5312.0,31.0,5281.0,6.39
0276B,agg2025,77,5312.0,31.0,5281.0,11.46
0277,cdp2017,92,1000.0,82.63,917.37,
0277,agg2021,64,1000.0,82.63,917.37,13.15
0277,cdp2022,79,1000.0,82.63,917.37,13.15
0277,agg2024,64,1000.0,82.63,917.37,13.15
0277,agg2025,78,1000.0,82.63,917.37,13.15
0279A,cdp2017,67,730.0,730.0,0.0,
0279A,agg2021,42,598.52,598.52,0.0,207.29
0279A,cdp2022,64,598.52,598.52,0.0,294.56
0279A,agg2024,51,695.33,695.33,0.0,505.46
0279A,agg2025,61,767.21,767.21,0.0,669.98
0279B,cdp2017,67,995.0,780.0,215.0,
0279B,agg2021,42,1091.48,1091.48,0.0,25.84
0279B,cdp2022,64,1091.48,1091.48,0.0,71.87
0279B,agg2024,51,1106.24,1106.24,0.0,315.93
0279B,agg2025,61,1178.09,1178.09,0.0,697.15
0281,cdp2017,110,,,,
0281,cdp2017,173,,,,
0281,agg2021,67,,,,
0281,agg2021,123,,,,
0281,cdp2022,83,,,,
0281,cdp2022,135,,,,
0281,agg2024,69,,,,
0281,agg2024,110,,,,
0281,agg2025,82,,,,
0281,agg2025,127,,,,
0282,cdp2017,106,3700.0,7.0,3693.0,
0282,agg2021,54,0.0,0.0,0.0,
0284,cdp2017,67,813.0,813.0,0.0,
0284,agg2021,42,848.0,848.0,0.0,360.31
0284,cdp2022,64,848.0,848.0,0.0,422.98
0284,agg2024,51,966.76,966.76,0.0,636.8
0284,agg2025,61,1044.36,1044.36,0.0,834.49
0286A,cdp2017,61,100.0,100.0,0.0,
0286A,agg2021,45,100.0,100.0,0.0,0.75
0286A,cdp2022,60,100.0,100.0,0.0,1.84
0286A,agg2024,49,103.67,103.67,0.0,8.37
0286A,agg2025,61,103.74,103.74,0.0,12.86
0286B,cdp2017,92,500.0,6.36,493.64,
0286B,agg2021,55,500.0,21.36,478.64,6.36
0286B,cdp2022,71,600.0,21.36,578.64,6.36
0286B,agg2024,58,900.0,21.36,878.64,11.17
0286B,agg2025,70,900.0,21.36,878.64,11.83
0289,cdp2017,82,1540.3,266.0,1274.3,
0289,agg2021,55,1951.0,51.0,1900.0,29.76
0289,cdp2022,72,2150.0,51.0,2099.0,29.8
0289,agg2024,64,2416.6,51.0,2365.6,43.84
0289,agg2025,78,2576.0,51.0,2525.0,44.03
0290,cdp2017,97,792.2,4.39,787.81,
0290,agg2021,58,792.2,4.39,787.81,4.36
0290,cdp2022,75,792.2,4.39,787.81,4.36
0290,agg2024,61,792.2,44.39,747.81,6.62
0290,agg2025,74,3124.82,44.39,3080.44,12.92
0291,cdp2017,103,5701.3,18.28,5683.02,
0292A,cdp2017,62,1478.0,1478.0,0.0,
0292A,agg2021,45,1521.6,1521.6,0.0,52.69
0292A,cdp2022,60,1521.6,1521.6,0.0,55.76
0292A,agg2024,49,1521.6,1521.6,0.0,102.65
0292A,agg2025,61,1522.62,1522.62,0.0,175.5
0292B,cdp2017,82,997.8,14.7,983.1,
0292B,agg2021,56,997.8,24.7,973.1,2.08
0292B,cdp2022,72,997.8,119.32,878.48,3.47
0292B,agg2024,64,1187.1,149.4,1037.7,3.92
0292B,agg2025,78,1235.03,149.4,1085.63,4.96
0292C,cdp2017,92,851.6,8.29,843.31,
0292C,agg2021,55,851.6,8.29,843.31,0.0
0292C,cdp2022,72,851.6,8.29,843.31,0.0
0292C,agg2024,64,851.6,18.8,832.8,2.23
0292C,agg2025,78,1570.0,18.8,1551.2,4.45
0294,cdp2017,81,727.7,22.8,704.9,
0294,agg2021,55,827.7,522.8,304.9,19.74
0294,cdp2022,71,827.7,522.8,304.9,20.07
0294,agg2024,58,969.68,632.18,337.5,27.83
0294,agg2025,70,1023.67,632.18,391.5,60.02
0295,cdp2017,101,1200.0,0.0,1200.0,
0295,agg2021,63,1200.0,0.0,1200.0,0.0
0295,cdp2022,78,0.0,0.0,0.0,
0296,cdp2017,94,1918.5,0.0,1918.5,
0296,agg2021,60,1918.5,0.0,1918.5,0.0
0296,cdp2022,73,1918.5,0.0,1918.5,0.0
0296,agg2024,65,1918.5,0.0,1918.5,0.0
0296,agg2025,78,1918.5,0.0,1918.5,0.0
0297A,cdp2017,64,174.0,174.0,0.0,
0297A,agg2021,47,174.0,174.0,0.0,37.67
0297A,cdp2022,62,174.0,174.0,0.0,45.64
0297A,agg2024,50,174.0,174.0,0.0,49.73
0297A,agg2025,61,174.82,174.82,0.0,57.16
0297B,cdp2017,84,66.0,1.0,65.0,
0297B,agg2021,57,66.0,36.0,30.0,0.0
0297B,cdp2022,73,66.0,36.0,30.0,0.0
0297B,agg2024,59,123.29,36.0,87.29,0.9
0297B,agg2025,71,123.29,7.6,115.69,0.94
0298,cdp2017,94,573.1,0.0,573.1,
0298,agg2021,57,573.1,438.44,134.66,0.0
0298,cdp2022,63,1112.0,775.0,337.0,4.03
0298,agg2024,60,1434.0,595.88,838.12,13.61
0298,agg2025,71,1680.25,663.4,1016.85,58.46
0307A,cdp2017,85,388.0,140.74,247.26,
0307A,agg2021,57,602.0,521.74,80.26,21.39
0307A,cdp2022,74,601.74,601.74,0.0,22.97
0307A,agg2024,66,857.5,33.7,823.8,24.75
0307A,agg2025,78,1183.47,33.7,1149.77,28.9
0307B,cdp2017,94,1168.0,0.0,1168.0,
0307B,agg2021,61,0.0,0.0,0.0,
0308,cdp2017,105,491.0,1.12,489.88,
0308,agg2021,54,0.0,0.0,0.0,
0309,cdp2017,105,646.0,1.33,644.67,
0309,agg2021,54,0.0,0.0,0.0,
0310,cdp2017,104,340.0,0.7,339.3,
0310,agg2021,64,0.0,0.0,0.0,
0311A,cdp2017,65,154.81,154.81,0.0,
0311A,agg2021,47,157.81,157.81,0.0,149.86
0311A,cdp2022,63,157.81,157.81,0.0,150.89
0311A,agg2024,50,161.66,161.66,0.0,156.17
0311A,agg2025,61,161.89,161.89,0.0,156.41
0311B,cdp2017,93,260.19,0.0,260.19,
0311B,agg2021,60,260.19,0.0,260.19,0.0
0311B,cdp2022,73,260.19,0.0,260.19,0.0
0311B,agg2024,65,256.34,0.0,256.34,0.0
0311B,agg2025,78,256.34,0.0,256.34,0.0
0312,cdp2017,88,50.2,0.8,49.4,
0312,agg2021,62,0.0,0.0,0.0,
0313A,cdp2017,71,225.2,225.2,0.0,
0313A,agg2021,44,117.76,117.76,0.0,4.27
0313A,cdp2022,66,126.2,126.2,0.0,4.31
0313A,agg2024,53,126.2,126.2,0.0,7.64
0313A,agg2025,62,152.7,140.2,12.5,9.13
0313B,cdp2017,95,567.8,0.0,567.8,
0313B,agg2021,64,675.24,3.2,672.04,1.8
0313B,cdp2022,79,666.8,3.2,663.6,1.8
0313B,agg2024,66,666.8,3.2,663.6,1.8
0313B,agg2025,78,666.8,3.2,663.6,1.8
0314,cdp2017,97,491.0,0.75,490.25,
0314,agg2021,62,491.0,1.73,489.27,1.62
0314,cdp2022,78,0.0,0.0,0.0,
0315,cdp2017,97,200.0,0.32,199.68,
0315,agg2021,62,200.0,0.32,199.68,0.31
0315,cdp2022,78,200.0,0.32,199.68,0.31
0315,agg2024,61,200.0,0.32,199.68,0.31
0315,agg2025,74,200.0,0.32,199.68,0.31
0325,cdp2017,109,,,,
0325,cdp2017,172,,,,
0325,agg2021,67,,,,
0325,agg2021,122,,,,
0325,cdp2022,82,,,,
0325,cdp2022,134,,,,
0325,agg2024,68,,,,
0325,agg2024,109,,,,
0325,agg2025,82,,,,
0325,agg2025,126,,,,
0331,cdp2017,77,250.0,13.0,237.0,
0331,agg2021,51,361.0,252.97,108.03,4.31
0331,cdp2022,69,361.0,252.97,108.03,4.35
0331,agg2024,62,713.12,18.5,694.62,6.01
0331,agg2025,75,713.12,18.5,694.62,6.23
0332A,cdp2017,54,391.0,391.0,0.0,
0332A,agg2021,38,426.0,391.0,35.0,100.92
0332A,cdp2022,55,431.3,431.3,0.0,110.19
0332B,cdp2017,99,633.0,2.3,630.7,
0332B,agg2021,52,633.0,25.3,607.7,0.0
0332B,cdp2022,55,628.0,628.0,0.0,0.0
0333,cdp2017,87,45.72,7.0,38.72,
0333,agg2021,58,45.58,6.86,38.72,6.21
0333,cdp2022,75,0.0,0.0,0.0,
0334,cdp2017,47,58.0,58.0,0.0,
0334,agg2021,33,58.0,58.0,0.0,6.7
0334,cdp2022,49,105.13,105.13,0.0,6.82
0334,agg2024,54,135.95,53.13,82.82,12.94
0334,agg2025,65,135.95,53.13,82.82,12.95
0335,cdp2017,81,900.0,15.0,885.0,
0335,agg2021,55,900.0,264.5,635.5,9.21
0335,cdp2022,71,900.0,264.5,635.5,9.86
0335,agg2024,58,963.66,328.16,635.5,17.38
0335,agg2025,71,987.46,349.06,638.4,40.86
0336,cdp2017,56,938.8,913.8,25.0,
0336,agg2021,37,938.8,938.8,0.0,460.18
0336,cdp2022,55,938.8,938.8,0.0,523.49
0336,agg2024,46,988.26,968.26,20.0,609.77
0336,agg2025,54,1017.57,1017.57,0.0,682.86
0337,cdp2017,92,1555.0,6.9,1548.1,
0337,agg2021,55,1555.0,936.9,618.1,5.32
0337A,cdp2022,60,1180.0,961.0,219.0,6.96
0337A,agg2024,49,1281.99,1281.99,0.0,69.0
0337A,agg2025,62,1433.39,1387.95,45.44,120.13
0337B,cdp2022,72,375.0,10.0,365.0,0.0
0337B,agg2024,64,363.95,0.0,363.95,0.0
0337B,agg2025,79,2438.13,0.0,2438.13,0.0
0339,cdp2017,57,43.0,43.0,0.0,
0339,agg2021,39,43.0,43.0,0.0,37.51
0339,cdp2022,57,0.0,0.0,0.0,
0343,cdp2017,108,,,,
0343,cdp2017,171,,,,
0359,cdp2017,53,60.0,60.0,0.0,
0359,agg2021,37,73.7,73.7,0.0,2.24
0359,cdp2022,54,73.7,73.7,0.0,2.28
0359,agg2024,45,98.29,98.29,0.0,3.62
0359,agg2025,55,98.29,98.29,0.0,11.89
0361,cdp2017,109,,,,
0361,cdp2017,172,,,,
0361,agg2021,67,,,,
0361,agg2021,122,,,,
0361,cdp2022,82,,,,
0361,cdp2022,134,,,,
0361,agg2024,68,,,,
0361,agg2024,109,,,,
0361,agg2025,82,,,,
0361,agg2025,126,,,,
0362A,cdp2017,109,,,,
0362A,cdp2017,172,,,,
0362A,agg2021,67,,,,
0362A,agg2021,122,,,,
0362A,cdp2022,82,,,,
0362A,cdp2022,134,,,,
0362A,agg2024,68,,,,
0362A,agg2024,109,,,,
0362A,agg2025,82,,,,
0362A,agg2025,126,,,,
0362B,cdp2017,109,,,,
0362B,cdp2017,172,,,,
0362B,agg2021,67,,,,
0362B,agg2021,122,,,,
0362B,cdp2022,82,,,,
0362B,cdp2022,134,,,,
0362B,agg2024,68,,,,
0362B,agg2024,109,,,,
0362B,agg2025,82,,,,
0362B,agg2025,126,,,,
0365,cdp2017,83,1800.0,200.0,1600.0,
0365A,agg2021,46,246.0,246.0,0.0,5.74
0365A,cdp2022,61,246.0,246.0,0.0,8.94
0365A,agg2024,49,219.16,219.16,0.0,33.16
0365A,agg2025,62,250.68,229.48,21.21,68.87
0365B,agg2021,56,1554.0,31.61,1522.4,24.72
0365B,cdp2022,72,1554.0,31.61,1522.4,25.05
0365B,agg2024,65,1580.9,58.51,1522.4,29.0
0365B,agg2025,79,1580.9,51.72,1529.18,29.0
0366,cdp2017,45,70.0,70.0,0.0,
0366A,agg2021,31,210.0,210.0,0.0,4.31
0366A,cdp2022,47,390.0,390.0,0.0,4.78
0366A,agg2024,54,716.56,357.46,359.1,15.74
0366A,agg2025,65,795.91,364.96,430.95000000000005,43.71
0366B,agg2021,50,90.0,0.0,90.0,0.0
0366B,cdp2022,68,0.0,0.0,0.0,
0417,cdp2017,58,25.5,25.5,0.0,
0417,agg2021,39,37.5,37.5,0.0,7.51
0417,cdp2022,57,37.5,37.5,0.0,10.55
0417,agg2024,47,43.5,43.5,0.0,20.76
0417,agg2025,56,44.95,44.95,0.0,26.47
0810,cdp2017,47,35.99,35.99,0.0,
0810,agg2021,33,35.99,35.99,0.0,34.27
0810,cdp2022,49,35.99,35.99,0.0,35.61
0810,agg2024,43,35.99,35.99,0.0,35.97
0810,agg2025,50,35.99,35.99,0.0,35.96
1161,cdp2017,52,0.0,0.0,0.0,
1310,cdp2017,62,0.0,0.0,0.0,
1346,cdp2017,47,450.0,450.0,0.0,
1346,agg2021,32,487.1,487.1,0.0,169.49
1346,cdp2022,48,487.1,487.1,0.0,198.9
1346,agg2024,54,750.1,362.12,387.98,271.33
1346,agg2025,65,752.1,364.12,387.99,306.97
1357,cdp2017,45,15.49,15.49,0.0,
1357,agg2021,31,15.49,15.49,0.0,5.66
1357,cdp2022,47,21.49,21.49,0.0,5.67
1357,agg2024,42,23.38,21.49,1.89,6.11
1357,agg2025,50,23.38,21.49,1.89,6.16
1417,cdp2017,53,20.6,20.6,0.0,
1417,agg2021,37,20.6,20.6,0.0,12.44
1417,cdp2022,54,30.6,30.6,0.0,12.44
1417,agg2024,45,30.6,26.6,4.0,12.44
1417,agg2025,55,30.6,26.6,4.0,12.44
1427,cdp2017,46,0.0,0.0,0.0,
1438,cdp2017,76,48.86,0.91,47.94,
1438,agg2021,59,114.21,4.21,110.0,0.74
1438,cdp2022,69,114.21,4.21,110.0,0.74
1438,agg2024,62,140.38,4.21,136.16,2.59
1438,agg2025,75,140.38,4.21,136.16,3.21
1483,cdp2017,53,78.17,63.2,14.97,
1483,agg2021,37,98.0,83.03,14.97,7.08
1483,cdp2022,54,98.0,98.0,0.0,9.09
1483,agg2024,56,201.77,166.3,35.47,20.35
1483,agg2025,68,230.36,195.28,35.08,33.25
1524,cdp2017,71,26.87,26.87,0.0,
1524,agg2021,44,19.62,19.62,0.0,15.78
1524,cdp2022,66,19.62,19.62,0.0,16.16
1524,agg2024,53,19.63,19.63,0.0,19.01
1524,agg2025,62,19.63,19.63,0.0,19.02
1596,cdp2017,71,19.2,19.2,0.0,
1596,agg2021,44,19.2,19.2,0.0,18.66
1596,cdp2022,67,19.2,19.2,0.0,18.84
1604A,cdp2017,62,35.0,35.0,0.0,
1604A,agg2021,46,63.11,63.11,0.0,4.44
1604A,cdp2022,61,63.11,63.11,0.0,4.61
1604A,agg2024,50,70.11,70.11,0.0,13.21
1604A,agg2025,62,70.95,70.95,0.0,16.29
1604B,cdp2017,103,1040.0,5.11,1034.89,
1659,cdp2017,65,181.0,181.0,0.0,
1659,agg2021,47,0.0,0.0,0.0,
1669,cdp2017,99,200.0,0.39,199.61,
1669,agg2021,63,0.0,0.0,0.0,
1670,cdp2017,71,32.91,32.91,0.0,
1670,agg2021,44,32.91,32.91,0.0,22.22
1670,cdp2022,67,32.91,32.91,0.0,25.64
1670,agg2024,53,32.97,32.97,0.0,31.17
1670,agg2025,62,32.97,32.97,0.0,31.86
1674,cdp2017,49,200.0,200.0,0.0,
1674,agg2021,34,335.0,323.0,12.0,79.95
1674,cdp2022,51,365.0,365.0,0.0,83.95
1674,agg2024,55,695.8,374.0,321.8,97.81
1674,agg2025,65,874.57,365.0,509.57,119.65
1888,cdp2017,48,23.15,23.15,0.0,
1888,agg2021,33,23.15,23.15,0.0,21.62
1888,cdp2022,50,23.15,23.15,0.0,21.71
1912,cdp2017,60,3.37,3.37,0.0,
1912,agg2021,41,3.3,3.3,0.0,3.29
1912,cdp2022,58,0.0,0.0,0.0,
1940,cdp2017,83,185.9,52.9,133.0,
1940,agg2021,56,203.0,72.9,130.1,2.93
1940,cdp2022,72,203.0,127.9,75.1,5.04
1940,agg2024,59,340.0,128.65,211.36,14.92
1940,agg2025,71,340.48,180.13,160.35,23.55
A004,cdp2017,110,,,,
A004,cdp2017,173,,,,
A004,agg2021,68,,,,
A004,agg2021,123,,,,
A004,cdp2022,82,,,,
A004,cdp2022,135,,,,
A004,agg2024,68,,,,
A004,agg2024,110,,,,
A004,agg2025,82,,,,
A004,agg2025,127,,,,
A1001,cdp2017,32,0.0,0.0,0.0,
A1003,cdp2017,37,0.0,0.0,0.0,
A1004A,cdp2017,33,6000.0,292.28,5707.72,
A1004A,agg2021,23,6000.0,395.69,5604.31,113.08
A1004A,cdp2022,39,6000.0,390.99,5609.01,144.16
A1004A,agg2024,37,6000.33,413.22,5587.11,202.39
A1004A,agg2025,44,5945.28,360.23,5585.06,177.39
A1004B,cdp2017,33,8300.0,442.15,7857.849999999999,
A1004B,agg2021,23,10600.0,707.66,9892.34,276.54
A1004B,cdp2022,39,10600.0,862.66,9737.34,294.33
A1004B,agg2024,37,10603.63,916.3,9687.34,337.45
A1004B,agg2025,44,10604.67,936.48,9668.19,358.73
A1004C,cdp2017,33,960.0,325.13,634.87,
A1004C,agg2021,23,2615.82,826.17,1789.65,422.3
A1004C,cdp2022,39,0.0,0.0,0.0,
A1004D,cdp2017,33,300.0,120.0,180.0,
A1004D,agg2021,23,135.17,135.17,0.0,96.12
A1004D,cdp2022,39,133.17,133.17,0.0,106.03
A1004D,agg2024,37,114.62,114.62,0.0,108.19
A1004D,agg2025,44,32.4,32.39,0.0,28.36
A1004E,cdp2017,33,1741.56,1175.0,566.56,
A1004E,agg2021,23,3648.57,3648.57,0.0,2767.89
A1004E,cdp2022,39,3795.49,3795.49,0.0,3595.47
A1004E,agg2024,37,3804.44,3804.44,0.0,3727.12
A1004E,agg2025,44,914.72,914.72,0.0,880.61
A1004F,cdp2017,33,333.5,15.0,318.5,
A1004F,agg2021,23,333.5,58.0,275.5,11.88
A1004F,cdp2022,39,333.5,78.0,255.5,21.65
A1004F,agg2024,37,1395.27,187.03,1208.24,46.58
A1004F,agg2025,44,1395.27,163.35,1231.9099999999999,67.09
A1006,cdp2017,33,7857.75,1911.97,5945.77,
A1006,agg2021,23,7857.75,2286.11,5571.64,1664.28
A1006,cdp2022,39,7949.75,2547.12,5402.63,1759.87
A1006,agg2024,37,7922.37,2602.33,5320.05,1878.47
A1006,agg2025,44,7927.79,2698.98,5228.81,1970.09
A1007,cdp2017,39,370.0,370.0,0.0,
A1007,agg2021,27,0.0,0.0,0.0,
A1008,cdp2017,33,126.0,66.0,60.0,
A1008,agg2021,23,266.0,206.0,60.0,38.04
A1008,cdp2022,45,465.0,315.0,150.0,59.43
A1008,agg2024,41,245.0,221.8,23.2,65.83
A1008,agg2025,49,312.31,165.8,146.51,60.14
A1011,agg2021,23,0.0,0.0,0.0,
A1013A,cdp2017,33,2000.0,606.65,1393.35,
A1013A,agg2021,23,2000.0,1098.09,901.91,595.52
A1013A,cdp2022,39,2748.09,1208.09,1540.0,691.62
A1013A,agg2024,37,2749.64,1472.27,1277.37,921.02
A1013A,agg2025,44,2194.5,1235.79,958.71,560.94
A1013B,cdp2017,33,1000.0,149.5,850.5,
A1013B,agg2021,23,1000.0,296.9,703.1,79.04
A1013B,cdp2022,39,1031.9,293.0,738.9,99.41
A1013B,agg2024,37,1032.89,298.74,734.16,136.15
A1013B,agg2025,44,1033.06,311.17,721.9000000000001,167.05
A1014,agg2021,23,343.7,343.7,0.0,51.5
A1014,cdp2022,39,316.26,316.26,0.0,137.97
A1014,agg2024,37,312.83,312.83,0.0,237.37
A1014,agg2025,44,264.57,264.57,0.0,218.01
A1015,agg2021,24,300.0,53.0,247.0,0.0
A1015,cdp2022,41,339.54,53.0,286.53999999999996,0.0
A1015,agg2024,38,339.54,90.0,249.54,3.06
A1015,agg2025,45,1088.6,131.0,957.6,13.51
A1017,agg2025,44,300.0,40.74,259.26,0.0
A2001A,cdp2017,35,0.0,0.0,0.0,
A2001B,cdp2017,35,5502.48,1512.07,3990.41,
A2001B,agg2021,25,4244.45,2836.18,1408.27,1161.77
A2001B,cdp2022,40,8688.63,2884.09,5804.539999999999,1089.6
A2001B,agg2024,38,8609.53,3059.59,5549.9400000000005,1293.76
A2001B,agg2025,45,9055.39,3689.28,5366.110000000001,1713.98
A2004A,cdp2017,34,3000.19,2497.06,503.14,
A2004A,agg2021,24,1888.39,1547.48,340.91,1267.34
A2004A,cdp2022,40,2327.48,1547.48,780.0,1314.09
A2004A,agg2024,38,2222.19,1480.09,742.1,1278.71
A2004A,agg2025,45,2386.63,1296.42,1090.21,1073.79
A2004B,cdp2017,34,482.39,384.8,97.59,
A2004B,agg2021,24,480.87,405.28,75.59,312.47
A2004B,cdp2022,40,787.28,442.28,345.0,331.28
A2004B,agg2024,38,787.28,484.28,303.0,360.66
A2004B,agg2025,45,787.28,525.78,261.5,389.25
A2004C,cdp2017,34,1100.0,241.79,858.21,
A2004C,agg2021,24,1100.0,324.32,775.69,133.72
A2004C,cdp2022,40,2264.32,324.32,1940.0,157.85
A2004C,agg2024,38,2264.32,382.02,1882.3,214.74
A2004C,agg2025,45,2264.32,633.99,1630.3300000000002,286.09
A2004D,cdp2017,34,220.4,114.52,105.88,
A2004D,agg2021,24,225.45,110.95,114.5,58.42
A2004D,cdp2022,40,336.95,156.95,180.0,60.57
A2004D,agg2024,38,332.86,189.41,143.45,64.31
A2004D,agg2025,45,363.72,198.52,165.2,64.29
A2004E,cdp2017,34,170.0,170.0,0.0,
A2004E,agg2021,24,170.0,170.0,0.0,117.76
A2004E,cdp2022,40,170.0,170.0,0.0,124.38
A2004E,agg2024,38,170.0,170.0,0.0,131.4
A2004E,agg2025,45,170.0,170.0,0.0,133.31
A2004F,cdp2017,34,51.0,51.0,0.0,
A2004F,agg2021,24,51.8,51.8,0.0,1.09
A2004F,cdp2022,39,61.8,51.8,10.0,1.47
A2004F,agg2024,37,61.8,51.8,10.0,4.87
A2004F,agg2025,44,62.27,52.27,10.0,12.09
A2004G,cdp2017,34,142.0,52.0,90.0,
A2004G,agg2021,24,142.0,72.3,69.7,11.9
A2004G,cdp2022,40,162.3,72.3,90.0,13.88
A2004G,agg2024,38,162.3,63.3,99.0,21.03
A2004G,agg2025,45,162.3,62.64,99.66,26.55
A2005,cdp2017,35,895.38,515.38,380.0,
A2005,agg2021,25,706.68,599.72,106.96,454.95
A2005,cdp2022,40,3092.51,217.51,2875.0,4.2
A2005,agg2024,38,2096.21,267.51,1828.7,23.85
A2005,agg2025,45,2055.43,307.51,1747.92,86.37
A2008,cdp2017,35,533.55,178.55,355.0,
A2008,agg2021,25,516.89,258.01,258.88,112.36
A2008,cdp2022,40,589.41,274.41,315.0,124.28
A2008,agg2024,38,589.41,260.41,329.0,138.38
A2008,agg2025,45,589.41,260.41,329.0,147.51
A2009,cdp2017,35,337.66,167.66,170.0,
A2009,agg2021,25,337.66,210.66,127.0,132.76
A2009,cdp2022,40,460.66,225.66,235.0,144.13
A2009,agg2024,38,460.66,225.66,235.0,158.04
A2009,agg2025,45,821.52,455.43,366.08,370.1
A2010,cdp2017,35,637.76,223.76,414.0,
A2010,agg2021,25,531.26,270.63,260.63,138.92
A2010,cdp2022,40,599.33,299.48,299.85,162.41
A2010,agg2024,38,594.07,334.22,259.85,173.78
A2010,agg2025,45,1052.22,443.03,609.1800000000001,252.14
A2011,cdp2017,35,1079.57,278.98,800.59,
A2011,agg2021,25,12793.04,3729.65,9063.39,239.5
A2011,cdp2022,40,13049.31,3972.05,9077.26,571.51
A2011,agg2024,38,13251.44,3880.22,9371.21,1013.12
A2011,agg2025,46,12686.63,3869.24,8817.39,1212.2
A5000,cdp2017,73,0.0,0.0,0.0,
A5000_1,cdp2017,73,1612.06,1612.06,0.0,
A5000_1,agg2021,49,1612.06,1612.06,0.0,863.82
A5000_1,cdp2022,53,2735.0,2735.0,0.0,895.55
A5000_1,agg2024,45,2735.02,2735.02,0.0,1035.13
A5000_1,agg2025,55,2735.02,2735.02,0.0,1237.29
A5000_2,cdp2017,73,350.0,350.0,0.0,
A5000_2,agg2021,49,300.0,300.0,0.0,211.08
A5000_2,cdp2022,61,0.0,0.0,0.0,
A5000_3,cdp2017,73,503.79,503.79,0.0,
A5000_3,agg2021,49,503.79,503.79,0.0,473.76
A5000_3,cdp2022,54,0.0,0.0,0.0,
A5000_4,cdp2017,73,241.74,241.74,0.0,
A5000_4,agg2021,49,263.17,263.17,0.0,135.47
A5000_4,cdp2022,62,0.0,0.0,0.0,
A5000_5,cdp2017,73,2018.55,2018.55,0.0,
I003,cdp2017,48,50.0,50.0,0.0,
I008,cdp2017,57,77.0,77.0,0.0,
I008,agg2021,39,112.0,112.0,0.0,13.16
I008,cdp2022,56,164.0,112.0,52.0,19.55
I008,agg2024,57,172.73,125.73,47.0,35.24
I008,agg2025,69,173.21,126.21,47.0,43.03
I010,cdp2017,100,85.0,0.0,85.0,
I010,agg2021,63,0.0,0.0,0.0,
I024,cdp2017,87,76.53,0.0,76.53,
I024,agg2021,58,76.53,0.0,76.53,0.0
I024,cdp2022,75,76.53,0.0,76.53,0.0
I034,cdp2017,102,1200.0,0.0,1200.0,
I034,agg2021,64,0.0,0.0,0.0,
I045,cdp2017,89,750.0,0.0,750.0,
I045,agg2021,63,0.0,0.0,0.0,
I048,cdp2017,57,25.8,25.8,0.0,
I049,cdp2017,97,3905.0,0.0,3905.0,
I049,agg2021,62,0.0,0.0,0.0,
I064,cdp2017,79,173.0,3.6,169.4,
I064,agg2021,59,173.0,3.6,169.4,0.0
I064,cdp2022,76,0.0,0.0,0.0,
I071,cdp2017,64,350.0,350.0,0.0,
I071,agg2021,46,350.65,350.65,0.0,295.32
I071,cdp2022,62,350.65,350.65,0.0,312.28
I085,cdp2017,103,3.0,0.0,3.0,
I085,agg2021,60,3.0,0.0,3.0,0.0
I085,cdp2022,77,2500.0,0.0,2500.0,0.0
I085,agg2024,65,2500.0,0.0,2500.0,0.0
I085,agg2025,79,2500.0,0.0,2500.0,0.0
I086,cdp2017,77,200.0,0.0,200.0,
I086,agg2021,59,200.0,4.0,196.0,0.0
I086,cdp2022,69,200.0,4.0,196.0,0.0
I086,agg2024,62,0.0,0.0,0.0,
I095,cdp2017,74,50.0,1.0,49.0,
I095,agg2021,58,50.0,1.0,49.0,0.0
I095,cdp2022,75,50.0,1.0,49.0,0.0
I106,cdp2017,93,718.0,0.0,718.0,
I106,agg2021,54,0.0,0.0,0.0,
I107A,cdp2017,95,6000.0,6.0,5994.0,
I107A,agg2021,43,11235.0,11235.0,0.0,0.0
I107A,cdp2022,65,13045.0,11235.0,1810.0,13.88
I107A,agg2024,60,17486.69,12089.74,5396.95,79.03
I107A,agg2025,71,17486.68,12116.57,5370.12,296.43
I107B,cdp2017,106,12730.0,0.0,12730.0,
I107B,agg2021,60,12865.0,117.0,12748.0,11.67
I107B,cdp2022,77,12865.0,117.0,12748.0,11.74
I107B,agg2024,66,12865.0,11.74,12853.26,11.74
I107B,agg2025,79,12865.0,11.74,12853.26,11.74
I131,cdp2017,83,180.0,119.6,60.4,
I131,agg2021,56,180.0,9.6,170.4,1.3
I131,cdp2022,77,180.0,9.6,170.4,1.43
I131,agg2024,65,180.0,1.43,178.57,1.43
I131,agg2025,79,180.0,1.43,178.57,1.43
I133,agg2021,60,350.0,5.0,345.0,0.0
I133,cdp2022,73,350.0,5.0,345.0,0.0
I133,agg2024,65,0.0,0.0,0.0,
I135,cdp2017,109,,,,
I135,cdp2017,172,,,,
I135,agg2021,67,,,,
I135,agg2021,122,,,,
I135,cdp2022,82,,,,
I135,cdp2022,134,,,,
I135,agg2024,68,,,,
I135,agg2024,109,,,,
I135,agg2025,83,,,,
I135,agg2025,126,,,,
I137,cdp2017,79,110.0,8.0,102.0,
I137,agg2021,41,170.0,170.0,0.0,4.05
I137,cdp2022,58,170.0,170.0,0.0,4.64
I137,agg2024,48,209.46,209.46,0.0,15.25
I137,agg2025,58,217.71,217.71,0.0,28.43
I138A,cdp2017,79,75.0,10.0,65.0,
I138A,agg2021,53,300.0,10.0,290.0,0.07
I138A,cdp2022,70,300.0,10.0,290.0,0.67
I138A,agg2024,63,1226.5,16.0,1210.5,3.81
I138A,agg2025,76,1226.5,16.0,1210.5,3.84
I138B,cdp2017,91,1082.0,0.0,1082.0,
I138B,agg2021,63,1082.0,0.0,1082.0,0.0
I138B,cdp2022,78,1082.0,0.0,1082.0,0.0
I139,cdp2017,60,15.0,15.0,0.0,
I139,agg2021,41,15.0,15.0,0.0,5.19
I139,cdp2022,58,15.0,15.0,0.0,5.67
I139,agg2024,48,0.0,0.0,0.0,
I153,cdp2017,65,397.0,397.0,0.0,
I153,agg2021,48,0.0,0.0,0.0,
I162,cdp2017,49,144.0,144.0,0.0,
I162,agg2021,35,170.0,170.0,0.0,2.49
I162,cdp2022,52,170.0,170.0,0.0,2.72
I162,agg2024,44,221.0,215.8,5.2,8.25
I162,agg2025,50,237.0,233.3,3.7,28.87
I170,cdp2017,48,26.0,26.0,0.0,
I170,agg2021,50,180.0,145.0,35.0,0.88
I170,cdp2022,51,180.0,180.0,0.0,2.04
I170,agg2024,55,348.4,35.0,313.4,4.93
I170,agg2025,65,368.1,35.0,333.1,5.48
I172,cdp2017,74,150.0,50.0,100.0,
I172,agg2021,32,200.0,190.0,10.0,2.77
I172,cdp2022,48,200.0,200.0,0.0,5.11
I172,agg2024,42,251.23,251.23,0.0,10.42
I172,agg2025,50,251.23,251.23,0.0,44.25
I173,cdp2017,48,230.0,230.0,0.0,
I173,agg2021,34,225.0,225.0,0.0,79.9
I173,cdp2022,50,218.0,218.0,0.0,93.72
I173,agg2024,43,229.32,218.32,11.0,126.0
I173,agg2025,50,211.68,207.68,4.0,128.71
I174,cdp2017,49,22.0,22.0,0.0,
I174,agg2021,34,23.0,23.0,0.0,0.35
I174,cdp2022,51,28.5,23.0,5.5,0.69
I174,agg2024,44,34.12,34.12,0.0,0.72
I174,agg2025,51,34.12,34.12,0.0,1.27
I175,cdp2017,75,80.0,2.4,77.6,
I175,agg2021,57,50.0,50.0,0.0,0.0
I175,cdp2022,73,130.0,130.0,0.0,0.74
I175,agg2024,60,149.05,149.05,0.0,2.98
I175,agg2025,71,149.05,149.05,0.0,6.78
I177,agg2021,34,235.0,160.0,75.0,2.38
I177,cdp2022,50,247.0,247.0,0.0,3.13
I177,agg2024,43,314.75,309.87,4.88,14.07
I177,agg2025,51,314.75,314.75,0.0,24.24
I178A,cdp2017,45,340.0,340.0,0.0,
I178A,agg2021,31,515.0,515.0,0.0,9.28
I178A,cdp2022,47,615.0,615.0,0.0,9.3
I178A,agg2024,42,838.87,838.87,0.0,31.58
I178A,agg2025,51,965.17,885.87,79.3,107.78
I178B,cdp2017,87,560.0,0.0,560.0,
I178B,agg2021,50,805.0,0.0,805.0,5.91
I178B,cdp2022,68,705.0,0.0,705.0,5.91
I178B,agg2024,61,1310.92,0.0,1310.92,0.0
I178B,agg2025,74,1310.92,0.0,1310.92,0.0
I179A,cdp2017,84,91.0,1.82,89.18,
I179B,cdp2017,93,101.6,0.0,101.6,
I181,cdp2017,76,160.0,3.2,156.8,
I181,agg2021,51,160.0,3.2,156.8,0.0
I181,cdp2022,75,160.0,3.2,156.8,0.0
I181,agg2024,62,0.0,0.0,0.0,
I182,cdp2017,74,250.0,10.0,240.0,
I182,agg2021,58,250.0,10.0,240.0,0.0
I182,cdp2022,75,250.0,10.0,240.0,0.0
I182,agg2024,54,450.0,40.0,410.0,0.0
I182,agg2025,66,781.53,40.0,741.53,0.76
I183,cdp2017,74,148.0,0.0,148.0,
I183,agg2021,50,260.0,48.0,212.0,0.0
I183,cdp2022,48,261.0,261.0,0.0,0.0
I183,agg2024,54,831.87,11.1,820.77,1.3
I183,agg2025,66,831.87,11.1,820.77,2.41
I184,cdp2017,74,20.0,0.0,20.0,
I184,agg2021,32,40.0,40.0,0.0,0.01
I184,cdp2022,48,40.0,40.0,0.0,0.02
I184,agg2024,42,48.0,48.0,0.0,0.62
I184,agg2025,51,48.06,48.06,0.0,1.41
I185,cdp2017,77,200.0,0.0,200.0,
I185,agg2021,63,0.0,0.0,0.0,
I191,cdp2017,69,40.0,40.0,0.0,
I191,agg2021,54,0.0,0.0,0.0,
NA006,cdp2017,44,250.01,0.01,250.0,
NA006,agg2021,30,0.0,0.0,0.0,0.0
NA011,cdp2017,44,0.0,0.0,0.0,
NA023,cdp2017,63,0.0,0.0,0.0,
NA026,cdp2017,96,60.45,21.45,39.0,
NA026,agg2021,61,871.03,641.99,229.03,11.0
NA026,cdp2022,45,1419.66,919.66,500.0,14.07
NA026,agg2024,41,1929.86,1096.93,832.93,25.11
NA026,agg2025,49,3169.83,700.82,2469.01,33.83
NA036,cdp2017,44,145.18,145.18,0.0,
NA036,agg2021,30,0.0,0.0,0.0,
P014,cdp2017,51,0.0,0.0,0.0,
P053,cdp2017,38,1610.04,722.56,887.48,
P053,agg2021,28,1653.35,893.79,759.56,510.78
P053,cdp2022,43,1541.64,729.48,812.16,505.2
P053,agg2024,40,1448.17,822.78,625.39,606.34
P053,agg2025,48,1307.75,610.36,697.39,486.68
P054,cdp2017,38,1267.11,621.61,645.5,
P054,agg2021,27,1251.51,802.07,449.44,230.57
P054,cdp2022,43,1216.82,803.82,413.0,211.04
P054,agg2024,40,1174.16,796.87,377.28999999999996,283.38
P054,agg2025,48,1150.51,801.3,349.22,305.41
P055_A,cdp2017,39,1676.63,696.39,980.24,
P055_A,agg2021,27,3046.9,1743.7,1303.2,648.46
P055_A,cdp2022,41,6830.72,2746.71,4084.0199999999995,1202.42
P055_A,agg2024,39,6831.03,2601.58,4229.45,1503.29
P055_A,agg2025,46,6629.05,2573.7,4055.36,1650.73
P055_B,cdp2017,39,0.0,0.0,0.0,
P056,cdp2017,41,534.22,519.22,15.0,
P056,agg2021,29,0.0,0.0,0.0,
P057A,cdp2017,41,103.63,103.63,0.0,
P057A,agg2021,29,0.0,0.0,0.0,
P057B,cdp2017,42,101.04,101.04,0.0,
P057B,agg2021,30,0.0,0.0,0.0,
P058A,cdp2017,42,424.98,399.98,25.0,
P058A,agg2021,30,0.0,0.0,0.0,
P058B,cdp2017,43,190.5,180.5,10.0,
P058B,agg2021,30,0.0,0.0,0.0,
P060,cdp2017,40,825.94,215.94,610.0,
P060,agg2021,28,643.01,356.73,286.28,59.52
P060,cdp2022,44,1205.19,403.19,802.0,76.57
P060,agg2024,41,1602.94,545.64,1057.3,107.12
P060,agg2025,49,1588.15,492.55,1095.6,141.04
P063,cdp2017,41,0.0,0.0,0.0,
P067,cdp2017,62,35.0,35.0,0.0,
P067,agg2021,46,31.67,31.67,0.0,31.65
P067,cdp2022,61,0.0,0.0,0.0,
P069,cdp2017,42,0.0,0.0,0.0,
P071,cdp2017,42,0.0,0.0,0.0,
P072,cdp2017,43,429.62,429.62,0.0,
P072,agg2021,29,534.62,534.62,0.0,323.67
P072,cdp2022,45,499.89,499.89,0.0,295.49
P073,cdp2017,43,60.0,60.0,0.0,
P073,agg2021,29,80.0,80.0,0.0,32.38
P073,cdp2022,45,80.0,80.0,0.0,32.37
P073,agg2024,41,80.0,44.9,35.1,32.56
P073,agg2025,49,80.0,44.9,35.1,32.82
P074,cdp2017,49,48.0,48.0,0.0,
P074,agg2021,26,53.0,53.0,0.0,19.96
P074,cdp2022,42,53.0,53.0,0.0,26.96
P074,agg2024,39,53.0,53.0,0.0,41.58
P074,agg2025,47,53.0,53.0,0.0,45.66
P075,cdp2017,38,341.1,127.9,213.2,
P075,agg2021,28,341.1,176.64,164.46,98.15
P075,cdp2022,43,233.64,141.64,92.0,75.44
P075,agg2024,40,230.73,130.73,100.0,72.12
P075,agg2025,48,230.73,130.73,100.0,72.49
P076,cdp2017,38,437.0,203.4,233.6,
P076,agg2021,28,303.0,254.4,48.6,81.63
P076,cdp2022,43,483.51,254.4,229.11,118.04
P076,agg2024,40,478.72,408.72,70.0,191.37
P076,agg2025,48,438.88,379.56,59.31,175.81
P078,cdp2017,45,8.8,8.8,0.0,
P078,agg2021,31,8.8,8.8,0.0,8.7
P078,cdp2022,47,0.0,0.0,0.0,
P080,cdp2017,38,564.5,107.43,457.07,
P080,agg2021,27,523.5,178.73,344.77,22.94
P080,cdp2022,43,435.99,153.73,282.26,46.68
P080,agg2024,40,251.0,161.0,90.0,72.16
P080,agg2025,48,252.43,162.1,90.33000000000001,84.57
P083,cdp2017,71,100.0,100.0,0.0,
P083,agg2021,45,100.0,100.0,0.0,27.08
P083,cdp2022,67,100.0,100.0,0.0,43.44
P083,agg2024,53,101.33,101.33,0.0,75.1
P083,agg2025,62,110.05,110.05,0.0,89.28
P085,cdp2017,65,0.0,0.0,0.0,
P087,cdp2017,48,51.0,51.0,0.0,
P087,agg2021,33,51.0,51.0,0.0,13.69
P087,cdp2022,49,51.0,51.0,0.0,14.08
P087A,agg2024,51,12.0,12.0,0.0,5.46
P087A,agg2025,63,12.71,12.71,0.0,12.4
P087B,agg2024,47,25.0,25.0,0.0,0.0
P087B,agg2025,69,246.5,25.0,221.5,1.06
P090,cdp2017,63,200.0,200.0,0.0,
P090,agg2021,46,250.0,200.0,50.0,115.74
P090,cdp2022,61,0.0,0.0,0.0,
P094,cdp2017,42,0.0,0.0,0.0,
P101,cdp2017,47,177.0,177.0,0.0,
P101,agg2021,32,267.0,267.0,0.0,4.42
P101,cdp2022,49,267.0,267.0,0.0,12.01
P101,agg2024,43,348.71,348.71,0.0,21.21
P101,agg2025,51,353.71,353.71,0.0,28.45
P106,cdp2017,104,844.63,0.0,844.63,
P106,agg2021,65,844.63,0.0,844.63,0.0
P106,cdp2022,79,0.0,0.0,0.0,
P111,cdp2017,55,7.0,7.0,0.0,
P111,agg2021,36,7.0,7.0,0.0,0.5
P111,cdp2022,65,7.0,7.0,0.0,0.56
P111,agg2024,52,7.0,7.0,0.0,1.47
P111,agg2025,63,0.0,0.0,0.0,0.0
P112,cdp2017,38,274.4,58.4,216.0,
P112,agg2021,28,274.4,90.03,184.37,26.27
P112,cdp2022,43,228.21,83.72,144.49,44.61
P112,agg2024,40,224.3,121.1,103.2,71.84
P112,agg2025,48,195.04,132.17,62.88,84.84
P120,cdp2017,41,199.4,66.05,133.35000000000002,
P120,agg2021,29,0.0,0.0,0.0,
P121,cdp2017,37,0.0,0.0,0.0,
P123,cdp2017,45,36.0,36.0,0.0,
P123,agg2021,31,36.14,36.14,0.0,0.02
P123,cdp2022,47,146.14,146.14,0.0,1.15
P123,agg2024,42,171.99,171.99,0.0,8.31
P123,agg2025,51,171.86,171.85,0.02,25.57
P124,cdp2017,45,15.0,15.0,0.0,
P124,agg2021,31,0.0,0.0,0.0,
P125,cdp2017,46,30.0,30.0,0.0,
P125,agg2021,32,230.0,230.0,0.0,82.2
P125,cdp2022,48,200.0,200.0,0.0,77.86
P125,agg2024,42,200.0,200.0,0.0,140.55
P125,agg2025,51,200.0,200.0,0.0,176.88
P126,cdp2017,43,60.0,50.0,10.0,
P126,agg2021,42,70.0,65.0,5.0,11.83
P126,cdp2022,65,70.0,70.0,0.0,14.95
P126,agg2024,52,90.0,70.0,20.0,29.93
P126,agg2025,63,128.26,128.26,0.0,55.79
P128,cdp2017,46,60.0,60.0,0.0,
P128,agg2021,32,60.0,60.0,0.0,0.01
P128,cdp2022,48,60.0,60.0,0.0,3.63
P128,agg2024,42,60.0,60.0,0.0,5.92
P128,agg2025,52,60.0,60.0,0.0,17.0
P129,cdp2017,60,69.6,69.6,0.0,
P129,agg2021,41,69.6,69.6,0.0,2.96
P129,cdp2022,58,69.6,69.6,0.0,4.65
P129,agg2024,48,98.6,98.6,0.0,11.2
P129,agg2025,58,101.1,101.1,0.0,43.1
P131,cdp2017,81,165.0,65.0,100.0,
P131,agg2021,29,165.0,65.0,100.0,34.23
P131,cdp2022,72,175.0,75.0,100.0,40.87
P131,agg2024,58,175.0,75.0,100.0,51.03
P131,agg2025,72,207.23,75.53,131.7,56.66
P133,cdp2017,61,156.0,100.0,56.0,
P133,agg2021,29,156.0,156.0,0.0,18.08
P133,cdp2022,60,156.0,156.0,0.0,31.68
P133,agg2024,49,244.41,214.0,30.41,61.81
P133,agg2025,63,244.41,244.41,0.0,69.53
P134,cdp2017,38,710.12,133.32,576.8,
P134,agg2021,28,650.92,241.54,409.38,76.55
P134,cdp2022,43,679.54,264.54,415.0,82.89
P134,agg2024,40,539.25,327.15,212.1,198.62
P134,agg2025,48,537.84,341.35,196.48999999999998,209.45
P135,cdp2017,39,220.01,23.21,196.8,
P135,agg2021,27,219.1,25.7,193.4,22.76
P135,cdp2022,44,132.2,17.2,115.0,16.57
P135,agg2024,40,19.5,19.5,0.0,18.79
P135,agg2025,48,19.5,19.5,0.0,18.78
P136,cdp2017,46,55.0,55.0,0.0,
P136,agg2021,32,112.0,85.0,27.0,1.52
P136,cdp2022,48,112.0,112.0,0.0,2.66
P136,agg2024,42,138.5,138.5,0.0,3.13
P136,agg2025,52,138.5,138.5,0.0,10.53
P137,cdp2017,37,0.0,0.0,0.0,
P138,cdp2017,37,0.0,0.0,0.0,
P140,cdp2017,70,100.0,100.0,0.0,
P140,agg2021,29,100.0,100.0,0.0,82.54
P140,cdp2022,45,100.0,100.0,0.0,80.82
P140,agg2024,41,100.0,100.0,0.0,83.89
P140,agg2025,49,100.0,100.0,0.0,85.82
P141,cdp2017,48,30.0,30.0,0.0,
P141,agg2021,33,140.0,140.0,0.0,16.99
P141,cdp2022,50,140.0,140.0,0.0,41.6
P141,agg2024,43,0.0,0.0,0.0,
P142,agg2021,39,77.1,77.1,0.0,6.21
P142,cdp2022,56,77.1,77.1,0.0,11.21
P142,agg2024,57,137.9,86.4,51.5,12.42
P142,agg2025,69,137.9,86.4,51.5,12.6
P142A,cdp2017,57,20.0,20.0,0.0,
P142B,cdp2017,90,50.0,0.0,50.0,
P145,cdp2017,47,0.0,0.0,0.0,
P146,cdp2017,84,140.0,1.0,139.0,
P146,agg2021,56,140.0,6.0,134.0,0.0
P146,cdp2022,77,140.0,6.0,134.0,0.0
P146,agg2024,65,0.0,0.0,0.0,
P147,cdp2017,75,110.0,40.0,70.0,
P147,agg2021,33,110.0,110.0,0.0,33.0
P147,cdp2022,49,110.0,110.0,0.0,36.44
P147,agg2024,43,160.0,160.0,0.0,58.12
P147,agg2025,52,160.15,160.15,0.0,96.83
P173,cdp2017,58,22.0,22.0,0.0,
P173,agg2021,40,22.0,22.0,0.0,7.41
P173,cdp2022,56,22.0,22.0,0.0,9.93
P173,agg2024,47,21.1,21.1,0.0,16.99
P173,agg2025,56,21.1,21.1,0.0,18.09
P174,cdp2017,58,35.0,35.0,0.0,
P174,agg2021,52,155.0,155.0,0.0,0.0
P174,cdp2022,57,155.0,155.0,0.0,0.0
P174,agg2024,62,245.0,4.0,241.0,0.21
P174,agg2025,75,245.0,4.0,241.0,0.81
P175,cdp2017,58,13.0,13.0,0.0,
P175,agg2021,39,13.0,13.0,0.0,6.07
P175,cdp2022,56,63.0,63.0,0.0,8.31
P175,agg2024,47,72.25,72.25,0.0,9.46
P175,agg2025,56,72.25,72.25,0.0,10.01
P176,cdp2017,58,9.5,9.5,0.0,
P176,agg2021,40,0.0,0.0,0.0,
P178,cdp2017,58,25.0,25.0,0.0,
P178,agg2021,40,67.0,67.0,0.0,1.3
P178,cdp2022,57,67.0,67.0,0.0,1.35
P178,agg2024,47,87.46,87.46,0.0,2.38
P178,agg2025,56,87.46,87.46,0.0,2.97
P188,cdp2017,87,200.0,4.0,196.0,
P188,agg2021,58,200.0,4.0,196.0,0.0
P188,cdp2022,75,200.0,4.0,196.0,0.0
P188,agg2024,61,200.0,4.0,196.0,0.85
P188,agg2025,74,200.0,4.0,196.0,0.94
P192,cdp2017,38,153.8,23.8,130.0,
P192,agg2021,28,143.05,18.05,125.0,15.95
P192,cdp2022,43,110.05,18.05,92.0,17.25
P192,agg2024,40,55.55,20.55,35.0,18.23
P192,agg2025,48,20.55,20.55,0.0,20.15
P193,cdp2017,38,207.4,4.3,203.1,
P193,agg2021,28,207.4,4.3,203.1,0.0
P193,cdp2022,43,119.3,4.3,115.0,0.0
P193,agg2024,40,121.5,91.5,30.0,54.25
P193,agg2025,48,121.5,91.5,30.0,62.53
P194,cdp2017,38,91.3,5.3,86.0,
P194,agg2021,27,68.3,15.6,52.7,4.25
P194,cdp2022,43,81.19,24.46,56.730000000000004,8.08
P194,agg2024,40,132.87,128.57,4.3,16.78
P194,agg2025,48,10.48,10.48,0.0,3.87
P196,cdp2017,39,138.02,2.32,135.7,
P196,agg2021,27,138.02,2.32,135.7,2.21
P196,cdp2022,44,117.32,2.32,115.0,2.29
P196,agg2024,40,0.0,0.0,0.0,
P197,cdp2017,39,68.2,1.5,66.7,
P197,agg2021,27,68.2,1.5,66.7,0.0
P197,cdp2022,44,47.5,1.5,46.0,0.0
P197,agg2024,40,0.01,0.0,0.01,0.0
P197,agg2025,48,0.0,0.0,0.0,0.0
P198,cdp2017,37,1294.76,119.76,1175.0,
P198,agg2021,26,1130.46,509.45,621.01,54.5
P198,cdp2022,42,1572.45,668.21,904.23,129.73
P198,agg2024,39,1467.1,795.23,671.88,295.65
P198,agg2025,47,1443.98,759.71,684.27,361.0
P199,cdp2017,37,956.7,145.7,811.0,
P199,agg2021,26,756.7,260.62,496.08,96.42
P199,cdp2022,42,1401.31,399.61,1001.7,145.09
P199,agg2024,39,1153.94,374.99,778.95,171.13
P199,agg2025,47,1145.7,362.16,783.53,200.66
P200,cdp2017,37,1028.45,159.45,869.0,
P200,agg2021,26,1026.03,247.5,778.53,91.85
P200,cdp2022,42,1101.31,301.31,800.0,103.04
P200,agg2024,39,994.01,280.12,713.89,106.99
P200,agg2025,47,969.56,363.51,606.05,108.43
P201,cdp2017,37,1766.98,328.98,1438.0,
P201,agg2021,26,650.03,594.6,55.43,275.27
P201,cdp2022,42,1504.48,702.12,802.36,238.1
P201,agg2024,39,1593.28,660.98,932.3,392.49
P201,agg2025,47,1631.94,633.67,998.27,405.81
P206,cdp2017,43,275.73,42.81,232.92000000000002,
P206,agg2021,30,0.0,0.0,0.0,
P210A,cdp2017,75,441.5,16.5,425.0,
P210A,agg2021,58,441.5,61.5,380.0,0.01
P210A,cdp2022,49,182.0,121.5,60.5,0.09
P210A,agg2024,54,204.0,64.2,139.8,0.95
P210A,agg2025,66,236.98,64.53,172.45,2.44
P210B,cdp2017,88,558.5,0.0,558.5,
P210B,agg2021,62,558.5,0.0,558.5,0.0
P210B,cdp2022,78,818.0,0.0,818.0,0.0
P211,cdp2017,54,33.0,33.0,0.0,
P211,agg2021,38,33.0,33.0,0.0,0.39
P211,cdp2022,50,40.0,40.0,0.0,1.19
P211,agg2024,43,40.0,40.0,0.0,1.22
P211,agg2025,52,40.0,40.0,0.0,2.62
P212,cdp2017,54,0.92,0.92,0.0,
P212,agg2021,52,60.0,1.8,58.2,0.0
P212,cdp2022,70,60.0,1.8,58.2,0.0
P212,agg2024,62,0.0,0.0,0.0,
P213,cdp2017,39,138.02,2.32,135.7,
P213,agg2021,27,138.02,7.47,130.55,0.0
P213,cdp2022,43,53.47,7.47,46.0,0.0
P213,agg2024,40,0.0,0.0,0.0,0.0
P214,cdp2017,36,234.71,54.71,180.0,
P214,agg2021,25,355.41,355.41,0.0,65.85
P214,cdp2022,41,495.41,355.41,140.0,83.35
P214,agg2024,39,480.61,340.61,140.0,202.81
P214,agg2025,46,468.65,316.26,152.38,247.97
P215,cdp2017,80,200.0,0.0,200.0,
P215,agg2021,54,200.0,81.0,119.0,1.5
P215,cdp2022,71,200.0,89.0,111.0,1.66
P215,agg2024,58,241.59,111.74,129.85,5.05
P215,agg2025,72,249.7,129.9,119.8,6.72
P216,cdp2017,76,95.5,45.5,50.0,
P216,agg2021,36,159.0,159.0,0.0,0.85
P216,cdp2022,53,159.0,159.0,0.0,2.65
P216,agg2024,45,183.18,183.18,0.0,6.59
P216,agg2025,55,185.62,183.97,1.65,23.15
P217,cdp2017,76,70.0,2.5,67.5,
P217,agg2021,36,80.0,80.0,0.0,1.52
P217,cdp2022,53,100.0,100.0,0.0,1.52
P217,agg2024,45,116.11,116.11,0.0,3.08
P217,agg2025,55,116.11,116.11,0.0,3.89
P218,cdp2017,39,200.0,20.0,180.0,
P218,agg2021,27,1750.0,134.2,1615.8,2.13
P218,cdp2022,41,0.0,0.0,0.0,
P220,cdp2017,57,2.5,2.5,0.0,
P220,agg2021,52,337.0,33.82,303.18,1.99
P220,cdp2022,70,488.0,338.0,150.0,2.35
P220,agg2024,57,762.0,39.1,722.9,8.24
P220,agg2025,69,766.93,44.03,722.9,15.07
P221,cdp2017,41,1035.6,112.0,923.5999999999999,
P221,agg2021,29,1573.36,1004.96,568.4,492.52
P221,cdp2022,45,1764.33,1014.33,750.0,559.65
P221,agg2024,41,2006.22,1204.82,801.4,623.78
P221,agg2025,49,2026.85,1223.86,802.99,696.81
P222,cdp2017,41,1259.66,840.84,418.82000000000005,
P222,agg2021,29,1851.06,1354.67,496.39,902.21
P222,cdp2022,45,2097.28,1488.51,608.77,956.46
P222,agg2024,41,2774.79,1432.2,1342.59,1030.48
P222,agg2025,49,2741.4,1372.34,1369.06,1042.96
P223,cdp2017,42,433.1,195.0,238.10000000000002,
P223,agg2021,30,470.14,376.89,93.25,90.46
P223,cdp2022,45,676.89,406.89,270.0,95.05
P223,agg2024,41,3393.12,1584.5,1808.63,645.14
P223,agg2025,49,3396.5,1552.87,1843.63,764.06
P224,cdp2017,42,2277.15,694.47,1582.6599999999999,
P224,agg2021,30,2741.61,1935.07,806.54,623.36
P224,cdp2022,45,4192.12,1788.81,2403.3,760.88
P224,agg2024,41,4201.96,2047.66,2154.3,957.18
P224,agg2025,49,4185.54,1972.44,2213.1,1065.77
P225,cdp2017,43,510.82,108.16,402.67999999999995,
P225,agg2021,30,898.57,765.41,133.16,227.65
P225,cdp2022,45,2443.41,808.1,1635.31,289.14
P225,agg2024,41,0.0,0.0,0.0,
P227,agg2021,41,112.0,112.0,0.0,2.21
P227,cdp2022,58,112.0,112.0,0.0,2.87
P227,agg2024,48,153.0,153.0,0.0,3.51
P227,agg2025,58,161.0,161.0,0.0,6.5
P230,agg2021,34,40.0,40.0,0.0,0.11
P230,cdp2022,51,40.0,40.0,0.0,1.73
P230,agg2024,55,94.6,48.04,46.56,1.84
P230,agg2025,66,99.23,48.04,51.19,2.66
P232,agg2021,35,265.0,265.0,0.0,2.6
P232,cdp2022,52,265.0,265.0,0.0,3.21
P232,agg2024,55,348.7,290.42,58.28,4.62
P232,agg2025,66,397.2,290.51,106.69,11.83
P233,agg2021,51,5.0,5.0,0.0,0.0
P233,cdp2022,68,90.0,90.0,0.0,0.0
P233,agg2024,54,350.0,90.0,260.0,0.73
P233,agg2025,66,674.0,90.0,584.0,0.74
P234,agg2021,45,7461.53,7461.53,0.0,3154.17
P234,cdp2022,60,7761.53,7461.53,300.0,3757.69
P234,agg2024,49,10609.04,9956.89,652.15,4931.67
P234,agg2025,63,10623.31,9970.24,653.06,6676.25
P235,agg2021,37,100.0,100.0,0.0,0.92
P235,cdp2022,55,100.0,100.0,0.0,2.22
P235,agg2024,46,141.8,127.02,14.78,3.73
P235,agg2025,55,141.8,127.02,14.78,5.57
P236,agg2021,35,85.0,85.0,0.0,0.76
P236,cdp2022,52,85.0,85.0,0.0,0.81
P236,agg2024,44,102.25,102.25,0.0,1.54
P236,agg2025,52,102.25,102.25,0.0,12.19
P237,agg2021,27,750.0,376.0,374.0,0.0
P237,cdp2022,41,1312.0,583.0,729.0,0.0
P237,agg2024,39,1408.6,738.71,669.89,20.86
P237,agg2025,46,1663.83,751.44,912.4,82.61
P238,agg2021,54,1835.0,418.74,1416.26,0.0
P238A,cdp2022,65,418.74,418.74,0.0,1.95
P238A,agg2024,52,396.35,396.35,0.0,9.51
P238A,agg2025,63,416.35,416.09,0.26,37.28
P238B,cdp2022,74,1416.26,0.0,1416.26,0.0
P238B,agg2024,66,1320.06,0.0,1320.06,0.0
P238B,agg2025,79,1320.06,0.0,1320.06,0.0
P239,agg2021,48,36.0,36.0,0.0,0.0
P239,cdp2022,64,36.0,36.0,0.0,0.0
P239,agg2024,51,36.0,36.0,0.0,1.67
P239,agg2025,63,36.0,36.0,0.0,2.7
P240A,agg2021,57,720.0,620.17,99.83,0.0
P240A,cdp2022,74,1475.0,1010.17,464.83,3.94
P240A,agg2024,60,2290.6,964.32,1326.28,16.92
P240A,agg2025,72,2324.3,964.32,1359.98,42.03
P240B,agg2021,61,5230.0,0.0,5230.0,0.0
P240B,cdp2022,77,5230.0,10.0,5220.0,0.0
P240B,agg2024,66,5230.0,3.86,5226.14,0.0
P240B,agg2025,79,12753.0,3.86,12749.14,0.0
P245,agg2021,47,918.0,918.0,0.0,133.16
P245,cdp2022,63,1049.0,869.0,180.0,146.81
P245,agg2024,59,1407.64,941.77,465.87,234.46
P245,agg2025,72,1325.97,1074.19,251.78,263.81
P246,agg2021,34,150.0,150.0,0.0,0.0
P246,cdp2022,50,150.0,150.0,0.0,0.0
P246,agg2024,43,293.34,293.34,0.0,137.03
P246,agg2025,52,393.62,393.62,0.0,209.49
P247,agg2021,35,100.0,100.0,0.0,0.0
P247,cdp2022,51,100.0,100.0,0.0,0.0
P247,agg2024,55,100.0,40.0,60.0,24.62
P247,agg2025,66,103.0,103.0,0.0,47.68
P248,agg2021,50,230.0,130.0,100.0,0.0
P248,cdp2022,52,230.0,210.0,20.0,0.02
P248,agg2024,55,992.0,210.0,782.0,2.62
P248,agg2025,66,949.0,137.0,812.0,3.75
P249,agg2021,41,170.0,170.0,0.0,0.0
P249,cdp2022,58,183.0,183.0,0.0,0.02
P249,agg2024,48,278.04,226.23,51.81,8.42
P249,agg2025,58,231.04,230.08,0.9600000000000001,12.61
P250,agg2021,41,40.0,40.0,0.0,0.0
P250,cdp2022,58,40.0,40.0,0.0,0.01
P250,agg2024,48,47.78,47.78,0.0,0.5
P250,agg2025,58,47.78,47.78,0.0,5.66
P251,agg2024,48,104.57,104.57,0.0,0.0
P251,agg2025,56,104.57,104.57,0.0,2.66
P252,agg2021,40,36.0,36.0,0.0,0.16
P252,cdp2022,56,78.0,78.0,0.0,2.1
P252,agg2024,47,96.27,96.27,0.0,3.9
P252,agg2025,56,96.27,96.27,0.0,7.35
P253,agg2021,35,60.0,60.0,0.0,0.0
P253,cdp2022,51,60.0,60.0,0.0,0.0
P253,agg2024,44,175.71,175.71,0.0,3.17
P253,agg2025,52,175.71,175.71,0.0,5.29
P254,agg2021,45,104.24,104.24,0.0,0.0
P254,cdp2022,67,108.8,108.8,0.0,0.0
P254A,agg2024,53,106.6,106.6,0.0,7.4
P254A,agg2025,64,106.6,106.6,0.0,28.4
P254B,agg2024,44,13.0,13.0,0.0,0.77
P254B,agg2025,53,13.0,13.0,0.0,4.62
P255,agg2021,51,135.0,61.0,74.0,0.0
P255,cdp2022,69,135.0,61.0,74.0,0.0
P255,agg2024,62,135.0,47.1,87.9,0.57
P255,agg2025,75,135.0,47.1,87.89999999999999,0.57
P256,agg2021,39,78.0,78.0,0.0,0.42
P256,cdp2022,56,78.0,78.0,0.0,0.54
P256,agg2024,47,82.19,82.19,0.0,1.83
P256,agg2025,57,82.19,82.19,0.0,2.26
P257,agg2021,31,110.0,110.0,0.0,0.0
P257,cdp2022,47,0.0,0.0,0.0,
P258,agg2021,40,60.0,60.0,0.0,0.0
P258,cdp2022,57,60.0,60.0,0.0,0.0
P258,agg2024,47,85.0,85.0,0.0,9.05
P258,agg2025,57,85.0,85.0,0.0,19.54
P259,agg2021,34,40.11,40.11,0.0,0.0
P259,cdp2022,51,40.11,40.11,0.0,0.0
P259,agg2024,44,40.11,30.11,10.0,24.1
P259,agg2025,53,30.11,30.11,0.0,28.46
P260,cdp2022,69,255.0,229.0,26.0,7.67
P260,agg2024,56,376.44,50.2,326.24,22.25
P260,agg2025,68,376.44,50.2,326.24,23.9
P261,cdp2022,61,515.0,509.0,6.0,155.73
P261,agg2024,50,565.34,526.64,38.7,279.71
P261,agg2025,64,565.34,526.64,38.7,387.3
P262,cdp2022,62,8700.0,5000.0,3700.0,0.0
P262A,agg2024,59,6074.52,5127.78,946.74,139.83
P262A,agg2025,72,6074.52,4533.08,1541.44,167.21
P262B,agg2024,65,4050.0,0.0,4050.0,0.0
P262B,agg2025,80,4050.0,4.0,4046.0,0.0
P264,cdp2022,41,21.15,11.15,10.0,0.35
P264,agg2024,39,21.15,11.15,10.0,0.5
P264,agg2025,46,70.75,26.15,44.6,5.94
P265,cdp2022,46,2000.0,0.0,2000.0,0.0
P265,agg2024,39,2000.0,0.0,2000.0,0.0
P265,agg2025,47,2000.0,0.0,2000.0,0.0
P270,agg2024,60,1100.0,10.0,1090.0,0.0
P270,agg2025,73,1766.0,40.0,1726.0,2.26
P271,agg2025,46,900.0,0.0,900.0,0.0
