cup,descrizione,allegato,fonte,atto_integrativo,riferimento_normativo,cdps_2016_2021,cdps_2022_2026,totale_riga,sede_doit_nominata,regioni_nominate,edizione,pagina
J27H22000010001,CdP-S Infratruttura Fisica DOIT Reggio Calabria - anno 2022,Allegato 4c,Fondo per la prosecuzione delle opere pubbliche,secondo,Decreto MIT n. 97 del 31 maggio 2023,0.0,0.63,0.63,Reggio Calabria,,CdP-S 2022-2026 - quarto atto integrativo (agg. 2026),17
J97H22000030001,CdP-S Infratruttura Fisica DOIT Napoli - anno 2022,Allegato 4c,Fondo per la prosecuzione delle opere pubbliche,secondo,Decreto MIT n. 97 del 31 maggio 2023,0.0,0.03,0.03,Napoli,,CdP-S 2022-2026 - quarto atto integrativo (agg. 2026),17
J47H22000030001,CdP-S Infratruttura Fisica DOIT Bologna - anno 2022,Allegato 4c,Fondo per la prosecuzione delle opere pubbliche,secondo,Decreto MIT n. 97 del 31 maggio 2023,0.0,0.09,0.09,Bologna,,CdP-S 2022-2026 - quarto atto integrativo (agg. 2026),17
J67D22000160001,CdP-S Infratruttura Fisica DOIT Torino - anno 2023,Allegato 4c,Fondo per la prosecuzione delle opere pubbliche,secondo,Decreto MIT n. 97 del 31 maggio 2023,0.0,0.42,0.42,Torino,,CdP-S 2022-2026 - quarto atto integrativo (agg. 2026),17
J27H22000010001,CdP-S Infratruttura Fisica DOIT Reggio Calabria - anno 2022,Allegato 4c,Fondo per la prosecuzione delle opere pubbliche,secondo,Decreto MIT n. 190 del 8 settembre 2023,0.0,0.05,0.05,Reggio Calabria,,CdP-S 2022-2026 - quarto atto integrativo (agg. 2026),17
J47H22000040001,CdP-S Infratruttura Fisica DOIT Firenze - anno 2022,Allegato 4c,Fondo per la prosecuzione delle opere pubbliche,secondo,Decreto MIT n. 190 del 8 settembre 2023,0.0,0.14,0.14,Firenze,,CdP-S 2022-2026 - quarto atto integrativo (agg. 2026),17
J67H22000030001,CdP-S Infratruttura Fisica DOIT Torino - anno 2022,Allegato 4c,Fondo per la prosecuzione delle opere pubbliche,secondo,Decreto MIT n. 190 del 8 settembre 2023,0.0,0.32,0.32,Torino,,CdP-S 2022-2026 - quarto atto integrativo (agg. 2026),17
J67D22000160001,CdP-S Infratruttura Fisica DOIT Torino - anno 2023,Allegato 4c,Fondo per la prosecuzione delle opere pubbliche,secondo,Decreto MIT n. 190 del 8 settembre 2023,0.0,0.48,0.48,Torino,,CdP-S 2022-2026 - quarto atto integrativo (agg. 2026),17
J97D22000160001,CdP-S Infratruttura Fisica DOIT Genova - anno 2023,Allegato 4c,Fondo per la prosecuzione delle opere pubbliche,secondo,Decreto MIT n. 190 del 8 settembre 2023,0.0,0.73,0.73,Genova,,CdP-S 2022-2026 - quarto atto integrativo (agg. 2026),17
J97H22000110001,CdP-S Infratruttura Tecnologica DOIT Napoli - anno 2022,Allegato 4c,Fondo per la prosecuzione delle opere pubbliche,secondo,Decreto MIT n. 190 del 8 settembre 2023,0.0,0.09,0.09,Napoli,,CdP-S 2022-2026 - quarto atto integrativo (agg. 2026),17
J27J18000230001,Manutenzione Straordinaria Linee Reggio - 2019,Allegato 4c,Fondo per la prosecuzione delle opere pubbliche,secondo,Decreto MIT n. 288 del 13 dicembre 2023,0.02,0.0,0.02,,,CdP-S 2022-2026 - quarto atto integrativo (agg. 2026),17
J87H22000220001,CdP-S Infratruttura Fisica DOIT Bari - anno 2022,Allegato 4c,Fondo per la prosecuzione delle opere pubbliche,secondo,Decreto MIT n. 288 del 13 dicembre 2023,0.0,0.05,0.05,Bari,,CdP-S 2022-2026 - quarto atto integrativo (agg. 2026),17
J97D22000160001,CdP-S Infrastruttura Fisica DOIT Genova - anno 2023,Allegato 4c,Fondo per la prosecuzione delle opere pubbliche,terzo,Decreto MIT n. 80 del 2 aprile 2024,0.0,1.17,1.17,Genova,,CdP-S 2022-2026 - quarto atto integrativo (agg. 2026),17
J67D22000160001,CdP-S Infrastruttura Fisica DOIT Torino - anno 2023,Allegato 4c,Fondo per la prosecuzione delle opere pubbliche,terzo,Decreto MIT n. 80 del 2 aprile 2024,0.0,0.43,0.43,Torino,,CdP-S 2022-2026 - quarto atto integrativo (agg. 2026),17
J27H22000030001,CdP-S Infrastruttura Energetica DOIT Reggio Calabria - anno 2022,Allegato 4c,Fondo per la prosecuzione delle opere pubbliche,terzo,Decreto MIT n. 418 del 26 settembre 2024,0.0,0.05,0.05,Reggio Calabria,,CdP-S 2022-2026 - quarto atto integrativo (agg. 2026),17
J77H22000000001,CdP-S Infrastruttura Fisica DOIT Cagliari - anno 2022,Allegato 4c,Fondo per la prosecuzione delle opere pubbliche,terzo,Decreto MIT n. 418 del 26 settembre 2024,0.0,0.02,0.02,Cagliari,,CdP-S 2022-2026 - quarto atto integrativo (agg. 2026),17
J87D22000340001,CdP-S Infrastruttura Fisica DOIT Bari - anno 2023,Allegato 4c,Fondo per la prosecuzione delle opere pubbliche,terzo,Decreto MIT n. 418 del 26 settembre 2024,0.0,0.07,0.07,Bari,,CdP-S 2022-2026 - quarto atto integrativo (agg. 2026),17
J87D22000370001,CdP-S Infrastruttura Tecnologica DOIT Ancona - anno 2023,Allegato 4c,Fondo per la prosecuzione delle opere pubbliche,terzo,Decreto MIT n. 418 del 26 settembre 2024,0.0,0.03,0.03,Ancona,,CdP-S 2022-2026 - quarto atto integrativo (agg. 2026),17
J27H22000030001,CdP-S Infrastruttura Energetica DOIT Reggio Calabria - anno 2022,Allegato 4c,Fondo per la prosecuzione delle opere pubbliche,terzo,Decreto MIT n. 453 del 28 ottobre 2024,0.0,0.18,0.18,Reggio Calabria,,CdP-S 2022-2026 - quarto atto integrativo (agg. 2026),17
J27H22000040001,CdP-S Infrastruttura Tecnologica DOIT Reggio Calabria - anno 2022,Allegato 4c,Fondo per la prosecuzione delle opere pubbliche,terzo,Decreto MIT n. 453 del 28 ottobre 2024,0.0,0.01,0.01,Reggio Calabria,,CdP-S 2022-2026 - quarto atto integrativo (agg. 2026),17
J47D22000180001,CdP-S Infrastruttura Fisica DOIT Bologna - anno 2023,Allegato 4c,Fondo per la prosecuzione delle opere pubbliche,terzo,Decreto MIT n. 453 del 28 ottobre 2024,0.0,0.71,0.71,Bologna,,CdP-S 2022-2026 - quarto atto integrativo (agg. 2026),17
J67D23000090001,CdP-S Infrastruttura Fisica DOIT Torino - anno 2024,Allegato 4c,Fondo per la prosecuzione delle opere pubbliche,terzo,Decreto MIT n. 453 del 28 ottobre 2024,0.0,0.25,0.25,Torino,,CdP-S 2022-2026 - quarto atto integrativo (agg. 2026),17
J77H22000000001,Manutenzione Straordinaria all'infrastruttura - anno 2022,Allegato 4c,Fondo per la prosecuzione delle opere pubbliche,terzo,Decreto MIT n. 453 del 28 ottobre 2024,0.0,0.01,0.01,,,CdP-S 2022-2026 - quarto atto integrativo (agg. 2026),17
J87D22000330001,CdP-S Infrastruttura Fisica DOIT Ancona - anno 2023,Allegato 4c,Fondo per la prosecuzione delle opere pubbliche,terzo,Decreto MIT n. 453 del 28 ottobre 2024,0.0,0.53,0.53,Ancona,,CdP-S 2022-2026 - quarto atto integrativo (agg. 2026),17
J87D23000170001,CdP-S Infrastruttura Fisica DOIT Ancona - anno 2024,Allegato 4c,Fondo per la prosecuzione delle opere pubbliche,terzo,Decreto MIT n. 453 del 28 ottobre 2024,0.0,0.41,0.41,Ancona,,CdP-S 2022-2026 - quarto atto integrativo (agg. 2026),17
J87H21009060001,Manutenzione Straordinaria all'infrastruttura - anno 2022,Allegato 4c,Fondo per la prosecuzione delle opere pubbliche,terzo,Decreto MIT n. 453 del 28 ottobre 2024,0.0,0.1,0.1,,,CdP-S 2022-2026 - quarto atto integrativo (agg. 2026),17
J97B20000500001,Manutenzione Straordinaria linee Napoli - anno 2021,Allegato 4c,Fondo per la prosecuzione delle opere pubbliche,terzo,Decreto MIT n. 453 del 28 ottobre 2024,0.05,0.0,0.05,,,CdP-S 2022-2026 - quarto atto integrativo (agg. 2026),17
J37D22000130001,CdP-S Infrastruttura Tecnologica DOIT Trieste - 2023,Allegato 4c,Fondo per la prosecuzione delle opere pubbliche,quarto,Decreto direttoriale n. 135 del 12 giugno 2025,0.0,0.04,0.04,Trieste,,CdP-S 2022-2026 - quarto atto integrativo (agg. 2026),17
J87D22000340001,CdP-S Infrastruttura Fisica DOIT Bari - 2023,Allegato 4c,Fondo per la prosecuzione delle opere pubbliche,quarto,Decreto direttoriale n. 135 del 12 giugno 2025,0.0,0.96,0.96,Bari,,CdP-S 2022-2026 - quarto atto integrativo (agg. 2026),17
J87D22000370001,CdP-S Infrastruttura Tecnologica DOIT Ancona - 2023,Allegato 4c,Fondo per la prosecuzione delle opere pubbliche,quarto,Decreto direttoriale n. 135 del 12 giugno 2025,0.0,0.03,0.03,Ancona,,CdP-S 2022-2026 - quarto atto integrativo (agg. 2026),17
J87D23000170001,CdP-S Infrastruttura Fisica DOIT Ancona - 2024,Allegato 4c,Fondo per la prosecuzione delle opere pubbliche,quarto,Decreto direttoriale n. 135 del 12 giugno 2025,0.0,0.22,0.22,Ancona,,CdP-S 2022-2026 - quarto atto integrativo (agg. 2026),17
J87J18000640001,Obblighi di Legge officine ONAAE - 2019,Allegato 4c,Fondo per la prosecuzione delle opere pubbliche,quarto,Decreto direttoriale n. 135 del 12 giugno 2025,0.19,0.0,0.19,,,CdP-S 2022-2026 - quarto atto integrativo (agg. 2026),17
J97D22000200001,CdP-S Infrastruttura Energetica DOIT Genova - 2023,Allegato 4c,Fondo per la prosecuzione delle opere pubbliche,quarto,Decreto direttoriale n. 135 del 12 giugno 2025,0.0,0.03,0.03,Genova,,CdP-S 2022-2026 - quarto atto integrativo (agg. 2026),17
J87B20002810001,Manutenzione Straordinaria Linee AV/AC Bologna - 2021,Allegato 4c,Fondo per l'adeguamento dei prezzi di materiali da costruzione,secondo,Decreto MIT del 9 agosto 2023,0.0,0.0,0.0,,,CdP-S 2022-2026 - quarto atto integrativo (agg. 2026),17
J97H22000030001,CdP-S Infratruttura Fisica DOIT Napoli - anno 2022,Allegato 4c,Fondo per l'adeguamento dei prezzi di materiali da costruzione,secondo,Decreto MIT del 25 settembre 2023,0.0,0.54,0.54,Napoli,,CdP-S 2022-2026 - quarto atto integrativo (agg. 2026),17
J17H22000060001,CdP-S Infratruttura Fisica DOIT Venezia - anno 2022,Allegato 4c,Fondo per l'adeguamento dei prezzi di materiali da costruzione,secondo,Decreto MIT del 25 settembre 2023,0.0,0.56,0.56,Venezia,,CdP-S 2022-2026 - quarto atto integrativo (agg. 2026),17
J27J18000230001,Manutenzione Straordinaria Linee Reggio Calabria - 2019,Allegato 4c,Fondo per l'adeguamento dei prezzi di materiali da costruzione,secondo,Decreto MIT del 25 settembre 2023,0.13,0.0,0.13,Reggio Calabria,,CdP-S 2022-2026 - quarto atto integrativo (agg. 2026),17
J37H22000030001,CdP-S Infratruttura Fisica DOIT Trieste - anno 2022,Allegato 4c,Fondo per l'adeguamento dei prezzi di materiali da costruzione,secondo,Decreto MIT del 25 settembre 2023,0.0,3.09,3.09,Trieste,,CdP-S 2022-2026 - quarto atto integrativo (agg. 2026),17
J37H22000040001,CdP-S Infratruttura Energetica DOIT Trieste - anno 2022,Allegato 4c,Fondo per l'adeguamento dei prezzi di materiali da costruzione,secondo,Decreto MIT del 25 settembre 2023,0.0,0.04,0.04,Trieste,,CdP-S 2022-2026 - quarto atto integrativo (agg. 2026),17
J47H22000030001,CdP-S Infratruttura Fisica DOIT Bologna - anno 2022,Allegato 4c,Fondo per l'adeguamento dei prezzi di materiali da costruzione,secondo,Decreto MIT del 25 settembre 2023,0.0,1.81,1.81,Bologna,,CdP-S 2022-2026 - quarto atto integrativo (agg. 2026),17
J47H22000040001,CdP-S Infratruttura Fisica DOIT Firenze - anno 2022,Allegato 4c,Fondo per l'adeguamento dei prezzi di materiali da costruzione,secondo,Decreto MIT del 25 settembre 2023,0.0,0.12,0.12,Firenze,,CdP-S 2022-2026 - quarto atto integrativo (agg. 2026),17
J57H22000000001,CdP-S Infratruttura Fisica DOIT Roma - anno 2022,Allegato 4c,Fondo per l'adeguamento dei prezzi di materiali da costruzione,secondo,Decreto MIT del 25 settembre 2023,0.0,2.44,2.44,Roma,,CdP-S 2022-2026 - quarto atto integrativo (agg. 2026),17
J67F19000270001,Manutenzione Straordinaria Linee Torino - 2020,Allegato 4c,Fondo per l'adeguamento dei prezzi di materiali da costruzione,secondo,Decreto MIT del 25 settembre 2023,0.01,0.0,0.01,Torino,,CdP-S 2022-2026 - quarto atto integrativo (agg. 2026),17
J67H22000020001,CdP-S Infratruttura Fisica DOIT Palermo - anno 2022,Allegato 4c,Fondo per l'adeguamento dei prezzi di materiali da costruzione,secondo,Decreto MIT del 25 settembre 2023,0.0,0.15,0.15,Palermo,,CdP-S 2022-2026 - quarto atto integrativo (agg. 2026),17
J67H22000030001,CdP-S Infratruttura Fisica DOIT Torino - anno 2022,Allegato 4c,Fondo per l'adeguamento dei prezzi di materiali da costruzione,secondo,Decreto MIT del 25 settembre 2023,0.0,1.04,1.04,Torino,,CdP-S 2022-2026 - quarto atto integrativo (agg. 2026),17
J77B14000350001,Manutenzione Straordinaria Linee Cagliari - 2015,Allegato 4c,Fondo per l'adeguamento dei prezzi di materiali da costruzione,secondo,Decreto MIT del 25 settembre 2023,0.19,0.0,0.19,Cagliari,,CdP-S 2022-2026 - quarto atto integrativo (agg. 2026),17
J87B20002740001,Manutenzione Straordinaria Linee Bari - 2021,Allegato 4c,Fondo per l'adeguamento dei prezzi di materiali da costruzione,secondo,Decreto MIT del 25 settembre 2023,0.11,0.0,0.11,Bari,,CdP-S 2022-2026 - quarto atto integrativo (agg. 2026),17
J87H22000220001,CdP-S Infratruttura Fisica DOIT Bari - anno 2022,Allegato 4c,Fondo per l'adeguamento dei prezzi di materiali da costruzione,secondo,Decreto MIT del 25 settembre 2023,0.0,0.21,0.21,Bari,,CdP-S 2022-2026 - quarto atto integrativo (agg. 2026),17
J97B20000480001,Manutenzione Straordinaria Linee Genova - 2021,Allegato 4c,Fondo per l'adeguamento dei prezzi di materiali da costruzione,secondo,Decreto MIT del 25 settembre 2023,0.02,0.0,0.02,Genova,,CdP-S 2022-2026 - quarto atto integrativo (agg. 2026),17
J97B20000490001,Manutenzione Straordinaria Linee Milano - 2021,Allegato 4c,Fondo per l'adeguamento dei prezzi di materiali da costruzione,secondo,Decreto MIT del 25 settembre 2023,0.34,0.0,0.34,Milano,,CdP-S 2022-2026 - quarto atto integrativo (agg. 2026),17
J97B20000500001,Manutenzione Straordinaria Linee Napoli - 2021,Allegato 4c,Fondo per l'adeguamento dei prezzi di materiali da costruzione,secondo,Decreto MIT del 25 settembre 2023,0.06,0.0,0.06,Napoli,,CdP-S 2022-2026 - quarto atto integrativo (agg. 2026),17
J97B20000520001,Obblighi di Legge Linee Genova - 2021,Allegato 4c,Fondo per l'adeguamento dei prezzi di materiali da costruzione,secondo,Decreto MIT del 25 settembre 2023,0.04,0.0,0.04,Genova,,CdP-S 2022-2026 - quarto atto integrativo (agg. 2026),17
J97F19000270001,Manutenzione Straordinaria Linee Genova - 2020,Allegato 4c,Fondo per l'adeguamento dei prezzi di materiali da costruzione,secondo,Decreto MIT del 25 settembre 2023,0.0,0.0,0.0,Genova,,CdP-S 2022-2026 - quarto atto integrativo (agg. 2026),17
J97F19000290001,Manutenzione Straordinaria Linee Napoli - 2020,Allegato 4c,Fondo per l'adeguamento dei prezzi di materiali da costruzione,secondo,Decreto MIT del 25 settembre 2023,0.03,0.0,0.03,Napoli,,CdP-S 2022-2026 - quarto atto integrativo (agg. 2026),17
J97F19000300001,Manutenzione Straordinaria Linee Verona - 2020,Allegato 4c,Fondo per l'adeguamento dei prezzi di materiali da costruzione,secondo,Decreto MIT del 25 settembre 2023,0.06,0.0,0.06,Verona,,CdP-S 2022-2026 - quarto atto integrativo (agg. 2026),17
J97F19000310001,Obblighi di Legge Linee Genova - 2020,Allegato 4c,Fondo per l'adeguamento dei prezzi di materiali da costruzione,secondo,Decreto MIT del 25 settembre 2023,0.08,0.0,0.08,Genova,,CdP-S 2022-2026 - quarto atto integrativo (agg. 2026),17
J97H22000010001,CdP-S Infratruttura Fisica DOIT Genova - anno 2022,Allegato 4c,Fondo per l'adeguamento dei prezzi di materiali da costruzione,secondo,Decreto MIT del 25 settembre 2023,0.0,0.99,0.99,Genova,,CdP-S 2022-2026 - quarto atto integrativo (agg. 2026),17
J97H22000020001,CdP-S Infratruttura Fisica DOIT Milano - anno 2022,Allegato 4c,Fondo per l'adeguamento dei prezzi di materiali da costruzione,secondo,Decreto MIT del 25 settembre 2023,0.0,3.96,3.96,Milano,,CdP-S 2022-2026 - quarto atto integrativo (agg. 2026),17
J97J18000160001,Manutenzione Straordinaria Linee Genova - 2019,Allegato 4c,Fondo per l'adeguamento dei prezzi di materiali da costruzione,secondo,Decreto MIT del 25 settembre 2023,0.03,0.0,0.03,Genova,,CdP-S 2022-2026 - quarto atto integrativo (agg. 2026),17
J27B20000600001,Obblighi di Legge Linee Reggio Calabria - 2021,Allegato 4c,Fondo per l'adeguamento dei prezzi di materiali da costruzione,quarto,Decreto MIT n.124 del 19 dicembre 2024,0.03,0.0,0.03,Reggio Calabria,,CdP-S 2022-2026 - quarto atto integrativo (agg. 2026),17
J37H22000030001,CdP-S Infrastruttura Fisica DOIT Trieste - 2022,Allegato 4c,Fondo per l'adeguamento dei prezzi di materiali da costruzione,quarto,Decreto MIT n.124 del 19 dicembre 2024,0.0,0.96,0.96,Trieste,,CdP-S 2022-2026 - quarto atto integrativo (agg. 2026),17
J67H22000030001,CdP-S Infrastruttura Fisica DOIT Torino - 2022,Allegato 4c,Fondo per l'adeguamento dei prezzi di materiali da costruzione,quarto,Decreto MIT n.124 del 19 dicembre 2024,0.0,2.99,2.99,Torino,,CdP-S 2022-2026 - quarto atto integrativo (agg. 2026),17
J77H22000000001,CdP-S Infrastruttura Fisica DOIT Cagliari - 2022,Allegato 4c,Fondo per l'adeguamento dei prezzi di materiali da costruzione,quarto,Decreto MIT n.124 del 19 dicembre 2024,0.0,0.39,0.39,Cagliari,,CdP-S 2022-2026 - quarto atto integrativo (agg. 2026),17
J97H22000020001,CdP-S Infrastruttura Fisica DOIT Milano - 2022,Allegato 4c,Fondo per l'adeguamento dei prezzi di materiali da costruzione,quarto,Decreto MIT n.124 del 19 dicembre 2024,0.0,0.1,0.1,Milano,,CdP-S 2022-2026 - quarto atto integrativo (agg. 2026),17
J97H22000030001,CdP-S Infrastruttura Fisica DOIT Napoli - 2022,Allegato 4c,Fondo per l'adeguamento dei prezzi di materiali da costruzione,quarto,Decreto MIT n.124 del 19 dicembre 2024,0.0,0.16,0.16,Napoli,,CdP-S 2022-2026 - quarto atto integrativo (agg. 2026),17
J27H22000010001,CdP-S Infratruttura Fisica DOIT Reggio Calabria - anno 2022,Allegato 4c,PON Infrastrutture e Reti 2014-2020,secondo,Presa d’atto prot. n. 6502 del 23 aprile 2024,0.0,4.15,4.15,Reggio Calabria,,CdP-S 2022-2026 - quarto atto integrativo (agg. 2026),17
J57D23000020001,"Alluvioni - interventi per fronteggiare gli eccezionali eventi atmosferici, franosi ed alluvionali verificatisi a partire dal giorno 1° maggio 2023",Allegato 4c,DL Alluvioni,terzo,Legge 111/2024 di conversione del DL 76/2024,0.0,0.8,0.8,,,CdP-S 2022-2026 - quarto atto integrativo (agg. 2026),17
J67D23000180001,Intervento di rinnovo armamento Bicocca-Siracusa,Allegato 4c,Enti Locali,quarto,Disciplinare sottoscritto fra RFI e Regione Siciliana del 24/06/2025,0.0,110.0,110.0,,,CdP-S 2022-2026 - quarto atto integrativo (agg. 2026),17
J57D24000090001,"Interventi manutentivi interferenti e non interferenti al traffico ferroviario avente ad oggetto le stazioni di Rio di Pusteria, Vandoies, Casteldarne, San Lorenzo, Brunico, Brunico Nord, Perca, Valdaora, Monguelfo, Villabassa, Dobbiaco, San Candido e Versciaco",Allegato 4c,Enti Locali,,Convenzione tra RFI e la Provincia Autonoma di Bolzano del 02/09/2025,0.0,3.6,3.6,,,CdP-S 2022-2026 - quarto atto integrativo (agg. 2026),17
J97D22000180001,Piano resilienza linee e impianti Sud ambito regione Basilicata / Campania / Calabria,Allegato 12 (PNRR),PNRR M3C1-1.10,,,,81.85,81.85,,Campania|Basilicata|Calabria,CdP-S 2022-2026 - quarto atto integrativo (agg. 2026),21
J27H22000030001,Piano resilienza linee e impianti Sud ambito regione Calabria,Allegato 12 (PNRR),PNRR M3C1-1.10,,,,3.76,3.82,,Calabria,CdP-S 2022-2026 - quarto atto integrativo (agg. 2026),21
J97D23000120001,Piano resilienza linee e impianti Sud ambito regione Campania,Allegato 12 (PNRR),PNRR M3C1-1.10,,,,25.0,25.07,,Campania,CdP-S 2022-2026 - quarto atto integrativo (agg. 2026),21
J27H22000010001,Piano resilienza linee e impianti Sud ambito regione Campania / Calabria,Allegato 12 (PNRR),PNRR M3C1-1.10,,,,24.51,25.14,,Campania|Calabria,CdP-S 2022-2026 - quarto atto integrativo (agg. 2026),21
J27D22000090001,Piano resilienza linee e impianti Sud ambito regione Campania / Calabria,Allegato 12 (PNRR),PNRR M3C1-1.10,,,,56.63,56.68,,Campania|Calabria,CdP-S 2022-2026 - quarto atto integrativo (agg. 2026),21
J87D22000340001,Piano resilienza linee e impianti Sud ambito regione Puglia,Allegato 12 (PNRR),PNRR M3C1-1.10,,,,30.0,30.07,,Puglia,CdP-S 2022-2026 - quarto atto integrativo (agg. 2026),21
J67D22000150001,Piano resilienza linee e impianti Sud ambito regione Sicilia,Allegato 12 (PNRR),PNRR M3C1-1.10,,,,54.53,55.68,,Sicilia,CdP-S 2022-2026 - quarto atto integrativo (agg. 2026),21
J67H22000040001,Piano resilienza linee e impianti Sud ambito regione Sicilia,Allegato 12 (PNRR),PNRR M3C1-1.10,,,,7.5,7.5,,Sicilia,CdP-S 2022-2026 - quarto atto integrativo (agg. 2026),21
J67D22000170001,Piano resilienza linee e impianti Sud ambito regione Sicilia,Allegato 12 (PNRR),PNRR M3C1-1.10,,,,16.8,16.82,,Sicilia,CdP-S 2022-2026 - quarto atto integrativo (agg. 2026),21
