programma,descrizione,valore_sezione1_mln,contabilizzato_fino_al_2018_mln,contabilizzato_2019_mln,contabilizzato_2020_mln,contabilizzato_2021_mln,contabilizzato_2022_mln,contabilizzato_2023_mln,contabilizzato_2024_mln,contabilizzato_al_2024_mln,avanzamento_pct
01,"Sicurezza, adeguamento a nuovi standard e resilienza al climate change",9848,3532,907,1098,1225,459,349.15,337,7907,80
02,Sviluppo tecnologico,10588,2866,387,364,420,389,529.45,743,5698,54
03,Accessibilità stazioni,2244,743,173,129,142,115,184.9,274,1762,79
04,Valorizzazione turistica delle ferrovie minori,355.41,47.73,9.0,8.78,14.74,45.34,64.9,48.56,239,67
05,Valorizzazione delle reti regionali,6810,826,226,169,274,347,371.62,493,2706,40
06,Città metropolitane,10181,4729,240,208,368,419,298.07,447,6710,66
07,"Porti e interporti, ultimo/penultimo miglio",1168,48,20,26,44,46,50.83,54,289,25
08,"Aeroporti, accessibilità su ferro",1019,11,6,7,5,8,23.64,107,168,16
09,Direttrici di interesse nazionale,50240,8592,876,1155,1646,1522,2030.67,2990,18813,37
B,Investimenti realizzati per lotti costruttivi (Tabella B),15164,2091,888,400,761,1213,1509.83,1967,8829,58
C,Opere ultimate (Tabella C),66169,66363,163,87,69,40,34.61,55,66689,101
