codice,descrizione,tabella,programma,nuovo_inserimento,costo_prec_mln,ultimati_mln,riclassifiche_mln,variazioni_costo_mln,nuove_esigenze_mln,adeguamenti_tariffari_mln,costo_mln,variazioni_totali_mln,variazioni_nette_mln,motivazione,dossier_pagina,pagina
A1004A,Sicurezza in galleria,A,A01,False,6000.33,-55.76,0.0,0.0,0.0,0.72,5945.28,-55.05,0.0,Variazione del costo dovuta ad adeguamenti tariffari e allo spostamento in tabella C dei progetti ultimati.,,2
A1004B,Risanamento acustico,A,A01,False,10603.63,0.0,0.0,0.0,0.0,1.04,10604.67,1.04,0.0,Variazione del costo dovuta ad adeguamenti tariffari,,2
A1004D,Smaltimento materiali inquinanti e altri obblighi di legge (annualità fino al 2021),A,A01,False,114.62,-82.23,0.0,0.0,0.0,0.0,32.4,-82.22,0.0,Variazione del costo dovuta allo spostamento in tabella C dei progetti ultimati.,,2
A1004E,Sicurezza armamento (annualità fino al 2021),A,A01,False,3804.44,-2889.92,0.0,0.0,0.0,0.2,914.72,-2889.72,0.0,Variazione del costo dovuta ad adeguamenti tariffari e allo spostamento in tabella C dei progetti ultimati.,,2
A1004F,"Rilievi, progettazioni e interventi di adeguamento a STI Opere d'arte",A,A01,False,1395.27,0.0,0.0,0.0,0.0,0.0,1395.27,0.0,0.0,,,2
A1006,Soppressione passaggi a livello,A,A01,False,7922.37,0.0,0.0,0.0,0.0,5.42,7927.79,5.42,0.0,Variazione del costo dovuta ad adeguamenti tariffari,,2
A1013A,Idrogeologia,A,A01,False,2749.64,-555.8,0.0,0.0,0.0,0.65,2194.5,-555.15,-0.01,Variazione del costo dovuta ad adeguamenti tariffari e allo spostamento in tabella C dei progetti ultimati.,,2
A1013B,Sismica,A,A01,False,1032.89,0.0,0.0,0.0,0.0,0.17,1033.06,0.17,0.0,Variazione del costo dovuta ad adeguamenti tariffari,,2
A1014,Piano conservazione opere d'arte (annualità fino al 2021),A,A01,False,312.83,-50.14,0.0,1.0,0.0,0.87,264.57,-48.27,1.0,"Variazione del costo dovuta ad adeguamenti tariffari, allo spostamento in tabella C dei progetti ultimati e all'inserimento dell'intervento di manutenzione straordinaria per il risanamento strutturale conservativo del ponte sul fiume Dora Baltea al KM 9+800 - località Sant’Anna in Comune di Verolengo.",,2
A1017,Monitoraggio Infrastruttura,A,A01,True,0.0,0.0,0.0,0.0,300.0,0.0,300.0,300.0,300.0,Avvio di nuove attività in ambito Monitoraggio Infrastrutture e Rilievi Ponti con Droni.,,2
A2004F,Mitigazione effetti venti trasversali,A,A01,False,61.8,0.0,0.0,0.0,0.0,0.47,62.27,0.47,0.0,Variazione del costo dovuta ad adeguamenti tariffari,,2
A1015,Cyber Security e Cyber security e Protezione Infrastruttura Ferroviaria Nazionale (IFN),A,A02,False,339.54,0.0,0.0,749.06,0.0,0.0,1088.6,749.06,749.06,Variazione del costo dovuta ad avvio di nuove Attività in ambito Cyber ed un primo avvio di attività relative alla protezione cantieri ed alla protezione da indebiti attraversamenti.,,4
A2001B,Tecnologie per la circolazione,A,A02,False,8609.53,-32.01,476.23,0.0,0.0,1.64,9055.39,445.86,0.0,"Variazione del costo dovuta a adeguamenti tariffari, ad una diversa attribuzione degli oggetti tra righe del contratto (aggiunto CUP J56J16000460001 da riga A2011, aggiunto CUP J80D16000030005 da riga A2010, aggiunto CUP J58E22000260001 da riga P055_A; spostato CUP J51E17000190001 nella riga A2010, spostato CUP J57B15000010005 in A2009).  Variazione del costo dovuta allo spostamento in tabella C dei progetti ultimati.",,4
A2004A,Interventi tecnologici per il miglioramento della sicurezza della circolazione,A,A02,False,2222.19,-236.77,0.0,401.2,0.0,0.0,2386.63,164.44,401.2,Variazione di costo relativa allo spostamento in tabella C dei progetti ultimati e ad un incremento di costo relativo agli interventi di progettazione esecutiva ed esecuzione dei lavori di sistemi e apparecchiature relative al sottosistema strutturale Comando Controllo Segnalamento.,,4
A2004B,Sistemi di Rilevamento Termico Boccole e Controllo Squilibrio Carichi Verticali,A,A02,False,787.28,0.0,0.0,0.0,0.0,0.0,787.28,0.0,0.0,,,4
A2004C,Sistemi per la protezione dei passaggi a livello,A,A02,False,2264.32,0.0,0.0,0.0,0.0,0.0,2264.32,0.0,0.0,,,4
A2004D,Sistemi per la diagnostica dell'infrastruttura,A,A02,False,332.86,-10.4,0.0,41.27,0.0,0.0,363.72,30.87,41.27,Variazione di costo relativa allo spostamento in tabella C dei progetti ultimati e ad un incremento di costo relativo alle Tecnologie.,,4
A2004E,Dismissione contesti di esercizio obsoleti,A,A02,False,170.0,0.0,0.0,0.0,0.0,0.0,170.0,0.0,0.0,,,4
A2004G,Interventi infrastrutturali e tecnologici per la sicurezza,A,A02,False,162.3,0.0,0.0,0.0,0.0,0.0,162.3,0.0,0.0,,,4
A2005,Telecomunicazioni e GSM-R,A,A02,False,2096.21,0.0,0.0,-40.78,0.0,0.0,2055.43,-40.78,-40.78,Variazione di costo per riduzione del perimetro del programma Reti di telecomunicazione radiomobile (Gigabit Rail) ai soli interventi di competenza del gestore dell’IFN.,,4
A2008,Sviluppo tecnologie innovative,A,A02,False,589.41,0.0,0.0,0.0,0.0,0.0,589.41,0.0,0.0,,,5
A2009,Security,A,A02,False,460.66,-12.1,220.36,152.59,0.0,0.0,821.52,360.86,151.09,"Variazione del costo dovuta allo spostamento in tabella C dei progetti ultimati e ad una diversa attribuzione degli oggetti tra righe del contratto (aggiunti CUP J57B16000350001, J51E17000160001, J51E17000170001, J51E17000140001, J54H17000260001, J51B21001200001 da riga P055_A, CUP J51D18000080001 da riga A2010, CUP J57B15000010005 da riga A2001B). Inoltre, il Programma è stato ampliato includendo una nuova iniziativa dedicata principalmente all'ambito Security Stazioni (TVCC, SEM e Tornelli).",,5
A2010,Sistemi Informativi,A,A02,False,594.07,-34.6,82.8,409.95,0.0,0.0,1052.22,458.15,409.72,"Variazione del costo dovuta allo spostamento in tabella C dei progetti ultimati e ad una diversa attribuzione degli oggetti tra righe del contratto (aggiunto CUP J51E17000190001 da riga A2001B, spostato CUP J51D18000080001 in riga A2009 e CUP J80D16000030005 in riga A2001B). Inoltre, il Programma è stato ampliato con nuove iniziative come il progetto TP TM (realizzazione di una piattaforma digitale per la gestione dei processi E2E di Traffic Management e Traffic Planning) , il Programma Minerva, il Programma P&C, il Programma di Refoundation (finalizzato a contrastare le obsolescenze applicative e infrastrutturali).",,5
A2011,Programma nazionale ERTMS,A,A02,False,13251.44,0.0,-586.82,0.0,0.0,22.02,12686.63,-564.8,0.0,Variazione del costo dovuta ad adeguamenti tariffari e ad una diversa attribuzione degli oggetti tra righe del contratto (spostato CUP J56J16000460001 nella riga A2001B).,,5
P055_A,Piano integrato Stazioni,A,A03,False,6831.03,-10.0,-192.56,0.0,0.0,0.59,6629.05,-201.98,0.0,"Variazione di costo dovuta a adeguamenti tariffari, allo spostamento in tabella C dei progetti ultimati e ad una diversa attribuzione degli oggetti tra righe del contratto (spostati CUP J57B16000350001, J51E17000160001, J51E17000170001, J51E17000140001, J54H17000260001, J51B21001200001 in rigaA2009 e CUP J58E22000260001 spostato in riga A2001B).",,6
P237,"City Hub, linee metropolitane e nuove stazioni/fermate",A,A03,False,1408.6,0.0,0.0,255.24,0.0,0.0,1663.83,255.24,255.24,"L'incremento di costo è relativo all'aumento di perimetro fisico per l’introduzione di nuove stazioni, ad approfondimenti progettuali ed all'applicazione delle nuove tarriffe.",,6
P264,Digitalizzazione stazioni,A,A03,False,21.15,0.0,0.0,49.6,0.0,0.0,70.75,49.6,49.6,Incremento delle stime di costo dovuta all'estensione del perimetro a più di 2000 stazioni per la prosecuzione delle attività già avviate.,86,6
P271,Potenziamento delle stazioni e fermate minori,A,A03,True,0.0,0.0,0.0,0.0,900.0,0.0,900.0,900.0,900.0,"L’iniziativa propone lo sviluppo ed il potenziamento delle stazioni e fermate ferroviarie esistenti situate nei nodi metropolitani di Roma, Milano, Firenze, Torino e Genova, di minore rilevanza trasportistica rispetto alle Grandi Stazioni di arrivo dei principali vettori ferroviari di lunga percorrenza e considerate alternative o secondarie rispetto a queste.",,6
P214,Valorizzazione turistica delle ferrovie minori,A,A04,False,480.61,-14.3,0.0,0.0,0.0,2.33,468.65,-11.97,0.0,Variazione di costo dovuta ad adeguamenti tariffari e allo spostamento in tabella c dei progetti ultimati.,,7
0366A,Potenziamento linea Ponte S.Pietro-Bergamo-Montello,A,A05,False,716.56,0.0,0.0,79.35,0.0,0.0,795.91,79.35,79.35,Incremento di costo dovuto ad affinamenti progettuali eseguiti in fase di Progettazione Esecutiva determinata anche dalle richieste pervenute dagli enti interessati dalle soluzioni progettuali relativamente all’opera sostitutiva per la soppressione del PL di Fermi e adeguamento della viabilità a Curno.,32,8
1357,Potenziamento Fossano-Cuneo,A,A05,False,23.38,0.0,0.0,0.0,0.0,0.0,23.38,0.0,0.0,,,8
I178A,Raddoppio Codogno-Cremona-Mantova 1^ fase,A,A05,False,838.87,0.0,0.0,126.3,0.0,0.0,965.17,126.3,126.3,"Variazione di costo ad esito della Progettazione Esecutiva.  Inoltre, si evidenziano maggiori costi per la realizzazione della viabilità sostitutiva NV24 e per incremento costi dei sottoservizi.",41,8
I178B,Raddoppio Codogno-Cremona-Mantova 2^ fase,A,A05,False,1310.92,0.0,0.0,0.0,0.0,0.0,1310.92,0.0,0.0,,41,8
I182,Adeguamento nodo di Brescia e potenziamento collegamento Brescia-S.Zeno-Ghedi,A,A05,False,450.0,0.0,0.0,331.53,0.0,0.0,781.53,331.53,331.53,Variazione del costo per l'aggiornamento del quadro economico ad esito del Progetto di fattibilità tecnico economica per la tratta Brescia – San Zeno e all'aggiornamento del valore delle opere per la tratta San Zeno - Ghedi.,,8
P123,Elettrificazione Ivrea-Aosta e adeguamento linea Chivasso - Aosta,A,A05,False,171.99,0.0,0.0,-0.12,0.0,0.0,171.86,-0.12,-0.12,Variazione di costo per l'ottimizzazione delle risorse finanziarie sul programma,,8
P198,Upgrading infrastrutturale e tecnologico bacini nord ovest,A,A05,False,1467.1,-23.12,0.0,0.0,0.0,0.0,1443.98,-23.12,0.01,Variazione di costo relativa allo spostamento in tabella C dei progetti ultimati.,,8
P233,Potenziamento Carnate - Ponte S.Pietro 1^ fase,A,A05,False,350.0,0.0,0.0,324.0,0.0,0.0,674.0,324.0,324.0,"Aggiornamento dei quadri economici, ad esito del progetto di fattibilità tecnico economica peril nuovo ponte di Paderno d'Adda",,8
I172,Variante di Riga,A,A05,False,251.23,0.0,0.0,0.0,0.0,0.0,251.23,0.0,0.0,,,8
I183,Raddoppio Maerne-Castelfranco Veneto,A,A05,False,831.87,0.0,0.0,0.0,0.0,0.0,831.87,0.0,0.0,,,9
I184,Potenziamento Padova-Castelfranco,A,A05,False,48.0,0.0,0.0,0.0,0.0,0.06,48.06,0.06,0.0,Variazione delle stime di costo dovuta ad adeguamenti tariffari,,9
P125,Elettrificazione linee Veneto,A,A05,False,200.0,0.0,0.0,0.0,0.0,0.0,200.0,0.0,0.0,,,9
P128,Elettrificazione linea Trento-Bassano 1^ fase,A,A05,False,60.0,0.0,0.0,0.0,0.0,0.0,60.0,0.0,0.0,,,9
P136,Linea Bolzano-Merano: Galleria del Virgolo,A,A05,False,138.5,0.0,0.0,0.0,0.0,0.0,138.5,0.0,0.0,,,9
P188,Raddoppio Bolzano-Merano,A,A05,False,200.0,0.0,0.0,0.0,0.0,0.0,200.0,0.0,0.0,,,9
P199,Upgrading infrastrutturale e tecnologico bacini nord est,A,A05,False,1153.94,-8.24,0.0,0.0,0.0,0.0,1145.7,-8.24,0.0,Variazione del costo dovuta allo spostamento in tabella C dei progetti ultimati.,,9
0290,Nuova linea Passo Corese-Rieti,A,A05,False,792.2,0.0,0.0,2332.62,0.0,0.0,3124.82,2332.62,2332.62,"Variazione del costo dovuta ad un adeguamento degli importi di progettazione ad esito della revisione del quadro economico e ad un maggior valore delle opere, ad esito del PFTE, per recepire le nuove normative,  le varianti di tracciato e l'aggiornamento del quadro alle nuove tariffe.",,9
0334,Potenziamento Foligno-Perugia-Terontola 1° stralcio,A,A05,False,135.95,0.0,0.0,0.0,0.0,0.0,135.95,0.0,0.0,,,9
0810,Velocizzazione Foligno-Perugia-Terontola,A,A05,False,35.99,0.0,0.0,0.0,0.0,0.0,35.99,0.0,0.0,,,9
1346,Potenziamento linea Pistoia-Lucca,A,A05,False,750.1,0.0,0.0,2.0,0.0,0.0,752.1,2.0,2.0,Variazione del costo  ad esito della Progettazione Esecutiva.,,9
P101,Potenziamento linea Empoli-Siena,A,A05,False,348.71,0.0,0.0,5.0,0.0,0.0,353.71,5.0,5.0,Variazione di costo è dovuta all'aggiornamento del quadro economico ad esito della PFTE.,,9
P147,Elettrificazione Civitanova-Macerata-Albacina,A,A05,False,160.0,0.0,0.0,0.0,0.0,0.15,160.15,0.15,0.0,Variazione di costo dovuta ad adeguamenti tariffari,,9
P200,Upgrading infrastrutturale e tecnologico bacini centro,A,A05,False,994.01,-24.57,0.0,0.0,0.0,0.11,969.56,-24.45,0.39,Variazione di costo dovuta ad adeguamenti tariffari e allo spostamento in tabella C dei progetti ultimati.,,10
P210A,Potenziamento della linea Terni – Rieti – L’AquilaSulmona,A,A05,False,204.0,0.0,0.0,32.98,0.0,0.0,236.98,32.98,32.98,"Variazione di costo  dovuta all'aggiornamento della PFTE, all'inserimento di opere inizialmente non previste e all'incremento dei costi di progettazione.",,10
0242,Velocizzazione Palermo - Agrigento,A,A05,False,167.5,0.0,0.0,0.0,0.0,0.0,167.5,0.0,0.0,,,10
0271A,Velocizzazione Catania-Siracusa 1^ fase,A,A05,False,98.55,0.0,0.0,0.0,0.0,1.78,100.33,1.78,0.0,Variazione delle stime di costo dovuta ad adeguamenti tariffari.,,10
0271B,Velocizzazione Catania-Siracusa completamento,A,A05,False,44.0,0.0,0.0,0.0,0.0,0.0,44.0,0.0,0.0,,,10
0315,Velocizzazione Siracusa-Ragusa-Gela,A,A05,False,200.0,0.0,0.0,0.0,0.0,0.0,200.0,0.0,0.0,,,10
1674,Linea ferroviaria Potenza - Foggia - ammodernamento,A,A05,False,695.8,0.0,0.0,178.77,0.0,0.0,874.57,178.77,178.77,"Variazione del costo dovuta all'incremento del costo dell'intervento di adeguamento alle STISRT/ENE concernenti “la sicurezza nelle gallerie ferroviarie” sezione “sottosistema energia” per quattro gallerie ad esito del Progettazione di Fattibilità Tecnico Economica. Inoltre, si evidenzia una variazione di perimetro relativa all'inseirmento delle opere di mitigazione idrogeologiche per la Linea Potenza-Foggia.",,10
I162,Ripristino linea Palermo-Trapani via Milo,A,A05,False,221.0,0.0,0.0,16.0,0.0,0.0,237.0,16.0,16.0,"L'incremento del costo è conseguente agli interventi di ripristino della struttura delle pensiline nella stazione di Trapani, nell'ambito dell'intervento al PRG, propedeutico ai fini della certificazione per la riattivazione dell'impianto, e all'intervento di bonifica di una condotta idrica rinvenuta nella fase di BOE lungo la linea ferroviaria e interferente con i lavori di ripristino della sede.",,10
I170,Elettrificazione e ammodernamento linea BarlettaCanosa,A,A05,False,348.4,0.0,0.0,19.7,0.0,0.0,368.1,19.7,19.7,Variazione di costo per l'adeguamento dell' esito della Progettazione Esecutiva.,,11
I173,"Elettrificazione, velocizzazione e ammodernamento linee Salerno - Mercato S.S. - Avellino - Benevento e tratta Mercato S.S. - Codola - Sarno",A,A05,False,229.32,-17.81,0.0,-0.19,0.0,0.36,211.68,-17.64,0.0,Variazione di costo dovuta ad adeguamenti tariffari e allo spostamento in tabella C dei progetti ultimati.,,11
I174,Nuova stazione Taranto Nasisi,A,A05,False,34.12,0.0,0.0,0.0,0.0,0.0,34.12,0.0,0.0,,,11
I177,Completamento metropolitana di Salerno: tratta stadio Arechi-Pontecagnano Aeroporto,A,A05,False,314.75,0.0,0.0,0.0,0.0,0.0,314.75,0.0,0.0,,,11
P074,"Ammodernamento e velocizzazione itinerari PalermoCatania-Messina, Messina-Palermo e Messina-Siracusa",A,A05,False,53.0,0.0,0.0,0.0,0.0,0.0,53.0,0.0,0.0,,,11
P201,Upgrading infrastrutturale e tecnologico bacini sud e isole,A,A05,False,1593.28,-8.44,47.0,0.0,0.0,0.1,1631.94,38.66,0.0,Variazione di costo dovuta ad adeguamenti tariffari e allo spostamento in tabella C dei progetti ultimati. Variazione di costo relativa ad una diversa attribuzione degli oggetti tra righe del contratto (aggiunto CUP J74J23000740001 da riga P249),,11
P211,Nodo complesso di Pompei,A,A05,False,40.0,0.0,0.0,0.0,0.0,0.0,40.0,0.0,0.0,,,11
P230,Stazione AV Foggia Cervaro,A,A05,False,94.6,0.0,0.0,4.63,0.0,0.0,99.23,4.63,4.63,Variazione del costo ad esito dell'aggiornamento del quadro economico con le nuove tariffe.,,11
P232,Ripristino linea Caltagirone - Gela,A,A05,False,348.7,0.0,0.0,48.41,0.0,0.09,397.2,48.5,48.41,"L'incremento di costo è dovuto principalmente all'adeguamento del valore opere a seguito delle progettazioni e all’adeguamento tariffe per gli interventi di attrezzaggio della sede ferroviaria della tratta Caltagirone-Niscemi. Si registra, inotre, una variazione di costo dovuta ad adeguamenti tariffari.",,11
P236,"Elettrificazione della tratta Cinisi-Alcamo Dir- Trapani della linea Palermo - Trapani "" via Milo""",A,A05,False,102.25,0.0,0.0,0.0,0.0,0.0,102.25,0.0,0.0,,,11
P246,Potenziamento Venafro - Campobasso - Matrice,A,A05,False,293.34,0.0,0.0,100.0,0.0,0.28,393.62,100.28,100.0,Variazione di costo dovuta ad adeguamenti tariffari e ad adeguamenti emersi in sede,,11
P247,Potenziamento Palermo - Agrigento - Porto Empedocle bassa,A,A05,False,100.0,0.0,0.0,3.0,0.0,0.0,103.0,3.0,3.0,Variazione di costo imputabile al proseguimento delle attività sulla linea.,,12
P248,Raddoppio Decimomannu-Villamassargia,A,A05,False,992.0,0.0,0.0,-43.0,0.0,0.0,949.0,-43.0,-43.0,"Variazione di costo dovuta all'esito dello sviluppo del PFTE per gara che ha previsto un contenimento dei costi della tratta, senza variare né il perimetro, né la tipologia delle opere da realizzare.",,12
P253,Potenziamento collegamenti bacino di Augusta,A,A05,False,175.71,0.0,0.0,0.0,0.0,0.0,175.71,0.0,0.0,,,12
P259,Linea Bari-Bitritto: upgrading infrastrutturale,A,A05,False,40.11,0.0,0.0,-10.0,0.0,0.0,30.11,-10.0,-10.0,Variazione di costo per l'ottimizzazione delle risorse finanziarie sul programma.,,12
P254B,Velocizzazione Villamassargia-Carbonia,A,A05,False,13.0,0.0,0.0,0.0,0.0,0.0,13.0,0.0,0.0,,,12
P265,Piano straordinario di riqualificazione rete infrastrutturale civile,A,A05,False,2000.0,0.0,0.0,0.0,0.0,0.0,2000.0,0.0,0.0,,,12
0052,Passante di Torino tratta Porta Susa - Stura,A,A06,False,1045.03,0.0,0.0,0.0,0.0,0.0,1045.03,0.0,0.0,,,13
P080,Upgrading infrastrutturale e tecnologico nodo di Torino,A,A06,False,251.0,0.0,0.0,0.01,0.0,1.43,252.43,1.43,0.01,Variazione delle stime di costo dovuta ad adeguamenti tariffari,,13
P216,Completamento fermate SFM Torino,A,A06,False,183.18,0.0,0.0,2.35,0.0,0.09,185.62,2.44,2.35,L’incremento di costo deriva dall’aggiornamento del valore delle opere a conclusione della Progettazione definitiva relativa alla Fermata di Torino San Paolo su FM3. Si registra inoltre una variazione di costo dovuta ad adeguamenti tariffari.,,13
P217,Potenziamento linea veloce collegamento Porta Nuova - Porta Susa,A,A06,False,116.11,0.0,0.0,0.0,0.0,0.0,116.11,0.0,0.0,,,13
0049A,Raddoppio Milano-Mortara: 1^ fase,A,A06,False,550.78,0.0,0.0,13.89,0.0,0.0,564.68,13.89,13.89,Variazione del costo dovuta all'aggiornamento del quadro economico ad esito della Progettazione Definitiva per i raddoppi delle tratta Albairate - Abbiategrasso.,,13
0049B,Raddoppio Milano-Mortara: 2^ fase,A,A06,False,323.12,0.0,0.0,1219.54,0.0,0.0,1542.66,1219.54,1219.54,"Variazione della stima dei costi, effettuata su base parametrica, per i raddoppi delle tratte Abbiategrasso – Parona e Parona – Mortara nell’ambito della predisposizione dell’Analisi Costi Benefici.",,13
P054,Upgrading infrastrutturale e tecnologico nodo di Milano,A,A06,False,1174.16,-25.6,0.0,0.0,0.0,1.95,1150.51,-23.65,0.0,Variazione di costo dovuta ad adeguamenti tariffari e allo spostamento in tabella C dei progetti ultimati.,,13
P192,Upgrading infrastrutturale e tecnologico nodo di Genova,A,A06,False,55.55,0.0,0.0,-35.0,0.0,0.0,20.55,-35.0,-35.0,Variazione del costo a seguito della riduzione del perimetro  per l'upgrading tecnologico sul programma ERTMS,,13
P075,Upgrading infrastrutturale e tecnologico nodo di Venezia,A,A06,False,230.73,0.0,0.0,0.0,0.0,0.0,230.73,0.0,0.0,,,13
1438,Nodo ferrostradale Casalecchio di Reno: interramento linea Porrettana (stralcio ferroviario),A,A06,False,140.38,0.0,0.0,0.0,0.0,0.0,140.38,0.0,0.0,,,13
P112,Upgrading infrastrutturale e tecnologico nodo di Bologna,A,A06,False,224.3,0.0,0.0,-29.26,0.0,0.0,195.04,-29.26,-29.26,Variazione di costo per una riduzione del perimetro per spostamento fabbisogni legati ad upgrading tecnologico sul programma ERTMS,,14
A5000_1,Nodo AV di Firenze,A,A06,False,2735.02,0.0,0.0,0.0,0.0,0.0,2735.02,0.0,0.0,,,14
P076,Upgrading infrastrutturale e tecnologico nodo di Firenze,A,A06,False,478.72,-42.3,0.0,-0.01,0.0,2.47,438.88,-39.84,-0.01,Variazione di costo dovuta ad adeguamenti tariffari e allo spostamento in tabella C dei progetti ultimati.,,14
P255,Accessibilità alla nuova stazione AV di Belfiore,A,A06,False,135.0,0.0,0.0,0.0,0.0,0.0,135.0,0.0,0.0,,,14
0083,Infrastrutturazione area stazione Tiburtina e nodo di interscambio,A,A06,False,322.5,0.0,0.0,0.0,0.0,0.0,322.5,0.0,0.0,,,14
0258_A,Chiusura anello ferroviario di Roma,A,A06,False,1245.79,0.0,0.0,0.0,0.0,0.0,1245.79,0.0,0.0,,,14
0260,Raddoppio Lunghezza-Guidonia,A,A06,False,354.54,0.0,0.0,40.6,0.0,0.0,395.14,40.6,40.6,"Tratta Lunghezza - Bagni di Tivoli: variazione di costo ad esito della progettazione esecutiva, dovuto all'incremento dei costi per le barriere antirumori e per gli appalti di attrezzaggio tecnologici. Raddoppio della tratta Bagni di Tivoli - Guidonia: aggiornamento dei quadri economici ad esito della progettazione definitiva.",,14
0331,Raddoppio linea Roma-Viterbo: tratta Cesano-Bracciano,A,A06,False,713.12,0.0,0.0,0.0,0.0,0.0,713.12,0.0,0.0,,,14
0359,Raddoppio Campoleone-Aprilia,A,A06,False,98.29,0.0,0.0,0.0,0.0,0.0,98.29,0.0,0.0,,,14
1417,Potenziamento linee Castelli Romani,A,A06,False,30.6,0.0,0.0,0.0,0.0,0.0,30.6,0.0,0.0,,,14
1483,Nodo di interscambio di Pigneto,A,A06,False,201.77,0.0,0.0,28.11,0.0,0.49,230.36,28.6,28.11,Variazione del costo dovuta ad adeguamenti tariffari ed a maggiori costi  emersi in fase di gara per un rialzo presentato dall'aggiudicatario.,,14
P053,Upgrading infrastrutturale e tecnologico nodo di Roma,A,A06,False,1448.17,-141.95,0.0,0.0,0.0,1.54,1307.75,-140.41,0.0,Variazione di costo dovuta ad adeguamenti tariffari e allo spostamento in tabella C dei progetti ultimati.,,14
P260,Potenziamento Capannelle-Ciampino,A,A06,False,376.44,0.0,0.0,0.0,0.0,0.0,376.44,0.0,0.0,,,15
P134,Upgrading infrastrutturale e tecnologico nodo di Napoli,A,A06,False,539.25,0.0,0.0,-1.8,0.0,0.39,537.84,-1.41,-1.8,Variazione di costo dovuta ad adeguamenti tariffari. Riduzione del perimetro per spostamento fabbisogni legati ad upgrading tecnologico sul programma ERTMS,,15
0149,Sistemazione nodo di Bari,A,A06,False,159.61,0.0,0.0,0.0,0.0,0.0,159.61,0.0,0.0,,,15
P193,Upgrading infrastrutturale e tecnologico nodo di Bari,A,A06,False,121.5,0.0,0.0,0.0,0.0,0.0,121.5,0.0,0.0,,,15
P194,Upgrading infrastrutturale e tecnologico nodo di Reggio Calabria,A,A06,False,132.87,-129.47,7.0,0.0,0.0,0.08,10.48,-122.39,-4.3,"Variazione di costo dovuta ad adeguamenti tariffari, allo spostamento in tabella C dei progetti ultimati e ad una diversa attribuzione degli oggetti tra righe del contratto (aggiunto CUP J94H15000790001 dalla riga P111). Riduzione del perimetro per spostamento fabbisogni legati ad upgrading tecnologico sul programma ERTMS",,15
P197,Upgrading infrastrutturale e tecnologico nodo di Cagliari - per memoria,A,A06,False,0.01,0.0,0.0,-0.01,0.0,0.0,0.0,-0.01,-0.01,Variazione del costo a seguito della riduzione del perimetro  per l'upgrading tecnologico sul programma ERTMS,,15
0036,Nodo di Palermo,A,A06,False,1285.88,0.0,0.0,20.0,0.0,1.38,1307.26,21.38,20.0,Variazione delle stime di costo dovuta ad adeguamenti tariffari e ad ulteriori interventi urgenti di completamento.,,15
0115,Raddoppio Messina - Siracusa 1^ fase,A,A06,False,126.66,0.0,0.0,0.0,0.0,0.0,126.66,0.0,0.0,,,15
0336,Raddoppio Palermo-Messina tratta FiumetortoCastelbuono,A,A06,False,988.26,0.0,0.0,19.43,0.0,9.87,1017.57,29.3,19.43,Variazione delle stime di costo dovuta ad adeguamenti tariffari ed a maggiori costi sostenuti per la realizzazione della galleria di sfollamento Cefalù.,,15
P135,Upgrading infrastrutturale e tecnologico nodi di Palermo - Catania - Messina,A,A06,False,19.5,0.0,0.0,0.0,0.0,0.0,19.5,0.0,0.0,,,15
P235,Chiusura anello di Palermo tratta Politeama -,A,A06,False,141.8,0.0,0.0,0.0,0.0,0.0,141.8,0.0,0.0,,,15
0417,Porto di Taranto - collegamento ferroviario del complesso del porto di Taranto con la rete nazionale,A,A07,False,43.5,0.0,0.0,0.99,0.0,0.46,44.95,1.45,0.99,Variazione delle stime di costo dovuta ad adeguamenti tariffari,,17
I008,Porto di Trieste,A,A07,False,172.73,0.0,0.0,0.0,0.0,0.48,173.21,0.48,0.0,Variazione delle stime di costo dovuta ad adeguamenti tariffari,,17
P060,Infrastrutturazione porti e terminali,A,A07,False,1602.94,-15.79,1.0,0.0,0.0,0.0,1588.15,-14.79,4.46,Variazione di costo relativa ad una diversa attribuzione degli oggetti tra righe del contratto (aggiunto CUP J91B21000410009  da riga NA026)  e allo spostamento in tabella C dei progetti ultimati.,,17
P087B,Ammodernamento e potenziamento rete ferroviaria Regione Abruzzo - Collegamento al porto di Vasto,A,A07,False,25.0,0.0,0.0,221.5,0.0,0.0,246.5,221.5,221.5,Variazione di costo è dovuta all'aggiornamento del quadro economico ad esito della PFTE.,,17
P142,Porto di Ravenna,A,A07,False,137.9,0.0,0.0,0.0,0.0,0.0,137.9,0.0,0.0,,,17
P173,Nuovo terminale Milano smistamento (interventi RFI),A,A07,False,21.1,0.0,0.0,0.0,0.0,0.0,21.1,0.0,0.0,,,17
P174,Scalo merci Bari Lamasinata,A,A07,False,245.0,0.0,0.0,0.0,0.0,0.0,245.0,0.0,0.0,,,17
P175,Scalo Torino Orbassano,A,A07,False,72.25,0.0,0.0,0.0,0.0,0.0,72.25,0.0,0.0,,,17
P178,Nodo intermodale di Brindisi,A,A07,False,87.46,0.0,0.0,0.0,0.0,0.0,87.46,0.0,0.0,,,17
P220,"Potenziamento dei collegamenti tra il porto di Livorno, la rete ferroviaria e l'interporto Guasticce",A,A07,False,762.0,0.0,0.0,4.0,0.0,0.93,766.93,4.93,4.0,Variazione di costo dovuta ad adeguamenti tariffari ed a maggiori costi relativi ad opere in corso.,,17
P251,Collegamento porto di Augusta,A,A07,False,104.57,0.0,0.0,0.0,0.0,0.0,104.57,0.0,0.0,,,17
P252,Adeguamento e potenziamento impianto di Vado Ligure zona industriale,A,A07,False,96.27,0.0,0.0,0.0,0.0,0.0,96.27,0.0,0.0,,,17
P256,Potenziamento infrastrutturale scalo di Brescia,A,A07,False,82.19,0.0,0.0,0.0,0.0,0.0,82.19,0.0,0.0,,,17
P258,Linea Rosarno-S. Ferdinando: adeguamento PRG impianti di Rosarno e  San Ferdinando,A,A07,False,85.0,0.0,0.0,0.0,0.0,0.0,85.0,0.0,0.0,,,18
0268,Collegamento ferroviario aeroporto di Venezia,A,A08,False,644.0,0.0,0.0,0.0,0.0,0.0,644.0,0.0,0.0,,,19
0269,Collegamento ferroviario aeroporto di Verona,A,A08,False,90.4,0.0,0.0,0.0,0.0,0.0,90.4,0.0,0.0,,,19
I137,Collegamento ferroviario aeroporto di Bergamo,A,A08,False,209.46,0.0,0.0,8.24,0.0,0.0,217.71,8.24,8.24,Variazione di costo per l'adeguamento del valore delle opere ad esito della Progettazione Esecutiva.,,19
I138A,Potenziamento collegamenti ferroviari con aeroporto di Fiumicino - opere prioritarie,A,A08,False,1226.5,0.0,0.0,0.0,0.0,0.0,1226.5,0.0,0.0,,,19
P129,Collegamento ferroviario aeroporto di Genova,A,A08,False,98.6,0.0,0.0,2.33,0.0,0.17,101.1,2.5,2.33,"Variazione di costo dovuta ad adeguamenti tariffari. S i registre, inoltre, un incremento legato all'inserimento della progettazione della variante Fincantieri.",,19
P227,Collegamento ferroviario aeroporto di Brindisi,A,A08,False,153.0,0.0,0.0,8.0,0.0,0.0,161.0,8.0,8.0,Variazione di costo per l'adeguamento del valore delle opere ad esito della Progettazione Esecutiva.,,19
P249,Collegamento ferroviario aeroporto di Olbia,A,A08,False,278.04,0.0,-47.0,0.0,0.0,0.0,231.04,-47.0,0.0,Variazione di costo relativa ad una diversa attribuzione degli oggetti tra righe del contratto (spostato CUP J74J23000740001 nella riga P201),,19
P250,Intermodalità e accessibilità Trapani Birgi,A,A08,False,47.78,0.0,0.0,0.0,0.0,0.0,47.78,0.0,0.0,,,19
0241A,Cintura di Torino e connessione al collegamento TorinoLione opere prioritarie,A,A09,False,1700.15,0.0,0.0,1289.39,0.0,0.0,2989.54,1289.39,1289.39,Variazione del costo dovuta all'aggiornamento del quadro economico ad esito della Progettazione Definitiva della tratta Avigliana – Orbassano la cui stima originaria era stata valutata ad esito della Progettazione Preliminare sviluppata nel 2012.,,20
0241B,Cintura di Torino e connessione al collegamento TorinoLione completamento,A,A09,False,2692.85,0.0,0.0,0.0,0.0,0.0,2692.85,0.0,0.0,,,20
P215,Adeguamento linea storica Torino-Modane tratta Bussoleno-Avigliana,A,A09,False,241.59,0.0,0.0,8.11,0.0,0.0,249.7,8.11,8.11,"Variazione del costo relativo a maggiori costi emersi all'esito della Progettazione esecutiva relativa alla realizzazione del sistema ERTMS L2 e contestuale realizzazione dell’ACCM della tratta Bussoleno – Avigliana, a seguito di adeguamento della progettazione definitiva della viabilità stradale nell’ambito dell’iter autorizzativo per la realizzazione  degli interventi di soppressione dei PL e per l'adeguamento della Progettazione definitiva nell’ambito dell’iter autorizzativo per la realizzazione di due nuove SSE di Avigliana e Borgone.",,20
0223A,Nodo di Novara 1^ fase,A,A09,False,190.5,0.0,0.0,0.0,0.0,0.0,190.5,0.0,0.0,,,20
0223B,Nodo di Novara completamento,A,A09,False,392.53,0.0,0.0,0.0,0.0,0.0,392.53,0.0,0.0,,,20
0264A,Accesso al Sempione: raddoppio Vignale-Oleggio-Arona,A,A09,False,424.0,0.0,0.0,0.0,0.0,0.0,424.0,0.0,0.0,,,20
0277,Potenziamento Seregno-Bergamo,A,A09,False,1000.0,0.0,0.0,0.0,0.0,0.0,1000.0,0.0,0.0,,,20
0286A,Quadruplicamento Tortona-Voghera opere prioritarie,A,A09,False,103.67,0.0,0.0,0.0,0.0,0.07,103.74,0.07,0.0,Variazione delle stime di costo dovuta ad adeguamenti tariffari,,20
0286B,Quadruplicamento Tortona-Voghera,A,A09,False,900.0,0.0,0.0,0.0,0.0,0.0,900.0,0.0,0.0,,,20
0294,Potenziamento linea Gallarate-Rho,A,A09,False,969.68,0.0,0.0,54.0,0.0,0.0,1023.67,54.0,54.0,Variazione del costo ad esito della Progettazione Definitiva e per l'erogazione del contributo al Consorzio di Bonifica Est Ticino Villoresi per,,20
0335,Quadruplicamento Pavia-Milano Rogoredo,A,A09,False,963.66,0.0,0.0,23.8,0.0,0.0,987.46,23.8,23.8,Variazione del costo per incremento del valore delle opere ad esito della Progettazione Esecutiva.,,21
P131,Velocizzazione linea Torino-Genova,A,A09,False,175.0,0.0,0.0,31.7,0.0,0.53,207.23,32.23,31.7,"L’aumento di costo è relativo ad un affinamento delle stime degli interventi tecnologici a finire. Si segnala, inoltre, una variazione di costo dovuta ad adeguamenti tariffari.",,21
P133,Velocizzazione linea Milano-Genova,A,A09,False,244.41,0.0,0.0,0.0,0.0,0.0,244.41,0.0,0.0,,,21
P221,Adeguamento prestazionale e upgrading corridoio TENT Mare del Nord-Reno-Mediterraneo e linee afferenti,A,A09,False,2006.22,0.0,20.63,0.0,0.0,0.0,2026.85,20.63,0.0,Variazione del costo ad una diversa attribuzione degli oggetti tra righe del contratto (aggiunto CUP J37I05000020001 da riga P222),,21
P234,Nodo di Genova e Terzo valico dei Giovi,A,A09,False,10609.04,0.0,0.0,0.26,0.0,14.01,10623.31,14.27,0.26,Variazione delle stime di costo dovuta ad adeguamenti tariffari,,21
0077,Raddoppio Genova-Ventimiglia 1^ fase,A,A09,False,691.53,0.0,0.0,0.0,0.0,0.0,691.53,0.0,0.0,,,21
0289,Completamento raddoppio Genova-Ventimiglia: tratta Andora-Finale Ligure,A,A09,False,2416.6,0.0,0.0,159.4,0.0,0.0,2576.0,159.4,159.4,Variazione del costo dovuta all'aggiornamento del quadro economico alle nuove Tariffe.,,21
P222,Adeguamento prestazionale e upgrading corridoio TENT Mediterraneo e linee afferenti,A,A09,False,2774.79,-15.0,-20.63,0.0,0.0,2.24,2741.4,-33.39,0.0,"Variazione di costo dovuta ad adeguamenti tariffari, allo spostamento in tabella C dei progetti ultimati e ad una diversa attribuzione degli oggetti tra righe del contratto (spostato CUP J37I05000020001 alla riga P221)",,21
0292A,Accesso al Brennero lotto 1 - Fortezza-Ponte Gardena,A,A09,False,1521.6,0.0,0.0,0.0,0.0,1.02,1522.62,1.02,0.0,Variazione delle stime di costo dovuta ad adeguamenti tariffari,,21
0292B,Accesso al Brennero lotto 4 - Ingresso nel nodo di Verona,A,A09,False,1187.1,0.0,0.0,47.93,0.0,0.0,1235.03,47.93,47.93,"Aggiornamento dei quadri economici, ad esito delle prescrizioni dell'iter autorizzativo per il Lotto 4 - ingresso Verona",,21
0292C,Accesso al Brennero lotto 2- Circonvallazione di Bolzano,A,A09,False,851.6,0.0,0.0,718.4,0.0,0.0,1570.0,718.4,718.4,"Aggiornamento dei quadri economici, ad esito",,21
0337A,Accesso al Brennero lotto 3a - Circonvallazione di Trento,A,A09,False,1281.99,0.0,0.0,151.4,0.0,0.0,1433.39,151.4,151.4,La variazione di costo è imputabile alla circonvallazione di Trento ad esito della progettazione esecutiva per varianti in corso d'opera,,22
0337B,Accesso al Brennero lotto 3b - Circonvallazione di Rovereto,A,A09,False,363.95,0.0,0.0,2074.18,0.0,0.0,2438.13,2074.18,2074.18,Variazione del costo  dovuta alll'aggiornamento del valore delle opere relativo alla Circonvallazione di Rovereto ad esito dell’ultimazione del Documento di Fattibilità delle Alternative Progettuali.,,22
I085,Accesso al Brennero lotti di completamento (fasi),A,A09,False,2500.0,0.0,0.0,0.0,0.0,0.0,2500.0,0.0,0.0,,,22
0365A,Potenziamento Venezia-Trieste lotti prioritari,A,A09,False,219.16,0.0,0.0,28.0,0.0,3.52,250.68,31.52,28.0,"Variazione di costo relativo ad una variante emersa in fase di Progettazione esecutiva dell'appalto multidisciplinare. Inoltre, si segnala un incremento delle stime di costo dovuta ad adeguamenti tariffari.",,22
0365B,Potenziamento Venezia-Trieste completamento,A,A09,False,1580.9,0.0,0.0,0.0,0.0,0.0,1580.9,0.0,0.0,,,22
1604A,Upgrading infrastrutturale e tecnologico linea linea Trieste-Divaca,A,A09,False,70.11,0.0,0.0,0.0,0.0,0.84,70.95,0.84,0.0,Variazione delle stime di costo dovuta ad adeguamenti tariffari,,22
1940,Nodo di Udine,A,A09,False,340.0,0.0,0.0,0.0,0.0,0.48,340.48,0.48,0.0,Variazione delle stime di costo dovuta ad adeguamenti tariffari,,22
I131,Ripristino linea dei bivi di Venezia Mestre,A,A09,False,180.0,0.0,0.0,0.0,0.0,0.0,180.0,0.0,0.0,,,22
P223,Adeguamento prestazionale e upgrading corridoio TENT Baltico-Adriatico e linee afferenti,A,A09,False,3393.12,0.0,0.0,0.0,0.0,3.38,3396.5,3.38,0.0,Variazione delle stime di costo dovuta ad adeguamenti tariffari,,22
0276A,Completamento raddoppio asse ferroviario Pontremolese - 1^ fase,A,A09,False,486.4,0.0,0.0,21.6,0.0,0.0,508.0,21.6,21.6,"Aggiornamento dei quadri economici, ad esito delle prescrizioni dell'iter autorizzativo nella tratta Parma - Vicofertile",,22
0276B,Completamento raddoppio asse ferroviario Pontremolese - 2^ fase,A,A09,False,5312.0,0.0,0.0,0.0,0.0,0.0,5312.0,0.0,0.0,,,23
P224,Adeguamento prestazionale e upgrading corridoio TENT Scandinavia - Mediterraneo e linee afferenti,A,A09,False,4201.96,-20.62,0.0,0.0,0.0,4.19,4185.54,-16.43,0.0,Variazione di costo dovuta ad adeguamenti tariffari e allo spostamento in tabella C dei progetti ultimati.,,23
P261,Potenziamento linea Bologna-Prato,A,A09,False,565.34,0.0,0.0,0.0,0.0,0.0,565.34,0.0,0.0,,,23
0100,Raddoppio Bari-Taranto,A,A09,False,498.58,0.0,0.0,0.0,0.0,0.0,498.58,0.0,0.0,,,23
0142A,Raddoppio Pescara-Bari 1^ fase,A,A09,False,318.79,0.0,0.0,0.0,0.0,0.0,318.79,0.0,0.0,,,23
0142B,Completamento raddoppio Pescara-Bari (tratta TermoliLesina),A,A09,False,700.0,0.0,0.0,0.0,0.0,0.0,700.0,0.0,0.0,,,23
0297A,Nodo di Falconara 1^ fase,A,A09,False,174.0,0.0,0.0,0.0,0.0,0.82,174.82,0.82,0.0,Variazione delle stime di costo dovuta ad adeguamenti tariffari,,23
0297B,Nodo di Falconara completamento,A,A09,False,123.29,0.0,0.0,0.0,0.0,0.0,123.29,0.0,0.0,,,23
0311A,Potenziamento Metaponto-Sibari-Bivio S.Antonello opere prioritarie,A,A09,False,161.66,0.0,0.0,0.0,0.0,0.23,161.89,0.23,0.0,Variazione delle stime di costo dovuta ad adeguamenti tariffari,,23
0311B,Potenziamento Metaponto-Sibari-Bivio S.Antonello,A,A09,False,256.34,0.0,0.0,0.0,0.0,0.0,256.34,0.0,0.0,,,23
P245,Adeguamento e velocizzazione linea ferroviaria jonica - tratta Sibari-Melito Porto Salvo e trasversale Lamezia Terme - Catanzaro Lido,A,A09,False,1407.64,0.0,0.0,-81.76,0.0,0.09,1325.97,-81.67,-81.76,"Variazione del costo per l'aggiornamento del quadro economico ad esito del Progetto di fattibilità tecnico economica. Inoltre, si segnala una variazione di costo dovuta ad adeguamenti tariffari.",,23
P262A,Velocizzazione e potenziamento linea ferroviaria Adriatica 1^ fase,A,A09,False,6074.52,0.0,0.0,0.0,0.0,0.0,6074.52,0.0,0.0,,,23
P262B,Velocizzazione e potenziamento linea ferroviaria Adriatica 2^ fase,A,A09,False,4050.0,0.0,0.0,0.0,0.0,0.0,4050.0,0.0,0.0,,,23
0119,Potenziamento infrastrutturale Orte-Falconara,A,A09,False,373.34,0.0,0.0,13.0,0.0,1.31,387.65,14.31,13.0,"Variazione delle stime di costo dovuta ad adeguamenti tariffari. Inoltre, si registrano maggiori costi relativi ad appalto in corso (ad esempio conferimento terre a discarica e tecnologie).",,24
0226,Raddoppio Orte-Falconara: tratta Spoleto-Terni,A,A09,False,572.0,0.0,0.0,1046.04,0.0,0.0,1618.04,1046.04,1046.04,"Variazione del costo dovuta ad un maggior valore delle opere ad esito della progettazione  per la necessità di recepire sia le variazioni normative intervenute, sia l'adeguamento delle opere del tracciato in galleria e all'aperto a causa della presenza di una cava ancora in esercizio, sia la sostituzione dello scavo con TBM mediante tecnologia tradizionale.",,24
0296,Raddoppio Orte-Falconara: tratta Foligno-Fabriano,A,A09,False,1918.5,0.0,0.0,0.0,0.0,0.0,1918.5,0.0,0.0,,,24
0298,Nuovo collegamento PM228 - Castelplanio con by-pass di Albacina,A,A09,False,1434.0,0.0,0.0,246.25,0.0,0.0,1680.25,246.25,246.25,"Variazione del costo dovuta ad un maggior valore delle opere ad esito della progettazione, al recepimento degli adeguamenti alle normative di classificazione delle OO.CC richiesti dal CSLLPP nei lotti 2 e 3 nonché, al riconoscimento a favore dell'appaltatore di un premio di acceleramento sui tempi di esecuzione dei lavori.",13,24
0307A,Roma-Pescara - ulteriore fasi,A,A09,False,857.5,0.0,0.0,325.97,0.0,0.0,1183.47,325.97,325.97,"A seguito delle richieste emerse durante il Dibattito Pubblico e ritenute meritevoli di accoglimento, è emersa la necessità di una nuova progettazione del lotto 1 necessario per prevedere l’interramento del tratto di linea nel comune di San Giovanni Teatino (Loc. San Buceto) non previsto nella originaria soluzione progettuale. Tale progettazione ha prodotto maggiori costi da cui è scaturito un nuovo Quadro Economico comprensivo di adeguamento tariffario nell’ambito degli interventi di realizzazione delle opere del lotto 1, Pescara – S. Giovanni Teatino.",,24
I175,Raddoppio PM 228-Albacina,A,A09,False,149.05,0.0,0.0,0.0,0.0,0.0,149.05,0.0,0.0,,,24
P087A,Ammodernamento e potenziamento rete ferroviaria Regione Abruzzo - Bretella Sulmona,A,A09,False,12.0,0.0,0.0,0.0,0.0,0.71,12.71,0.71,0.0,Variazione delle stime di costo dovuta ad adeguamenti tariffari,,25
P239,Velocizzazione tratte Orte-Falconara,A,A09,False,36.0,0.0,0.0,0.0,0.0,0.0,36.0,0.0,0.0,,,25
P240A,Roma-Pescara fasi,A,A09,False,2290.6,0.0,0.0,33.7,0.0,0.0,2324.3,33.7,33.7,Variazione del costo ad esito della Progettazione.,,25
P240B,Roma-Pescara completamento,A,A09,False,5230.0,0.0,0.0,7523.0,0.0,0.0,12753.0,7523.0,7523.0,Variazione del costo ad esito del completamento dell'aggiornamento del DOCFAP.,,25
0099A,Itinerario Napoli-Bari: Raddoppio Bovino-Cervaro,A,A09,False,263.4,0.0,0.0,0.0,0.0,0.0,263.4,0.0,0.0,,,25
0099B,Itinerario Napoli-Bari: Raddoppio Orsara-Bovino,A,A09,False,577.43,0.0,0.0,0.0,0.0,1.84,579.26,1.84,0.0,Variazione delle stime di costo dovuta ad adeguamenti tariffari,,25
0099C,Itinerario Napoli-Bari: Opere di completamento raddoppio Vitulano-Apice,A,A09,False,19.95,0.0,0.0,0.0,0.0,0.0,19.95,0.0,0.0,,,25
0279A,Itinerario Napoli-Bari: Raddoppio e velocizzazione tratta Cancello-Frasso Telesino,A,A09,False,695.33,0.0,0.0,42.26,0.0,29.62,767.21,71.88,42.26,"Variazione del costo dovuta all'incremento costi per fornitura di materiali, varianti in corso d'opera per modifica impalcati, modifica opere provvisionali e miglioramenti terreni sottofondazioni. Inoltre, si segnala un incremento delle stime di costo dovuta ad adeguamenti tariffari.",,25
0279B,Itinerario Napoli-Bari: Raddoppio e velocizzazione tratta Frasso Telesino-Vitulano (Benevento),A,A09,False,1106.24,0.0,0.0,15.0,0.0,56.85,1178.09,71.85,15.0,"Variazione del costo dovuta all'incremento costi per fornitura di materiali, varianti in corso d'opera per modifica impalcati, modifica opere provvisionali e miglioramenti terreni sottofondazioni. Inoltre, si segnala un incremento delle stime di costo dovuta ad adeguamenti tariffari.",,25
0284,Itinerario Napoli-Bari: Interventi su linea Cancello-Napoli per integrazione con linea AV/AC,A,A09,False,966.76,0.0,0.0,48.89,0.0,28.71,1044.36,77.6,48.89,"Variazione del costo dovuta ad adeguamenti tariffari. Inoltre, si registrano maggiori costi per ulteriori spese sostenute per il trasporto delle terre e rocce da scavo a seguito di determina CCT e per la ridefinizione del premio di acceleramento  a seguito dell'incremento",,25
0136,Nuova Linea Ferrandina-Matera La Martella,A,A09,False,429.24,0.0,0.0,96.21,0.0,0.0,525.45,96.21,96.21,Variazione del costo per le maggiori lavorazioni scaturite ad esito della Progettazione Esecutiva per effetto di modifiche recepite rispetto alla Progettazione definitiva posta a base gara.,1,26
P126,Velocizzazione direttrice Salerno-Taranto,A,A09,False,90.0,0.0,0.0,38.0,0.0,0.26,128.26,38.26,38.0,"Variazione di costo dovuta ad adeguamenti tariffari.  Si registra, inoltre, un aumento del costo dei materiali e maggiori costi per interferenze esterne.",49,26
P238A,Battipaglia - Potenza ‐ Metaponto ‐ Taranto 1^ fase,A,A09,False,396.35,0.0,0.0,20.0,0.0,0.0,416.35,20.0,20.0,Variazione di costo per la risoluzione interferenze emerse durante le attività.,,26
P238B,Battipaglia - Potenza ‐ Metaponto ‐ Taranto completamento,A,A09,False,1320.06,0.0,0.0,0.0,0.0,0.0,1320.06,0.0,0.0,,,26
0013A,Nuova linea a monte del Vesuvio,A,A09,False,358.31,0.0,0.0,0.0,0.0,0.0,358.31,0.0,0.0,,,26
0013B,Fermata Vesuvio Est Linea a monte del Vesuvio,A,A09,False,60.9,0.0,0.0,0.0,0.0,0.0,60.9,0.0,0.0,,,26
0249,Linea Messina-Catania: raddoppio GiampilieriFiumefreddo,A,A09,False,2364.7,0.0,0.0,174.97,0.0,24.3,2563.96,199.26,174.97,"Variazione del costo per:  esigenze legate all'aggiornamento del Quadro Economico a valle dell'approvazione del progetto esecutivo; maggiori esigenze per l'acquisizione delle aree; adeguamento dei compensi CTA e CCT; intervenuta necessità di realizzare opere (pista provvisoria di cantiere. stabilizzazione versante di Taormina) non previste nella progettazione di gara inderogabili per l'attivazione all'esercizio ferroviario della Stazione ferroviaria di Taormi; attività di bonifica materiali con concentrazione di arsenico ritenuti rifiuti pericolosi provenienti dallo scavo  delle gallerie. Inoltre, si registra un incremento delle stime di costo dovuta ad adeguamenti tariffari.",,26
0263,Adeguamento tecnologico e infrastrutturale linea Battipaglia-Reggio Calabria,A,A09,False,230.0,0.0,0.0,0.0,0.0,0.0,230.0,0.0,0.0,,,26
0270,Sistemazione nodo di Catania,A,A09,False,1576.57,0.0,0.0,31.25,0.0,0.0,1607.82,31.25,31.25,"Variazione del costo a causa dell'incremento degli oneri della sicurezza a esito della verifica sulla documentazione presentata da parte dell'appaltatore, all'adeguamento degli imprevisti e dei compensi CTA e CCT.",,27
0275A,Nuovo collegamento Palermo-Catania 1^ macrofase,A,A09,False,8037.99,0.0,0.0,451.28,0.0,24.72,8513.99,476.0,451.28,"Variazione del costo a causa dell'incremento del valore delle opere ad esito della Progettazione Esecutiva consegnata dall'Appaltatore e all'adeguamento alle nuove tariffe del progetto definitivo dell'appalto tecnologico. Inoltre, si registra un incremento delle stime di costo dovuta ad adeguamenti tariffari.",,27
0275B,Nuovo collegamento Palermo-Catania 2^ macrofase,A,A09,False,566.87,0.0,0.0,0.0,0.0,0.0,566.87,0.0,0.0,,,27
A1008,Velocizzazione attraversamento dinamico Stretto di Messina,A,A09,False,245.0,-6.0,0.0,73.31,0.0,0.0,312.31,67.31,73.31,"La variazione di costo è dovuta all’acquisto/fornitura di una nuova nave. Considerando che dovrà essere dotata di innovativi sistemi tecnologici e – in accordo alle recenti normative europee – di sistemi atti ad abbattere le emissioni inquinanti, valutati gli incrementi degli ultimi anni sia per le materie prime e che per il costo dell’energia, è stato stimato l’importo da finanziare in analogia a navi similari di recente costruzione, e specificatamente è stata presa a riferimento una nave con le medesime caratteristiche (dimensioni e tipologia di propulsione) aggiudicata nel 2025 dalla Regione Sicilia. Variazione di costo relativa allo spostamento in tabella C dei progetti ultimati.",,27
I107A,AV-AC Salerno - Reggio Calabria,A,A09,False,17486.69,0.0,0.0,0.0,0.0,0.0,17486.68,0.0,0.0,,,27
I107B,AV-AC Salerno - Reggio Calabria completamento,A,A09,False,12865.0,0.0,0.0,0.0,0.0,0.0,12865.0,0.0,0.0,,,27
P073,Upgrading tecnologico e prestazionale Tirrenica sud 1^ fase,A,A09,False,80.0,0.0,0.0,0.0,0.0,0.0,80.0,0.0,0.0,,,27
P111,Variante di Cannitello – opere di mitigazione  - per memoria,A,A09,False,7.0,0.0,-7.0,0.0,0.0,0.0,0.0,-7.0,0.0,Variazione di costo relativa ad una diversa attribuzione degli oggetti tra righe del contratto (spostato CUP J94H15000790001 nella riga P194),,28
P140,Upgrading tecnologico e prestazionale Tirrenica sud 2^ fase,A,A09,False,100.0,0.0,0.0,0.0,0.0,0.0,100.0,0.0,0.0,,,28
P270,Opere di collegamento al Ponte sullo stretto di Messina - sponda calabra e siciliana,A,A09,False,1100.0,0.0,0.0,666.0,0.0,0.0,1766.0,666.0,666.0,Variazione del costo ad esito della Progettazione.,,28
0313A,Velocizzazione S. Gavino-Sassari-Olbia fasi prioritarie,A,A09,False,126.2,0.0,0.0,26.5,0.0,0.0,152.7,26.5,26.5,Variazione del costo per incremento del valore delle opere ad esito della Progettazione Esecutiva.,22,28
0313B,Velocizzazione S. Gavino-Sassari-Olbia completamento,A,A09,False,666.8,0.0,0.0,0.0,0.0,0.0,666.8,0.0,0.0,,22,28
1524,Interventi di ammodernamento e velocizzazione della tratta ferroviaria Oristano-Sassari-Olbia,A,A09,False,19.63,0.0,0.0,0.0,0.0,0.0,19.63,0.0,0.0,,,28
1670,Upgrading infrastrutturale e tecnologico rete sarda 1^ fase,A,A09,False,32.97,0.0,0.0,0.0,0.0,0.0,32.97,0.0,0.0,,,28
P083,Upgrading infrastrutturale e tecnologico rete sarda 2^ fase,A,A09,False,101.33,0.0,0.0,6.2,0.0,2.53,110.05,8.73,6.2,Variazione delle stime di costo dovuta alla soppressione dei passaggi a livello di Oristano al km 93+065 e km 93+539 e di Sassari al km 49+758 nonché  ad adeguamenti tariffari.,,28
P254A,Elettrificazione Cagliari-Oristano,A,A09,False,106.6,0.0,0.0,0.0,0.0,0.0,106.6,0.0,0.0,,,28
NA026,"Fondo Progettazioni, Collegio Consultivo Tecnico e salvaguardia interventi cofinanziati da UE e EE.LL.",A,A09,False,1929.86,0.0,-1.0,1240.97,0.0,0.0,3169.83,1239.97,1240.97,Variazione di costo relativa ad una diversa attribuzione degli oggetti tra righe del contratto (spostato CUP J91B21000410009  in riga P060) e stima fabbisogni per perdita risorse EE.LL. e comunitarie.,,28
0325,Linea AV/AC Milano-Verona: tratta Treviglio-Brescia,B,,False,2050.0,0.0,0.0,-60.0,0.0,0.0,1990.0,-60.0,-60.0,Aggiornamento del Quadro Economico per l'intervento attivato all'esercizio nel 2016 per cui risultano ancora in corso lavori residuali.,,29
0361,Linea AV/AC Milano - Verona: tratta Brescia - Verona,B,,False,3947.37,0.0,0.0,837.73,0.0,28.7,4813.8,866.43,837.73,Tratta Brescia - Verona:  variazione del costo dovuta ad adeguamenti tariffari ed al riconoscimento del premio di acceleramento a seguito di determina CCT. Quadruplicamento in uscita da Brescia Est: aggiornamento del Quadro Economico ad esito della progettazione definitiva. Nodo di Verona Ovest: aggiornamento del Quadro Economico ad esito della progettazione esecutiva,,29
0362A,Linea AV/AC Verona-Padova 1° lotto funzionale: Tratta Verona-bivio Vicenza,B,,False,3810.92,0.0,0.0,21.03,0.0,25.91,3857.86,46.94,21.03,Variazione delle stime di costo dovuta ad adeguamenti tariffari,,29
0362B,Linea AV/AC Verona-Padova 2° lotto funzionale: Attraversamento di Vicenza,B,,False,2179.84,0.0,0.0,0.0,0.0,0.0,2179.84,0.0,0.0,,,29
I135,Linea AV/AC Verona-Padova 3° lotto funzionale: Tratta Vicenza-Padova,B,,False,1500.0,0.0,0.0,1500.0,0.0,0.0,3000.0,1500.0,1500.0,Variazione del costo dovuta all'aggiornamento del quadro economico ad esito della Progettazione Definitiva.,,29
A004,Galleria di base del Brennero - quota Italia,B,,False,5267.84,0.0,0.0,-12.6,0.0,6.85,5262.09,-5.75,-12.6,"Variazione del costo dovuta alla riduzione della stima dell'adeguamento monetario, parzialmente compensata dall'aumento della quota rischi. Inoltre, si registra  un incremento di costo relativo ad adeguamenti tariffari.",,29
0281,Itinerario Napoli-Bari: raddoppio tratta Apice-Orsara,B,,False,2459.55,0.0,0.0,4.35,0.0,46.05,2509.95,50.4,4.35,"Variazione del costo dovuta ad adeguamenti tariffari. Inoltre, si registrano maggiori costi per ulteriori spese sostenute per il trasporto delle terre e rocce da scavo a seguito di determina CCT.",,29
